PMID,Title,Journal,Authors,PublicationDate,Volume,Issue,Pages,DOI,Abstract
42380039,Elevated BMI Is Not Associated With Adverse Outcomes in Open Airway Reconstruction.,The Laryngoscope,Dylan Bertoni; Elizabeth Shuman; Choo Phei Wee; Karla O'Dell,2026-Jun-30,,,,10.1002/lary.70721,
42380037,What is the Most Effective Treatment Approach for Vocal Fold Granuloma?,The Laryngoscope,Judith Williams; Muhammed F Shand; Karuna Dewan; Dinesh K Chhetri,2026-Jun-30,,,,10.1002/lary.70711,
42377988,Education Leadership in Accreditation Reform-Reply.,JAMA,David T Stern; Monica L Lypson; Frederic W Hafferty,2026-Jun-30,,,,10.1001/jama.2026.7003,
42377986,Complexity of Diagnosing Volume Overload.,JAMA,En-Hsien Su; Yu-Qun Chu; Tou-Yuan Tsai,2026-Jun-30,,,,10.1001/jama.2026.11041,
42377978,Incorrect Data in Rational Clinical Examination Article.,JAMA,,2026-Jun-30,,,,10.1001/jama.2026.9987,
42377975,Education Leadership in Accreditation Reform.,JAMA,Vijay K Rajput,2026-Jun-30,,,,10.1001/jama.2026.7000,
42377972,Complexity of Diagnosing Volume Overload-Reply.,JAMA,Benjamin Drum; Stacy A Johnson; Edmund A Liles,2026-Jun-30,,,,10.1001/jama.2026.11050,
42377969,Antiviral Therapies for Adults With Mild to Moderate COVID-19 Infection.,JAMA,Peggy B Leung; Andrew M Davis; Kristen M Marks,2026-Jun-30,,,,10.1001/jama.2026.6918,
42377968,Complexity of Diagnosing Volume Overload.,JAMA,Shogo Shirota; Taro Shimizu,2026-Jun-30,,,,10.1001/jama.2026.11038,
42377953,Complexity of Diagnosing Volume Overload.,JAMA,Anil N Makam; Gurpreet Dhaliwal; Oanh Kieu Nguyen,2026-Jun-30,,,,10.1001/jama.2026.11035,
42377949,Complexity of Diagnosing Volume Overload.,JAMA,Letizia Rosa Romano; Pierpaolo Pellicori; John G F Cleland,2026-Jun-30,,,,10.1001/jama.2026.11044,
42377948,Education Leadership in Accreditation Reform.,JAMA,Debra F Weinstein; George E Thibault,2026-Jun-30,,,,10.1001/jama.2026.7006,
42377946,Use of Social Media for Health Information Among US Adults.,JAMA,Aline F Pedroso; Lovedeep S Dhingra; Mariam Khan; Madeleine Carter; Arya Aminorroaya; Rohan Khera,2026-Jun-30,,,,10.1001/jama.2026.8682,
42377943,Complexity of Diagnosing Volume Overload.,JAMA,Uday Gulati; Lewis Ari Eisen,2026-Jun-30,,,,10.1001/jama.2026.11047,
42377059,Clinical Efficacy of Tezepelumab in Moderate-to-Severe Uncontrolled Chronic Rhinosinusitis with Nasal Polyps: A Systematic Review of Randomized Controlled Trials.,American journal of rhinology & allergy,Hamida Hasan El Malt; Sara Elaissaoui; Nicolas De Cesaro Schpchacki; Natália De Wallau; Rafael Dib Possiedi; Francielle De Souza Antonini; Anna Jose; Leder Leal Xavier,2026-Jun-30,,,19458924261463318,10.1177/19458924261463318,
42376910,ATP6V1B1-A Novel Genetic Association Between Pendred Imaging Phenotype and Renal Tubular Acidosis.,The Laryngoscope,Sandeep Govindan Prasad; Emma Clement; M H Lequin; Felice D'Arco,2026-Jun-30,,,,10.1002/lary.70716,
42374811,Effects of Ferrostatin-1 on Vocal Folds in Aging Rats.,The Laryngoscope,Yong-Il Cheon; Soo-Young Bang; Ji Min Kim; Ha-Nee Kwon; Minhyung Lee; Eui-Suk Sung; Jin-Choon Lee; Byung-Joo Lee; Sung-Chan Shin,2026-Jun-29,,,,10.1002/lary.70693,
42373553,What Is the Role of Uvulopalatopharyngoplasty in Contemporary Sleep Surgery?,The Laryngoscope,Thomas M Kaffenberger; Megan Durr; Ryan Soose; Patrick J Strollo; Jolie L Chang,2026-Jun-29,,,,10.1002/lary.70712,
42373367,Assessment of morbidity and mortality in emergency tracheotomy in head-and-neck cancer patients under palliative care.,"European annals of otorhinolaryngology, head and neck diseases",M Rey; S Adelou; N Pham Dang; J Biau; M Bernadach; M Puechmaille; N Saroul,2026-Jun-29,,,,10.1016/j.anorl.2026.06.003,
42371659,Specialized or General-Purpose-The Wrong Question for Mental Health AI Safety.,JAMA,Benjamin W Nelson; Mark Kalinich; John Torous,2026-Jun-29,,,,10.1001/jama.2026.11448,
42371655,Pricing for Oncology Biosimilars.,JAMA,Chelsee Jensen; Eric Tichy,2026-Jun-29,,,,10.1001/jama.2026.6815,
42371647,Familial Hypercholesterolemia.,JAMA,James H Stein; Matthew C Tattersall,2026-Jun-29,,,,10.1001/jama.2026.8822,
42371645,Reporting Error.,JAMA,,2026-Jun-29,,,,10.1001/jama.2026.9649,
42371640,Replacement Text for Funding/Support Section.,JAMA,,2026-Jun-29,,,,10.1001/jama.2026.11797,
42371639,Pricing for Oncology Biosimilars-Reply.,JAMA,James C Robinson,2026-Jun-29,,,,10.1001/jama.2026.6818,
42370730,Cancer Metastasis to the Sinonasal Cavity: Clinical Characteristics and Survival Analysis in 35 Patients.,American journal of rhinology & allergy,Marn Joon Park; Yeong Ju Lee; Ji Heui Kim; Yoo-Sam Chung; Myeong Sang Yu,2026-Jun-29,,,19458924261457745,10.1177/19458924261457745,
42370518,What Is the Most Effective Management of Congenital Cytomegalovirus-Related Hearing Loss?,The Laryngoscope,Soraya Abdul-Hadi; Daniel I Choo,2026-Jun-29,,,,10.1002/lary.70718,
42370493,Awake Blue Light vs. KTP Laser Treatment for Vocal Fold Lesions: A Randomized Controlled Trial.,The Laryngoscope,R Jun Lin; Peter Y F Zeng; Patrick MacInnis; Garret Horton; Jennifer Anderson,2026-Jun-29,,,,10.1002/lary.70694,
42365536,Post-Operative Infection in Rhinoplasty With Autologous Versus Cadaveric Costal Cartilage Grafting.,The Laryngoscope,Lillian W Dattilo; Leillani L Ha; Robin W Lindsay,2026-Jun-28,,,,10.1002/lary.70696,
42360770,US Food Swamps Have Increased as Food Deserts Remain Static.,JAMA,Samantha Anderer,2026-Jun-26,,,,10.1001/jama.2026.8319,
42360766,Earlier Egg Introduction Recommendations Linked to Fewer Infant Allergies.,JAMA,Samantha Anderer,2026-Jun-26,,,,10.1001/jama.2026.8315,
42360764,FDA Approves First New Active Sunscreen Ingredient in Decades.,JAMA,Samantha Anderer,2026-Jun-26,,,,10.1001/jama.2026.8318,
42360762,"HHS Says Psychiatric Medications Are Overprescribed, but Are They?",JAMA,Rita Rubin,2026-Jun-26,,,,10.1001/jama.2026.8946,
42360759,FDA Approves First Over-the-Counter Continuous Glucose Monitor for Children.,JAMA,Samantha Anderer,2026-Jun-26,,,,10.1001/jama.2026.8314,
42360757,Ebola May Be Associated With Lasting Neurological Complications.,JAMA,Samantha Anderer,2026-Jun-26,,,,10.1001/jama.2026.8316,
42360724,PCOS Is Now PMOS-Will a New Name Translate to Improved Clinical Care?,JAMA,Kate Schweitzer,2026-Jun-26,,,,10.1001/jama.2026.10402,
42360718,Accrediting Bodies to Increase Nutrition Education Requirements.,JAMA,Samantha Anderer,2026-Jun-26,,,,10.1001/jama.2026.8317,
42360083,Implementation and Outcomes of a Structured Epistaxis Protocol in Hereditary Hemorrhagic Telangiectasia: An Observational Cohort Study from a Multidisciplinary Clinic.,American journal of rhinology & allergy,Niridu Peiris; Raymond Hayler; Kathleen Le Marquand; Pak Leng Cheong; Lisa Worgan; Edmund Lau; Tsu-Hui Hubert Low,2026-Jun-26,,,19458924261459226,10.1177/19458924261459226,
42350255,Necrotizing toxic laryngitis following combined polysubstance smoking of crack cocaine and heroin.,"European annals of otorhinolaryngology, head and neck diseases",A D Asimakopoulos; N Dulguerov; L Ciucchi; A Avagnina,2026-Jun-25,,,,10.1016/j.anorl.2026.04.010,
42348398,"Whole-System Trust in Science, Medicine, and Public Health.",JAMA,Victor J Dzau; Laura DeStefano; Shaneah M Taylor,2026-Jun-25,,,,10.1001/jama.2026.12502,
42348251,International Trends in Head and Neck Cancer Mortality.,JAMA otolaryngology-- head & neck surgery,Tsukasa Higashionna; Tatsuaki Takeda; Mariko Fujii; Nanami Sako; Keith Belangoy; Quynh Thi Vu; Ko Harada; Yoshito Nishimura; Hideharu Hagiya; Hirofumi Hamano; Michio Yamamoto; Yoshito Zamami; Toshihiro Koyama,2026-Jun-25,,,,10.1001/jamaoto.2026.1593,
42348233,Dynamic Quality-of-Life Trajectories After Head and Neck Reconstruction.,JAMA otolaryngology-- head & neck surgery,Steven J Lo; You-Yan Chen; Fu-Chan Wei,2026-Jun-25,,,,10.1001/jamaoto.2026.1584,
42348217,Smell and Taste Disturbances Among Glucagon-Like Peptide-1 Receptor Agonist Users.,JAMA otolaryngology-- head & neck surgery,Jonathan Zontag; Nir Zontag,2026-Jun-25,,,,10.1001/jamaoto.2026.1498,
42348206,Weight Loss at a Cost-Sense and Sensibility.,JAMA otolaryngology-- head & neck surgery,Charles A Riley; Edward D McCoul,2026-Jun-25,,,,10.1001/jamaoto.2026.1704,
42348205,Cesarean Delivery.,JAMA,Joseph A Bellanti; Dongmei Li,2026-Jun-25,,,,10.1001/jama.2026.6779,
42348198,Amyotrophic Lateral Sclerosis.,JAMA,Kristin L Walter,2026-Jun-25,,,,10.1001/jama.2026.9755,
42348197,Learning to Listen.,JAMA,Sriprachodaya Gaddam,2026-Jun-25,,,,10.1001/jama.2026.9606,
42348191,Errors in Figures.,JAMA,,2026-Jun-25,,,,10.1001/jama.2026.12129,
42348188,Training Health Speakers.,JAMA,,2026-Jun-25,,,,10.1001/jama.2025.15986,
42348186,Cesarean Delivery-Reply.,JAMA,Marianna Alperin; Amanda Artsen,2026-Jun-25,,,,10.1001/jama.2026.6781,
42348184,Seymour Plan For Disease Prevention.,JAMA,,2026-Jun-25,,,,10.1001/jama.2026.8429,
42348173,Pregabalin Efficacy in Treatment of Chronic Neurogenic Cough.,The Laryngoscope,Jacqui Allen; Carmen Esna; Camille Prigent; Anna Miles,2026-Jun-25,,,,10.1002/lary.70710,
42345521,Large-Scale Three-Dimensional CT Mapping of the Frontal Sinus Drainage Pathway: Anatomical Relationships and Surgical Validation.,American journal of rhinology & allergy,Ngoc Hong Ngo; Luan Viet Tran,2026-Jun-25,,,19458924261458874,10.1177/19458924261458874,
42342527,French-language adaptation and linguistic validation of the ETDQ-7 Eustachian tube dysfunction assessment questionnaire following COSMIN guidelines.,"European annals of otorhinolaryngology, head and neck diseases",M Mhatli; D Ebode; R Haddad; J Michel; C Vandersteen; S Gargula,2026-Jun-24,,,,10.1016/j.anorl.2026.06.005,
42342526,Prognostic impact of invasion patterns and circumferential spread of internal carotid artery on survival in patients with nasopharyngeal carcinoma.,"European annals of otorhinolaryngology, head and neck diseases",C-F Lien; S-A Yeh; T-Z Hwang; F-Y Chiang; C-C Wang; B-H Cai; C-C Yang; C-C Chen; C-S Cheng; M-C Hsieh,2026-Jun-24,,,,10.1016/j.anorl.2026.04.008,
42342525,Palatine tonsil metastasis from small cell lung cancer.,"European annals of otorhinolaryngology, head and neck diseases",M Davila; N Barba; M E Guerrero; P P Villarroel,2026-Jun-24,,,,10.1016/j.anorl.2026.05.010,
42342524,Impact of great auricular nerve preservation status post parotidectomy on quality of life.,"European annals of otorhinolaryngology, head and neck diseases",M Shdaifat; N H Van Den Berg; P Sheahan,2026-Jun-24,,,,10.1016/j.anorl.2026.04.009,
42341392,Hypopharyngeal cancer in which endoscopic ultrasound was useful for determining the treatment strategy.,"Auris, nasus, larynx",Takuro Tomino; Keiichiro Nakajo; Yuki Harada; Toshifumi Tomioka; Kazuto Matsuura; Shingo Sakashita; Tomonori Yano,2026-Jun-24,53,4,608-611,10.1016/j.anl.2026.06.007,
42341000,Inflammatory Signatures Beyond Th1/Th2 Endotypes Provide Insights Into Postoperative Recurrence in Chronic Rhinosinusitis.,International forum of allergy & rhinology,Liyona Kampel; Narin N Carmel; Shaun Edalati; Hen Chaushu; Forsan Jahshan; Yaniv Hadi; Timur Pestrikov; Leonor Leider Trejo; Nidal Muhanna; Avraham Abergel,2026-Jun-24,,,,10.1002/alr.70210,
42340742,Correction to Primary Composite Outcome in a Trial of Transfusion Strategy.,JAMA,,2026-Jun-24,,,,10.1001/jama.2026.0015,
42340739,Insufficient Sleep Among US Adolescents.,JAMA,Peter J T White,2026-Jun-24,,,,10.1001/jama.2026.6653,
42340733,Self-Directed vs Clinician-Delivered Cognitive Behavioral Therapy for Chronic Pain: A Randomized Clinical Trial.,JAMA,Alicia A Heapy; Mary A Driscoll; Sara Edmond; Kathryn M LaChappelle; Eugenia Buta; Allison Halat; Sarah L Krein; Steve Martino; Lynn DeBar; Jennifer L Murphy; Kristin Mattocks; Brian C Coleman; Christopher Ruser; John D Piette; R Ross MacLean; Brett Ankawi; Dana Cervone; Todd H Wagner; Diana M Higgins,2026-Jun-24,,,1-13,10.1001/jama.2026.7861,
42340714,Primary Composite Outcome Corrected in a Trial of Transfusion Strategy in Myocardial Infarction and Anemia.,JAMA,Philippe Gabriel Steg,2026-Jun-24,,,,10.1001/jama.2026.10006,
42340703,Insufficient Sleep Among US Adolescents-Reply.,JAMA,Tanner J Bommersbach; Mark Olfson; Taeho Greg Rhee,2026-Jun-24,,,,10.1001/jama.2026.6656,
42340687,CMS' GLP-1 Bridge Demonstration-Questions and Potential Consequences.,JAMA,Rachel E Sachs; Kristi Martin,2026-Jun-24,,,,10.1001/jama.2026.11253,
42340686,End-of-Life and Hospice Care for People Who Are Incarcerated.,JAMA,Nicole Mushero; Alia Moore; Brie Williams,2026-Jun-24,,,,10.1001/jama.2026.6222,
42340088,Open Bedside Surgical Tracheostomy: A Retrospective Study of Outcomes and Advantages.,The Laryngoscope,Luca Giovanni Locatello; Simona Manfredi; Elisabetta Barzan; Luigi Vetrugno; Cesare Miani,2026-Jun-24,,,,10.1002/lary.70702,
42339571,A Novel Descriptive Framework for Petroclival and Temporal Bone Meningioma Surgical Outcomes.,The Laryngoscope,Kevin A Peng; Benjamin Heifetz,2026-Jun-24,,,,10.1002/lary.70706,
42338261,Development of the Sinus Headache Screener (SHS).,The Laryngoscope,David W Jang; Hui-Jie Lee; Ralph Abi Hachem; Bradley J Goldstein; David L Witsell; Frederick Godley; Timothy Collins; Theresa Coles,2026-Jun-23,,,,10.1002/lary.70644,
42338087,Characterizing the Scholarly Impact and Geographic Distribution of Rhinology Fellowship Graduates.,International forum of allergy & rhinology,Vivienne M Li; Jennifer S Lee; Michael C Oca; Nicholas R Rowan; Carol H Yan,2026-Jun-23,,,,10.1002/alr.70209,
42337848,Thyroid Cartilage Reconstruction With Titanium Mesh in Advanced Papillary Thyroid Carcinoma.,The Laryngoscope,Anna Christina Clements; Cassie Pan; Neel K Bhatt; Mara Roth; Brittany Barber; Emily Marchiano,2026-Jun-23,,,,10.1002/lary.70695,
42337841,"Staged ""Top-Up"" Injection Laryngoplasty for Large Glottic Gaps in Unilateral Vocal Fold Paralysis.",The Laryngoscope,Atif M Islam; Brandon J Dyer; Stephanie Watts; Megan Urbano; Yael E Bensoussan,2026-Jun-23,,,,10.1002/lary.70688,
42337838,The Auxiliary Diagnostic Value of Microsaccades in Vestibular Migraine.,The Laryngoscope,Jianhui Qiu; Mingwei Xu; Qin Zhang; Yang Liu; Qiong Wu; Yuan Yao; Tianyu Gong; Linrui Chen; Qianqian Zhang; Menyun Fan; Qing Zhang; Zhiyuan Zhang,2026-Jun-23,,,,10.1002/lary.70698,
42337831,Preliminary Transcriptomic Effects of Lateralized RLN Denervation in Rat Vocal Fold.,The Laryngoscope,Gary Gartling; Masayoshi Yoshimatsu; Renjie Bing; Ryan C Branski,2026-Jun-23,,,,10.1002/lary.70708,
42337829,Are CT-Based Commercial Dental Splints Useful in Pediatric Facial Trauma?,The Laryngoscope,Rebecca Paquin; J Fredrik Grimmer; Andrew R Scott,2026-Jun-23,,,,10.1002/lary.70705,
42335792,Tetanus mimicking post-radiotherapy dysphagia in a head and neck cancer survivor:A case report with institutional review.,"Auris, nasus, larynx",Hiroaki Iijima; Akihiro Sakai; Mayu Yamauchi; Tomoaki Murakami; Koji Ebisumoto; Takanobu Teramura; Kosuke Saito; Aritomo Yamazaki; Toshihide Inagi; Ai Yamamoto; Hiroshi Ashida; Yurina Sato; Kazufumi Obata; Koichiro Wasano; Kenji Okami,2026-Jun-23,53,4,602-607,10.1016/j.anl.2026.06.006,
42334397,Real world efficacy of dupilumab in switchers versus biological naive CRSwNP patients.,Rhinology,J Lammens; A Viskens; G Verstappen; S Halewyck; B Verhaeghe; C Cox; V Hox; W Lemmens; F Rogister; K Speleman; O M Vanderveken; P W Hellings,2026-Jun-23,,,,10.4193/Rhin26.041,
42334381,Therapeutic outcomes of biologic switching in chronic rhinosinusitis with nasal polyps: a systematic review and meta-analysis.,Rhinology,Hussain J Aljubran; Maria R Alabdulaal; Latifah A Aldhaif; Dalal M Motabagani; Ridha M Alhussain; Zainab S AlWusaybie; Faisal O Aldhafeeri; Ali Almomen,2026-Jun-23,,,,10.4193/Rhin25.623,
42334032,Endoscopic CO<sub>2</sub> Laser Diverticulectomy for Zenker's Diverticulum.,The Laryngoscope,Daniel C Schmidtman; Mason J Blue; Hawa M Ali; Dale C Ekbom,2026-Jun-23,,,,10.1002/lary.70692,
42333497,Association between chronic obstructive pulmonary disease and chronic rhinosinusitis: a longitudinal follow-up study using a national health insurance database.,Rhinology,Min Woo Park; Hahn Jin Jung; Hyo Geun Choi; Jee Hye Wee,2026-Jun-23,,,,10.4193/Rhin26.130,
42333495,Metropolitan air pollution and the upper and lower airway: chronic rhinosinusitis and asthma outpatient burden.,Rhinology,H H Yang; E Velasquez; P H Hwang,2026-Jun-23,,,,10.4193/Rhin26.072,
42332874,Mechanical Characterization of Slide Tracheoplasty Versus End-to-End Anastomosis in Ex Vivo Porcine Tracheas.,The Laryngoscope,Travis Peng; Pooja Swami; Todd Goldstein; Allison Neuwirth; Daniel A Grande; Lee P Smith; Patrick Scheffler,2026-Jun-22,,,,10.1002/lary.70673,
42332362,Sentio Bone-Conduction Implant: Early Outcomes in Patients With Conductive or Mixed Hearing Loss.,The Laryngoscope,Katarzyna Beata Cywka; Piotr Henryk Skarzynski; Monika Baczyk; Magda Balwicka-Kowalczyk; Henryk Skarzynski,2026-Jun-22,,,,10.1002/lary.70704,
42332340,Disease-Specific Improvements Predict Long-Term Global Quality of Life After Functional Rhinoplasty.,The Laryngoscope,Max Feng; Roy Qu; Aishwarya Suresh; Julianne Byun; Jennifer Fuller,2026-Jun-22,,,,10.1002/lary.70676,
42329647,National Trends in Patient Messaging-The Growing Electronic Inbox.,JAMA,Melanie Molina; Joseph S Ross,2026-Jun-22,,,,10.1001/jama.2026.8646,
42329631,Trends in Newborn Hepatitis B Virus Vaccination-Reply.,JAMA,Joshua M Rothman; Brian Kwan; Anupam B Jena,2026-Jun-22,,,,10.1001/jama.2026.6524,
42329630,Trends in Newborn Hepatitis B Virus Vaccination.,JAMA,Kevin Dysart; Alex B Ruan; Heather H Burris,2026-Jun-22,,,,10.1001/jama.2026.6521,
42329625,"Trends in Patient Portal Messages, Office Visits, and Telephone Encounters.",JAMA,Jane J Long; Mara A McAdams-DeMarco; Mark D Schwartz; Joshua Chodosh; Eric K Oermann; Dorry L Segev; Michal A Mankowski,2026-Jun-22,,,,10.1001/jama.2026.8690,
42329624,Stopping Alzheimer Disease: 50 Years of Progress.,JAMA,John K Hsiao,2026-Jun-22,,,,10.1001/jama.2026.10969,
42325100,Clinical and Sustainability Outcomes of Humanitarian Otolaryngology Programs: A Scoping Review.,The Laryngoscope,Jerome R Lechien; Antonino Maniaci; Johannes J Fagan,2026-Jun-22,,,,10.1002/lary.70703,
42325051,Does Gamma Knife Stereotactic Radiosurgery Preserve Hearing on Short- and Long-Term Follow-Up?,The Laryngoscope,Nahill H Matari; Mustufa Babar; Anil K Lalwani,2026-Jun-22,,,,10.1002/lary.70700,
42325050,Impact of Infraglottic Capture in Anterior Glottoplasty Pitch Elevation in an Ex Vivo Porcine Model.,The Laryngoscope,Nikhil Arora; Yue Ma; VyVy N Young; Sarah L Schneider; Clark A Rosen; Tyler W Crosby,2026-Jun-22,,,,10.1002/lary.70707,
42322315,In Response to Adjunctive Hyperbaric Oxygen Therapy or Intratympanic Steroids in Sudden Sensorineural Hearing Loss?,The Laryngoscope,Jennifer L Spiegel; Michael J De Biasio; Trung N Le,2026-Jun-20,,,,10.1002/lary.70669,
42322311,In Response to Meniere's Disease and Migraine: Effect of Migraine Medications on Symptoms of Meniere's Disease.,The Laryngoscope,Khushi Bhatt; Yueqi Ren; Charlotte Chan; Mehdi Abouzari,2026-Jun-20,,,,10.1002/lary.70701,
42322309,In Reference to Meniere's Disease and Migraine: Effect of Migraine Medications on Symptoms of Meniere's Disease.,The Laryngoscope,Fatima Tahir; Shayan Haider,2026-Jun-20,,,,10.1002/lary.70699,
42321070,"Lambeauclic.fr, creation and evaluation of an online choice aid for reconstruction techniques in facial skin surgery.","European annals of otorhinolaryngology, head and neck diseases",A Danic; C Dissaux; P Schultz; L Fath,2026-Jun-19,,,,10.1016/j.anorl.2026.04.006,
42318825,"Outcomes of Mandible Reconstruction Using Surgeon-Specific, Patient-Specific, and Conventional Plates.",The Laryngoscope,Nina Patel; Autefeh Sajjadi; Andrea Park; Rahul Seth; Chase Heaton; Mary Jue Xu; Katherine Wai; Ilya Likhterov; P Daniel Knott,2026-Jun-19,,,,10.1002/lary.70697,
42318621,Clinical Characteristics and Survival in Adenoid Cystic Carcinoma of Salivary and Nonsalivary Sites.,The Laryngoscope,Ray Y Wang; Kristina R Dahlstrom; Erich M Sturgis,2026-Jun-19,,,,10.1002/lary.70691,
42315372,Temporal bone analysis alone cannot prove that Neanderthals took care of the disabled.,"European annals of otorhinolaryngology, head and neck diseases",R Baudouin; R Levy; P Charlier,2026-Jun-18,,,,10.1016/j.anorl.2026.05.006,
42315354,Transoral Ultrasound in the Diagnostic Workup of Peritonsillar Abscess-A Randomized Clinical Trial.,The Laryngoscope,Tobias Todsen; Mads G Stage; Jacob Melchiors; Mathias Mejdahl; Amalie P Posselt; Anders R Madsen; Christoffer H Hahn; Christian Godballe; Sanne H Michaelsen,2026-Jun-18,,,,10.1002/lary.70679,
42313561,Postoperative Delirium May Predict Long-Term Cognitive Decline.,JAMA,Samantha Anderer,2026-Jun-18,,,,10.1001/jama.2026.8309,
42313557,FDA Advises Against Over-the-Counter Skin Lightening Products.,JAMA,Samantha Anderer,2026-Jun-18,,,,10.1001/jama.2026.8311,
42313556,"ACOG Releases Maternal Immunization Schedule, Breaking From CDC.",JAMA,Samantha Anderer,2026-Jun-18,,,,10.1001/jama.2026.8308,
42313555,"ACP, AMA Decry Executive Order to Change Childhood Vaccine Schedule.",JAMA,Samantha Anderer,2026-Jun-18,,,,10.1001/jama.2026.8313,
42313548,"In Obesity Treatment, Physical Activity's Benefits Go Beyond Weight Loss, Says AHA.",JAMA,Samantha Anderer,2026-Jun-18,,,,10.1001/jama.2026.11338,
42313535,"A New GLP-1 Pill for Diabetes, Semaglutide With Amylin, Data From China, and More From ADA 2026.",JAMA,Jennifer Abbasi,2026-Jun-18,,,,10.1001/jama.2026.7591,
42313532,About 1 in 5 US Youth Use AI Chatbots for Mental Health Advice.,JAMA,Samantha Anderer,2026-Jun-18,,,,10.1001/jama.2026.8310,
42313531,Ultraprocessed Foods Linked to Cardiometabolic Risks.,JAMA,Samantha Anderer,2026-Jun-18,,,,10.1001/jama.2026.8312,
42313426,Artificial Intelligence-Based Risk Prediction Models for Complications After Tongue Cancer Surgery.,JAMA otolaryngology-- head & neck surgery,Dany Y Matar; Anthony Y Matar; Anahita Nimbalkar; Charbel G Saad; John J Lee; William Huang; Thomas Ren; Samuel Knoedler; Iman Ghanad; Dennis P Orgill; Gabriel Hundeshagen; Adriana C Panayi,2026-Jun-18,,,,10.1001/jamaoto.2026.1453,
42313416,Machine Learning-Based Predictive Modeling for the Development of Chronic Rhinosinusitis Using Longitudinal Health Records.,International forum of allergy & rhinology,Justina Varghese; Sicong Chang; Akshay R Prabhakar; Jason F Zhang; Richard A Balbin; Sebastian Guadarrama-Sistos-Vazquez; Aatin Dhanda; Renjie Hu; Michael T Yim; Xin Fu; Masayoshi Takashima; Omar G Ahmed,2026-Jun-18,,,,10.1002/alr.70206,
42313411,Endoscopic Sinus Surgery for Recurrent Acute Rhinosinusitis: A Randomized Clinical Trial.,JAMA otolaryngology-- head & neck surgery,Heidi Kaski; Antti Alakärppä; Aleksi Laajala; Paulus Tokola; Tomi Penna; Ulla Lantto; Pasi Ohtonen; Olli-Pekka Alho,2026-Jun-18,,,,10.1001/jamaoto.2026.1537,
42313403,"Pembrolizumab Plus Quad-Shot Radiotherapy for Recurrent, Unresectable, or Metastatic Head and Neck Cancer: A Nonrandomized Clinical Trial.",JAMA otolaryngology-- head & neck surgery,Ryan T Hughes; Sydney Smith; Thomas W Lycan; Paul M Bunch; Ralph B D'Agostino; Bart A Frizzell; Rebecca D Kinney; Shafaq Rashid; Pierre Triozzi; Wei Zhang; Cristina M Furdui; Mercedes Porosnicu,2026-Jun-18,,,,10.1001/jamaoto.2026.1527,
42313392,Progressive Maxillary Hyperplasia With Generalized Cutaneous Lesions.,JAMA otolaryngology-- head & neck surgery,Guanru Wang; Jinfeng Liao; Chunjie Li,2026-Jun-18,,,,10.1001/jamaoto.2026.1476,
42309959,From operating room to radiotherapy planning: A technical innovation in sinonasal oncology.,"European annals of otorhinolaryngology, head and neck diseases",J Thariat; C Loiseau; V Patron; F Carsuzaa,2026-Jun-17,,,,10.1016/j.anorl.2026.05.005,
42308005,Endoscopic Pterygoid Process Resection Without Maxillary Sinus Breach in Total Maxillectomy.,The Laryngoscope,Carlo Conti; Guardmond Ajasllari; Leonardo Sentieri; Andrea Presta; Melania Bertolini; Bernardo Bianchi; Frank Rikki Mauritz Canevari,2026-Jun-17,,,,10.1002/lary.70685,
42307963,Beyond Binary-The Case for Amyloid Centiloid Quantification.,JAMA,Nathaniel A Chin; Claire M Erickson; Joshua D Grill; Gil D Rabinovici,2026-Jun-17,,,,10.1001/jama.2026.10733,
42307961,The Wizard of Oz in Medical AI.,JAMA,Yulin Hswen,2026-Jun-17,,,e266477,10.1001/jama.2026.6477,
42307958,Author AI Disclosure in JAMA Network Journal Submissions-Reply.,JAMA,Roy H Perlis; Annette Flanagin; Jacob Kendall-Taylor,2026-Jun-17,,,,10.1001/jama.2026.6518,
42307954,Author AI Disclosure in JAMA Network Journal Submissions.,JAMA,Arjun Mahajan,2026-Jun-17,,,,10.1001/jama.2026.6515,
42307940,Review of Type 1 Diabetes-Reply.,JAMA,Desmond A Schatz; Laura M Jacobsen,2026-Jun-17,,,,10.1001/jama.2026.6466,
42307939,Bispecific Antibody Ivonescimab Added to Chemotherapy in EGFR-Variant Non-Small Cell Lung Cancer: Research Summary.,JAMA,,2026-Jun-17,,,e267804,10.1001/jama.2026.7804,
42307938,"Farther, Faster, and More Often.",JAMA,John F Steiner,2026-Jun-17,,,,10.1001/jama.2026.8662,
42307937,Bispecific Antibody Ivonescimab Added to Chemotherapy in EGFR-Variant Non-Small Cell Lung Cancer: The HARMONi-A Randomized Clinical Trial.,JAMA,Wenfeng Fang; Yuanyuan Zhao; Yongzhong Luo; Runxiang Yang; Yan Huang; Zhiyong He; Hui Zhao; Mingjun Li; Kai Li; Qibin Song; Xiaobo Du; Yulan Sun; Wei Li; Longhua Sun; Zhiyu Wang; Kunning Yang; Yun Fan; Baogang Liu; Hongyun Zhao; Ying Hu; Li Jia; Shen Xu; Tienan Yi; Dongqing Lv; Haitao Lan; Mengxia Li; Wenhua Liang; Yongsheng Wang; Hui Yang; Yuming Jia; Yuan Chen; Junguo Lu; Meiqi Shi; Chunling Liu; Ming Zhou; Jianya Zhou; Xianling Liu; Ningning Zhou; Ming He; Xiaorong Dong; Hualin Chen; Yongxing Chen; Haichuan Su; Xiaoling Li; Zhihong Zhang; Lei Yang; Ying Liu; Likun Chen; Xue Hou; Yu Zhang; Jun Guo; Ruiqiang Ma; Hong Lu; Di Wu; Weineng Feng; Wen Li; Jianan Huang; Yan Wang; Xia Song; Jiewen Peng; Laiyu Liu; Yubiao Guo; Wenting Li; Mengying Xia; Dongmei Lu; Mingxiu Hu; Zhongmin Maxwell Wang; Baiyong Li; Michelle Y Xia; Li Zhang,2026-Jun-17,,,,10.1001/jama.2026.7745,
42307926,Review of Type 1 Diabetes.,JAMA,Gilberto Carlos Garcia Bernal; Andrés Alonso Núñez Soria; David Arturo Bernal González,2026-Jun-17,,,,10.1001/jama.2026.6457,
42307921,Vibriosis.,JAMA,Riley Jay; Michael Hughes; Kristina M Angelo,2026-Jun-17,,,,10.1001/jama.2026.9892,
42307920,Unpacking the Rise in Early-Onset Cancer: A Healthy Dialogue With Kimmie Ng and Ilana Richman.,JAMA,Derek C Angus; Matthew B O'Connor,2026-Jun-17,,,e269957,10.1001/jama.2026.9957,
42307919,Review of Type 1 Diabetes.,JAMA,Sara I Jones; Lillian B Boettcher; Jeffrey A Kuller,2026-Jun-17,,,,10.1001/jama.2026.6460,
42307915,Review of Type 1 Diabetes.,JAMA,Steven R Potter; Alissar El Chediak; Ronald F Parsons,2026-Jun-17,,,,10.1001/jama.2026.6463,
42307912,Nursing Home Closures and Access to Long-Term Care.,JAMA,Andrew R Olenski; Rachel M Werner,2026-Jun-17,,,,10.1001/jama.2026.8509,
42307574,Prone Positioning in Viral Bronchiolitis-Back to the Back?,JAMA,Joseph G Kohne; Susan R Conway; Steven L Shein,2026-Jun-17,,,,10.1001/jama.2026.11742,
42307573,Prone Positioning in Infants With Acute Bronchiolitis: Research Summary.,JAMA,,2026-Jun-17,,,e2611220,10.1001/jama.2026.11220,
42307570,Prone Positioning in Infants With Acute Bronchiolitis: The PROPOSITIS Randomized Clinical Trial.,JAMA,Florent Baudin; Robin Pouyau; Fabien Subtil; Clémence Jarrasse; Marie Tochon; Mickael Afanetti; Christophe Milési; Jean-Eudes Piloquet; Guillaume Mortamet; Megan Nallet Amate; Valérie Launay; Fleur Cour Andlauer; Sylvain Roche; Michael Levy; Jérome Rambaud; Aurélie Portefaix; Etienne Javouhey,2026-Jun-17,,,,10.1001/jama.2026.11078,
42300720,Comparative Restenosis and Revision Rates of Draf IIB Versus Draf III Frontal Sinusotomy in Chronic Rhinosinusitis: A Meta-Analysis Stratified by Endotype.,American journal of rhinology & allergy,Muhammad Sohaib Shahid; Naimal Naeem; Muhammad Danish Lone; Umer Adnan; Muhammad Mahad Khurram; Yuri Hirayama; Haissan Iftikhar,2026-Jun-16,,,19458924261456359,10.1177/19458924261456359,
42298976,Utility of Preoperative Cardiac Workup for Children With Very Severe Obstructive Sleep Apnea.,The Laryngoscope,Danny A Elias; Amber D Shaffer; Zachary Bennett; Rachel Whelan,2026-Jun-15,,,,10.1002/lary.70689,
42298667,Parallel Postauricular Incisions in Transmastoid CSF Leak Repair: Wound Outcomes.,The Laryngoscope,Derrick Obiri-Yeboah; John P Marinelli; Alex Pais; Madison V Epperson; Giorgos Michalopoulos; Michael K A Hagan; Danielle Dang; Jim R Dornhoffer; Colin Driscoll; Matthew L Carlson; Maria Peris Celda; Michael J Link; Brian Neff; Jamie J Van Gompel,2026-Jun-15,,,,10.1002/lary.70681,
42298364,Eustachian Tube Opening in Children With and Without Cleft Palate and Association With Otitis Media.,The Laryngoscope,Kawin Atipas; Kitirat Ungkanont; Archwin Tanphaichitr; Vannipa Vathanophas; Thanakrit Wannarong,2026-Jun-15,,,,10.1002/lary.70687,
42297641,Efficacy of myringoplasty before 6 years of age: A STROBE analysis.,"European annals of otorhinolaryngology, head and neck diseases",H Khidichian; F Simon; N Leboulanger; V Couloigner; F Denoyelle; N Loundon,2026-Jun-15,,,,10.1016/j.anorl.2026.05.003,
42295944,Low Back Pain: A Review.,JAMA,Aidan G Cashin; Roger Chou; Melissa B Weimer; James H McAuley,2026-Jun-15,,,,10.1001/jama.2026.9631,
42295803,Illicit Injectable Peptides and Regulatory Gaps.,JAMA,Timothy Piatkowski; Kyle T Ganson; Jason M Nagata,2026-Jun-15,,,,10.1001/jama.2026.10690,
42295794,A Book for Medical Device Patents-Reply.,JAMA,David A Simon; Michael K Paasche-Orlow; Hooman Noorchashm,2026-Jun-15,,,,10.1001/jama.2026.6382,
42295785,A Book for Medical Device Patents.,JAMA,Eric S Halsey,2026-Jun-15,,,,10.1001/jama.2026.6379,
42295779,Editorials.,JAMA,,2026-Jun-15,,,,10.1001/jama.2025.15978,
42295775,Changes in Specialty and Geography of Medicare's New Residency Positions.,JAMA,Tarun Ramesh; Thomas C Tsai; Hao Yu,2026-Jun-15,,,,10.1001/jama.2026.7929,
42295772,Lifestyle and Metformin Interventions and Risk of Multimorbidity in Adults With Prediabetes.,JAMA,Marcel E Salive; Ashley H Tjaden; Jesse R Ames; Jill P Crandall; Dana Dabelea; Helen P Hazuda; Brandy M Heckman-Stoddard; Peter J Huckfeldt; Shihchen Kuo; Elsa S Strotmeyer; Marinella Temprosa; Elizabeth M Venditti,2026-Jun-15,,,,10.1001/jama.2026.8492,
42295755,An AI-Based OCT System to Detect Diabetic Macular Edema: A Prospective Validation and Noninferiority Randomized Clinical Trial.,JAMA,Shuyi Zhang; Anran Ran; Jiaying Zhou; Anni Ling; Kaiser Sham; Yu Zhang; Ziqi Tang; Truong X Nguyen; Dawei Yang; Naiman Lam; Hunter K L Yuen; Victor T T Chan; Mary Ho; Julia Y Y Chan; Thomas C H Lam; Charlene C L Yim; Claire W Y Chow; Stephanie S L Cheung; Matthew C W Lam; Anthony C H Lai; Cherie Y K Wong; Amy H Y Yu; Vivian W K Hui; Andrew C Y Mak; Sophia Ling Li; Noel C Y Chan; Wilson W K Yip; Alvin L Young; Risa Ozaki; Kit-Man Loo; Andrea O Y Luk; Juliana C N Chan; Pangfai Chan; Matthew M H Luk; Loretta K P Lai; Daniel H T Wong; Jasmine Shiu; Xi Wang; Pheng-Ann Heng; Haotian Lin; Sobha Sivaprasad; Tien Yin Wong; Kenneth K W Li; Carmen K M Chan; Chi Pui Pang; Clement C Tham; Timothy Y Y Lai; Simon K H Szeto; Carol Y Cheung,2026-Jun-15,,,,10.1001/jama.2026.7025,
42295750,Addressing Multimorbidity Challenges in Diabetes-Lifestyle and Beyond.,JAMA,Hermes Florez; Caroline Foster; Gilberto Vizcaino,2026-Jun-15,,,,10.1001/jama.2026.10080,
42290630,Characterizing a Department's Transition to Intracapsular Tonsillectomy: A Mixed Methods Analysis.,The Laryngoscope,Erin Ling; Kelly Giroux; Ada C Sher; Graham Pingree; Jemma Maynard; Makanko Komara; Isaac Kistler; Aidan Vanek; Alexandra Gach; William Meyer; Tatum Adamson; Kolby Quillin; Nathan Demian; Claire Galavotti; Swapna Koppera; Patrick Walz; Kris Jatana; Jonathan Grischkan; Charles Elmaraghy; Prasanth Pattisapu; Tendy Chiang,2026-Jun-15,,,,10.1002/lary.70663,
42288940,Nationwide Real-World Prescribing Patterns of Biologics in Chronic Rhinosinusitis With Nasal Polyps and Asthma.,International forum of allergy & rhinology,Sun A Han; Dae Woo Kim; Seok-Won Park; Jin Youp Kim,2026-Jun-13,,,,10.1002/alr.70203,
42288468,Pediatric obstructive sleep apnea diagnosis using a smartphone home sleep video score.,"European annals of otorhinolaryngology, head and neck diseases",N Saroul; J E Petersen; C Lambert; J Massoubre; R Marianowski; M Puechmaille; M Mondain; L Gilain; T Mom; M Akkari,2026-Jun-13,,,,10.1016/j.anorl.2026.03.009,
42287099,Electrophysiological Monitoring of Multifurcated Recurrent Laryngeal Nerve With Motor Multibranches.,The Laryngoscope,Emin Gurleyik,2026-Jun-13,,,,10.1002/lary.70682,
42287066,Multifocal Laryngotracheal Rosai-Dorfman Disease: 48-Month Remission After Surgical Resection.,The Laryngoscope,Ruoqi Li; Sunshun Yan; Liyan Ni; Siwen Xia,2026-Jun-13,,,,10.1002/lary.70683,
42285778,Robotic-Assisted Electrode Insertion for Pediatric Cochlear Implantation: A Multicenter Study.,The Laryngoscope,Nathan R Lindquist; Laura C Holbert; Camille C Dunn; Kimberly Fiorentino; Bruce J Gantz; Shawnee Gastal; Brandon Isaacson; Shari Kwon; Joe W Kutz; Kenneth Lee; Kiyana Sagarang; Melissa Sweeney; Henri Traboulsi; Ronald J Vilela; Alexander D Claussen,2026-Jun-12,,,,10.1002/lary.70674,
42284998,Stepwise surgical management of severe dysphagia in multiple system atrophy.,"Auris, nasus, larynx",Yumiko Ogawa; Rumi Ueha; Takao Goto; Miguel Limbert Ramos; Sakutarou Koike; Ryota Ishizuka; Yuichiro Shirota; Kenji Kondo,2026-Jun-12,53,4,596-601,10.1016/j.anl.2026.06.005,
42284063,FDA Approves First Treatment for Chronic Hepatitis Delta Virus Infection.,JAMA,Samantha Anderer,2026-Jun-12,,,,10.1001/jama.2026.8292,
42284044,Soccer Heading Tied to Spikes in Biomarkers of Neural Damage.,JAMA,Samantha Anderer,2026-Jun-12,,,,10.1001/jama.2026.8296,
42284043,Some Common Food Additives Linked to Hypertension and CVD.,JAMA,Samantha Anderer,2026-Jun-12,,,,10.1001/jama.2026.8297,
42284036,Inside the Push for a Fentanyl Vaccine.,JAMA,Kate Schweitzer,2026-Jun-12,,,,10.1001/jama.2026.6392,
42284035,Surgeon General's Advisory Warns Against Children's Excessive Screen Use.,JAMA,Samantha Anderer,2026-Jun-12,,,,10.1001/jama.2026.8294,
42284025,First National Estimates of Type 2 Diabetes in Children Raise Alarm.,JAMA,Samantha Anderer,2026-Jun-12,,,,10.1001/jama.2026.8293,
42284024,Certain Dietary Patterns May Help Perimenopausal Women Manage Weight.,JAMA,Samantha Anderer,2026-Jun-12,,,,10.1001/jama.2026.8295,
42283228,Gastric Residual Volume Assessment in Critically Ill Children: The GASTRIC-PICU Randomized Clinical Trial.,JAMA,Lyvonne N Tume; Paul R Mouncey; Julia M Broomhall; Paloma Ferrando-Vivas; Marzena Orzol; Irene Chang; Carly Au; Katherine L Brown; Julie Camsooksai; Nigel J Hall; Jahara Khatun; Lamprini Lampro; Emma Laing; Lynne Latten; Luise V Marino; Julie Menzies; Millie Parke; Zia Sadique; Hannah Sedgwick; Luregn J Schlapbach; Frederic V Valla; Lewis Veale; Kerry Woolfall; David A Harrison; Mark J Peters,2026-Jun-12,,,,10.1001/jama.2026.10639,
42283222,Residual Myths in Feeding Critically Ill Children.,JAMA,Kaitlin Berris; Srinivas Murthy,2026-Jun-12,,,,10.1001/jama.2026.10505,
42283220,Gastric Residual Volume Assessment in Critically Ill Children: Research Summary.,JAMA,,2026-Jun-12,,,e2610806,10.1001/jama.2026.10806,
42283161,Association Between Prednisone and Delayed Facial Nerve Palsy After Acoustic Neuroma Resection.,The Laryngoscope,Shahid Iqbal; Saad Illahi; Oktay Genel; Krish Suresh; Marc S Schwartz; Rick A Friedman,2026-Jun-12,,,,10.1002/lary.70677,
42283152,Improving Measurement Efficiency of the Cough Severity Index With Item Response Theory.,The Laryngoscope,Elliana K DeVore; Thomas L Carroll; Christopher D Dwyer; Ayako Stanlie; Martha Lucía Gutiérrez Pérez; Sana Alkhatib; Clark A Rosen; Angela M Bellmunt; Jon Wee; Jennifer J Shin,2026-Jun-12,,,,10.1002/lary.70667,
42283142,Antigen Removal Approach to Murine Larynx Engineering Optimizes Extracellular Matrix Preservation.,The Laryngoscope,Emily G Hardy; Cheryl E Myers; Amanda M Richards; Sriya Yeleswarapu; Jessica Skinner; Leigh Griffiths; David G Lott,2026-Jun-12,,,,10.1002/lary.70678,
42283140,Rare But Risky: Clinical Impacts of Pneumothorax After Thyroidectomy and Parathyroidectomy.,The Laryngoscope,Jessan A Jishu; Alexandra LaForteza; Dara Bruce; Isabel Riccio; Mina Liao; Yaser Y Bashumeel; Emad Kandil; Mohamed A Shama,2026-Jun-12,,,,10.1002/lary.70646,
42283092,Complications and Clinical Outcomes Following Modified Endoscopic Denker's With Pyriform Aperture Preservation: A Prospective Analysis.,International forum of allergy & rhinology,Yasser Almansour; Lane Donaldson; Khaled Kashlan; Swapna Vemuri; Jun Jin; John R Craig,2026-Jun-12,,,,10.1002/alr.70200,
42277577,Economic Impact of a Deep Learning Algorithm for Automated Head and Neck Surgery Referral Triage.,The Laryngoscope,Stephanie Younan; Pearl Doan; Kevin Xin; Max L Jiam; Patrick K Ha; Katherine C Wai; Nicole T Jiam,2026-Jun-11,,,,10.1002/lary.70672,
42277574,Management of Auricular Hematoma With Bolster Versus Quilting: A Retrospective Cohort Study.,The Laryngoscope,Christie F Cheng; Andrew Neevel; Michael J Brenner; Shannon F Rudy,2026-Jun-11,,,,10.1002/lary.70680,
42275090,Correction to Mortality Data in Perspective.,JAMA,,2026-Jun-11,,,,10.1001/jama.2026.10667,
42275084,Error in Text.,JAMA,,2026-Jun-11,,,,10.1001/jama.2026.10878,
42275071,Further Methodological and Clinical Reflections.,JAMA otolaryngology-- head & neck surgery,Sium Wolde Sellasie; Arnoldo Piccardo; Pierpaolo Trimboli,2026-Jun-11,,,,10.1001/jamaoto.2026.1409,
42275058,The Leisure Corner: High Fidelity Recording.,JAMA,,2026-Jun-11,,,,10.1001/jama.2025.15970,
42275055,Where the Heron Flies.,JAMA,Samuel Cross,2026-Jun-11,,,,10.1001/jama.2026.8354,
42275054,Treatment of Brain Metastases With Stereotactic Radiation vs Hippocampal-Avoidance Whole Brain Radiation.,JAMA,Sai Kumar Samala; Sagar Raut,2026-Jun-11,,,,10.1001/jama.2026.6335,
42275053,A Pulsatile Peritonsillar Mass.,JAMA otolaryngology-- head & neck surgery,Jou-Erh Yang; Yu-Hsi Liu,2026-Jun-11,,,,10.1001/jamaoto.2026.1398,
42275052,Adults With Mild to Moderate Hearing Loss.,JAMA,Kristin L Walter,2026-Jun-11,,,,10.1001/jama.2026.6833,
42275050,An Unusual Tongue Mass.,JAMA otolaryngology-- head & neck surgery,Alyssa Y Li; Hagen Klieb; Christopher M K L Yao,2026-Jun-11,,,,10.1001/jamaoto.2026.1394,
42275049,Treatment of Brain Metastases With Stereotactic Radiation vs Hippocampal-Avoidance Whole Brain Radiation.,JAMA,Xiang-Yu Han,2026-Jun-11,,,,10.1001/jama.2026.6332,
42275042,When Patients Share Everything With an AI Chatbot: Risks and Opportunities of Large Language Models.,JAMA,Ifeoma Ajunwa; Ravi B Parikh; I Glenn Cohen,2026-Jun-11,,,,10.1001/jama.2026.9507,
42275041,Further Methodological and Clinical Reflections-Reply.,JAMA otolaryngology-- head & neck surgery,Eddy P Lincango; Julie A Sosa; Juan P Brito,2026-Jun-11,,,,10.1001/jamaoto.2026.1412,
42275034,Palate Repair Timing Under Age 15 Months and Early Speech Outcomes.,JAMA otolaryngology-- head & neck surgery,Katelyn Kotlarek; Kazlin Mason; Amy Davies; Yvonne Wren,2026-Jun-11,,,,10.1001/jamaoto.2026.1404,
42275025,Treatment of Brain Metastases With Stereotactic Radiation vs Hippocampal-Avoidance Whole Brain Radiation.,JAMA,Shenglong Li; Runze Jiang,2026-Jun-11,,,,10.1001/jama.2026.6338,
42275023,Treatment of Brain Metastases with Stereotactic Radiation vs Hippocampal-Avoidance Whole Brain Radiation-Reply.,JAMA,Ayal A Aizer; Kee-Young Shin; Shyam Tanguturi,2026-Jun-11,,,,10.1001/jama.2026.6341,
42273960,Sodium Bicarbonate for In-Hospital Cardiac Arrest: A Randomized Clinical Trial.,JAMA,Asger Granfeldt; Bertram Lahn Kirkegaard; Mikael Fink Vallentin; Mathias J Holmberg; Nikola Stankovic; Peter Carøe Lind; Anders Gade Kjærgaard; Nanna Houe; Matias Vested; Dan Lou Isbye; Camilla Meno Kristensen; Jesper Kjærgaard; Stine Thorhauge Zwisler; Søren Nygaard Lundsfryd; Louise Breum Petersen; Fredrik Folke; Carolina Malta Hansen; Kasper Karmark Iversen; Morten Schou; Sebastian Wiberg; Signe Juul Riddersholm; Bodil Steen Rasmussen; Kristine Karlsson; Ronni R Plovsing; Christian Svendsen Juhl; Mette Krag; Christian Dalby Sørensen; Peter Kuhne-Qvist; Jakob Oxlund; Christoffer Grant Sølling; Jacob Robsahm Hansen; Lars Peter Kloster Andersen; Jimmi Malmberg Scheel Jensen; Theis Skovsgaard Itenov; Marlene Lauritzen; Malthe Jessen Pedersen; Rasmus Philip Nielsen; Hans Fjeldsøe-Nielsen; Naqibullah Mirzada; Niels Secher; Ulrick Skipper Espelund; Jennifer Rosenkjær Eskol; Kasper Andersen; Anne Craveiro Brøchner; Helene Korvenius Nedergaard; Peter Martin Hansen; Wiebke Henschel; Akil Raad Walli; Michael Sandgaard; Camilla Lundegaard Asferg; Andrei Ciubotariu; Maria Holm Rosenberg Rasmussen; Victor Le Breton; Lykke Kjærgaard Nielsen; Frederik Gautier Hansen; Niklas Brændstrup; Ida Katrine Thomsen; Birthe Sindberg; Lars Wiuff Andersen,2026-Jun-11,,,,10.1001/jama.2026.10628,
42273956,Will the Bicarbonate for In-Hospital Cardiac Arrest Trial Change Practice?,JAMA,Clifton W Callaway,2026-Jun-11,,,,10.1001/jama.2026.10508,
42273954,Sodium Bicarbonate for In-Hospital Cardiac Arrest: Research Summary.,JAMA,,2026-Jun-11,,,e2611077,10.1001/jama.2026.11077,
42273910,Hearing Preservation Rates After Cochlear Implantation Using Soft Surgery Techniques.,The Laryngoscope,Tina C Huang; Scott Lunos,2026-Jun-11,,,,10.1002/lary.70664,
42273774,Adjuvant Radiotherapy Does Not Improve Overall Survival After Negative Margin Resection of Sinonasal Epithelial-Myoepithelial Carcinoma.,American journal of rhinology & allergy,Medha Venigalla; Vanshika Narala; Sharanya Thodupunoori; Samuel Auger; Christopher Roxbury,2026-Jun-11,,,19458924261456834,10.1177/19458924261456834,
42273764,The Effect of Chitosan-Based Dressings on Postoperative Outcomes in Patients Undergoing Endoscopic Sinus Surgery: A Systematic Review and Meta-Analysis.,American journal of rhinology & allergy,Ahmed K Almukhlifi; Abdullah O Almutairi; Lara S Alansari; Osama B Alharbi; Reema A Almutairi; Ahmed H Alkhaldi; Sarah K Alkhorayef; Nayef S Alkhazi,2026-Jun-11,,,19458924261457275,10.1177/19458924261457275,
42273763,Long-Term Outcomes of Hybrid Endoscopic Dacryocystorhinostomy With Canaliculotomy and Intubation for Severe Common Canalicular Obstruction: A Retrospective Study.,American journal of rhinology & allergy,Yuanyuan Zhou; Zongshan Fan; Yingjie Ma; Wencan Wu; Guangming Zhou; Bo Yu,2026-Jun-11,,,19458924261458877,10.1177/19458924261458877,
42273761,Murine Eosinophilic and Neutrophilic Chronic Rhinosinusitis Models Reveal Phenotype-Specific Steroid Responses.,American journal of rhinology & allergy,Miran Kang; Dachan Kim; Juhee Seo; Yosep Kim; Subin Kim; Min-Seok Rha; Chang-Hoon Kim; Hyung-Ju Cho,2026-Jun-11,,,19458924261456360,10.1177/19458924261456360,
42273759,Human Neutrophil Elastase Induces Epithelial-Mesenchymal Transition via Autophagy in Chronic Rhinosinusitis with Nasal Polyps.,American journal of rhinology & allergy,Nongping Zhong; Yelong Bai; Wenxuan Zhu; Jing Ye; Qing Luo,2026-Jun-11,,,19458924261456361,10.1177/19458924261456361,
42272149,Women Pioneers in Laryngology: The First Female Fellows of the American Laryngological Association.,The Laryngoscope,Carolyn J Khoury; Katherine Tai; Amelia F Drake; Ellen M Friedman; C Gaelyn Garrett; Gayle Woodson; Maxine Cunningham; Anaïs Rameau,2026-Jun-10,,,,10.1002/lary.70675,
42268637,Slow Life Support for Imminently Dying Patients.,JAMA,Hanna Vollbrecht; Theodore J Iwashyna; William F Parker,2026-Jun-10,,,,10.1001/jama.2026.8659,
42268632,Female Clinical Resilience Despite Pathologic Risk in Alzheimer Disease.,JAMA,Kaitlin B Casaletto; Dena B Dubal,2026-Jun-10,,,,10.1001/jama.2026.9351,
42268629,Exocrine Pancreatic Insufficiency.,JAMA,Mitchell L Ramsey; Christopher E Forsmark,2026-Jun-10,,,,10.1001/jama.2026.5759,
42268627,"HIV, Pregnancy, and Infant Feeding-Reply.",JAMA,William R Short; Anandi N Sheth; Andrea Ciaranello,2026-Jun-10,,,,10.1001/jama.2026.6036,
42268622,"HIV, Pregnancy, and Infant Feeding.",JAMA,Xiao Yu; Yidan Zhang; Anquan Shang,2026-Jun-10,,,,10.1001/jama.2026.6033,
42268616,Integrated Telehealth Rehabilitation and Quality of Life in Mechanically Ventilated Adults: Research Summary.,JAMA,,2026-Jun-10,,,e2610706,10.1001/jama.2026.10706,
42268591,Integrated Telehealth Rehabilitation and Quality of Life in Mechanically Ventilated Adults: A Randomized Clinical Trial.,JAMA,Regis Goulart Rosa; Rafael Barberena Moraes; Geraldine Trott; Maura Cristina Dos Santos; Aline Paula Miozzo; Alessandra Andrade; Jennifer Menna Barreto de Souza; Juliana Wanderley; Duane Mocellin; Thais Martins de Almeida; Rosa da Rosa Minho Dos Santos; Luciana Diniz Nagem Janot De Matos; Raíne Fogliati De Carli; Raquel Afonso Caserta; Emelyn de Souza Roldão; Milene Silva Ferreira; Sheila Esteves Farias; Mauro Shosuka Asato; Guilherme Augusto Pivoto João; Guacyra Margarita Batista De Almeida; Claudio Dornas De Oliveira; Robson Oliveira Costa Júnior; Marcia Dalvino De Alencar Silva; Maria Janailda Araujo Furtado; Danielle Furtado De Oliveira; Márcia Maria De Lima Abreu; Ladyanne Kessin Flores; José Mário Meira Teles; Sandra Nívea Dos Reis Saraiva Falcão; Tainara Fagundes Fernandes; Vitor Camboim Nobre; Álex Mendes Crisostomo; Eduardo Vestena Rossato; Larissa Mendes da Silva Macedo; Maurício Mascarenhas Boaventura; Francisco Pirauá Alves Gonçalves; Cassiano Teixeira; Leonardo Jose Rolim Ferraz; Yasmin Ferreira Cavaliere; Fernando G Zampieri; Adriano José Pereira,2026-Jun-10,,,,10.1001/jama.2026.10617,
42267884,High-Dose Intravenous Vitamin C and Mortality and Organ Dysfunction in Severe Burn Injury: Research Summary.,JAMA,,2026-Jun-10,,,e2610728,10.1001/jama.2026.10728,
42267877,High-Dose Vitamin C in Burns: Time to Stop.,JAMA,David G Greenhalgh,2026-Jun-10,,,,10.1001/jama.2026.10573,
42267875,High-Dose Intravenous Vitamin C and Mortality and Organ Dysfunction in Severe Burn Injury: The VICTORY Randomized Clinical Trial.,JAMA,Christian Stoppe; Aileen Hill; Leopoldo C Cancio; Andrew G Day; Kaitlin A Pruskowski; Alexis F Turgeon; Tam Pham; Sylvain Bélisle; Mario Aurelio Martínez-Jiménez; Ulrich Limper; Jochen Gille; Jon Wisler; Alisa Savetamal; Jonathan Pollack; Daisy Grau Domínguez; Serge Jennes; Jeffrey W Shupp; Marc G Jeschke; Kirsten Colpaert; Gabriel Hundeshagen; Justus P Beier; Pornprom Muangman; Ann Echeverri McCandless; Patrick Meybohm; Tilman Grune; Ellen Dresen; Daniela Weber; Carina Güttler; Charles Chin Han Lew; Xuran Jiang; Shawna Froese; Maureen Dansereau; Zheng-Yii Lee; Daren K Heyland,2026-Jun-10,,,,10.1001/jama.2026.10616,
42267460,Rotational Chair vs. Manual Maneuvers for Non-Complex BPPV: A Prospective Randomized Study.,The Laryngoscope,Marta Chaure-Cordero; Eduardo Martin-Sanz,2026-Jun-10,,,,10.1002/lary.70656,
42267438,Idiopathic Subglottic Stenosis in Pregnancy: A Case-Control Study of Management and Maternal Safety.,The Laryngoscope,Niloufar Saeedi; Diana C Lopez-Fay; Samuel L Collins; Kevin M Motz; Ronit E Malka; Yee Chan-Li; Lee M Akst; Simon R Best; Jessica L Bienstock; Alexander T Hillel,2026-Jun-10,,,,10.1002/lary.70660,
42265819,Autologous Mastoid Cortex Bone Graft for Multilayer Repair of Lateral Skull Base Defects.,The Laryngoscope,Christopher Z Wen; Daniel C Fong; Vera Bzhilyanskaya; Adam C Kaufman; Ronna Hertzano; David J Eisenman,2026-Jun-09,,,,10.1002/lary.70662,
42265571,Office-Based Blue Laser Therapy and Steroid Injection of Hemorrhagic and Nonhemorrhagic Vocal Fold Polyp.,The Laryngoscope,Abdul-Latif Hamdan; Patrick Abou Raji Feghali; Lana Ghzayel; Ghena Lababidi; Valerie Sarkis; Jad Hosri; Elie Alam; Marc Mourad,2026-Jun-09,,,,10.1002/lary.70671,
42263404,Diagnostic value of black spots and granular changes in pretreatment endoscopic evaluation of chronic epipharyngitis.,"Auris, nasus, larynx",Manabu Mogitate; Yusei Yamaguchi; Momoki Fujikawa; Akira Fukuo; Yuko Sasaki; Noriko Nishiwaki; Yoshihiro Ohno; Hirobumi Ito; Yoshiyuki Watanabe; Kota Wada,2026-Jun-09,53,4,589-595,10.1016/j.anl.2026.05.011,
42263403,A nationwide multicenter cohort study of airway management and outcomes in patients with fire-related inhalation injury.,"Auris, nasus, larynx",Yutomo Seino; Taku Yamashita; Yuichiro Horibe; Tsutomu Ueda; Shinsuke Tanizaki; Shuichiro Kurita; Ken Akashi; Taiji Kawasaki; Kenzo Ohara; Tomohiro Hasegawa; Yo Kishimoto,2026-Jun-09,53,4,583-588,10.1016/j.anl.2026.05.010,
42262699,Evaluating the Potential Infectious Risk Profile of Biologics in Chronic Rhinosinusitis With Nasal Polyposis.,International forum of allergy & rhinology,Maxime Fieux; Philippe Gevaert; Leigh J Sowerby,2026-Jun-09,,,,10.1002/alr.70201,
42262654,Translation and Cross-Cultural Adaptation of the Chronic Rhinosinusitis Control Test for Global Use.,International forum of allergy & rhinology,Hye K Pae; Detong Xia; Hanzhong Sun; Yudi Chen; Kwangoh Yi; Minjeong Song; Eriko Sato; Ali R Abasi; Jody Ballah; Anna Babarczy; Raymond Bertram; Agnieszka Biernacka; Mable Chan; Teresa Civera; Irina Dubinina; Doğu Erdener; María Isabel Maldonado García; Ali Garib; Tuomo Häikiö; Fuk-Chuen Ho; Li-Yu Hung; R Malatesha Joshi; Oksana Kanerva; Kiranpreet Kaur Baath; Björn Köhnlein; Dalibor Kučera; Paula Luegi; Yustinus Calvin Gai Mali; Sivan Medina; Stefan Milosavljević; Amna Mirza; Mohamed Y Mwamzandi; Fatemeh Nami; Anabella-Gloria Niculescu-Gorpin; Portia Padilla; Georgia Panayiotou; Manuel Perea; Luciano Perondi; Hiển Phạm; Rasmus Puggaard-Rode; Anurag Rimzhim; Sreeparna Sarkar; David L Share; Gláucia V Silva; Antônio R M Simões; Charlotte Stormbom; Titima Suthiwan; Katsuo Tamaoka; Mila Tasseva-Kurktchieva; Paweł Urbanik; An Van; Katie M Phillips; Ahmad R Sedaghat,2026-Jun-09,,,,10.1002/alr.70194,
42260631,Validity and Responsiveness of Chronic Rhinosinusitis Control Test Subdomains.,The Laryngoscope,Ahmad R Sedaghat; Katie M Phillips,2026-Jun-08,,,,10.1002/lary.70668,
42260323,Presbylarynx and Laryngeal Asymmetry as Predictors of Dysphonia in Patients 65 and Over.,The Laryngoscope,Brianna K Crawley; Ivan Vegar; Salem Dehom; Alden Smith; Priya D Krishna,2026-Jun-08,,,,10.1002/lary.70639,
42259066,Which surgical procedure is more effective for obstructive sleep apnea-CWICKs or barbed reposition pharyngoplasty (BRP)?,"Auris, nasus, larynx",Tomohiko Yamauchi; Takeshi Igarashi; Ayano Ono; Kouta Matsuyama; Shiho Arai; Takeharu Kanazawa; Itsuo Nakajima,2026-Jun-08,53,4,579-582,10.1016/j.anl.2026.06.002,
42259065,Management of conductive and mixed hearing loss intolerant to air-conduction hearing aids: A stepwise algorithm and narrative review from a Japanese perspective.,"Auris, nasus, larynx",Masaomi Motegi; Kazuaki Chikamatsu,2026-Jun-08,53,4,567-578,10.1016/j.anl.2026.05.001,
42259064,Fact-finding survey of hearing loss among community-dwelling older adults: Intergroup comparison of participants who attended lectures related and unrelated to hearing loss.,"Auris, nasus, larynx",Masakazu Hamamoto; Akiko Sugaya; Yuko Kataoka; Naoaki Fujita; Hirotaka Hara; Shin Kariya,2026-Jun-08,53,4,562-566,10.1016/j.anl.2026.05.006,
42259063,Incidence of Frey's syndrome after submandibular gland excision: Minor's test-based evaluation.,"Auris, nasus, larynx",Yeon Seok You; Yong Tae Hong,2026-Jun-08,53,4,558-561,10.1016/j.anl.2026.05.005,
42259062,Therapeutic strategies for benign paroxysmal positional vertigo of the Japan Society for Equilibrium Research.,"Auris, nasus, larynx",Takao Imai; Makoto Hashimoto; Yukio Watanabe; Kohichiro Shigeno; Tadashi Nakamura; Koji Takahashi; Masatsugu Asai; Masahiko Yamamoto; Yasuhiko Takei; Takuo Ikeda; Go Sato; Noriaki Takeda; Hideo Shojaku,2026-Jun-08,53,4,554-557,10.1016/j.anl.2026.05.002,
42259061,A novel detection method for pharyngeal nasogastric tube crossing to prevent nasogastric tube syndrome.,"Auris, nasus, larynx",Masashi Hisanaga; Junki Ono; Sumie Takashima; Hideaki Nishi; Yoshihiko Kumai,2026-Jun-08,53,4,531-536,10.1016/j.anl.2026.05.014,
42258347,Survivors of Cyanotic Congenital Heart Disease: A Review.,JAMA,Gabriele Egidy Assenza; Edward O'Leary; Margarita Brida; Michael Kwon; Michael Job Landzberg,2026-Jun-08,,,,10.1001/jama.2026.8806,
42258227,ESGO Statements on Opportunistic Salpingectomy for Prevention of Tubo-Ovarian Carcinoma.,JAMA,Jeremy Meyer; Intidhar Labidi-Galy; Marc Ryser,2026-Jun-08,,,,10.1001/jama.2026.5828,
42258223,ESGO Statements on Opportunistic Salpingectomy for Prevention of Tubo-Ovarian Carcinoma-Reply.,JAMA,Laura Burney Ellis; Maria Kyrgiou; Jurgen Piek,2026-Jun-08,,,,10.1001/jama.2026.5834,
42258205,Resurgence of Tetanus-Reasons Why the Vaccine Remains Instrumental.,JAMA,Kathryn M Edwards; Mobeen H Rathore,2026-Jun-08,,,,10.1001/jama.2026.9347,
42258198,"Trends in National Institutes of Health Investigators by Sex, Race, Ethnicity, and Disability Status.",JAMA,Mytien Nguyen; Sarwat I Chaudhry; Alexandra M Hajduk; Jeph Herrin; Gbenga Ogedegbe; David Henderson; Soo-Min Shin; Adeola Ayedun; Dowin H Boatright,2026-Jun-08,,,,10.1001/jama.2026.7796,
42258191,ESGO Statements on Opportunistic Salpingectomy for Prevention of Tubo-Ovarian Carcinoma.,JAMA,Karolina Afors; Ertan Saridogan,2026-Jun-08,,,,10.1001/jama.2026.5831,
42257471,Region-Resolved Proteomics Identifies Molecular Features at the Mucosa-Polyp Interface in Chronic Rhinosinusitis.,International forum of allergy & rhinology,Yi-Sook Kim; Hong-Beom Park; Roza Khalmuratova; Hyun Kyung Lee; Doo Hee Han; Dae Woo Kim; Dohyun Han; Hyun-Woo Shin,2026-Jun-08,,,,10.1002/alr.70202,
42252639,"Mupirocin Nasal Irrigation Following Endoscopic Sinus Surgery: A Prospective, Double-Blinded, Placebo-Controlled Trial.",American journal of rhinology & allergy,Mohammad H Al-Bar; Abdulsalam Alqutub; Jose W Ruiz; Arjuna Kuperan; Zeina Kobran; Seth Lieberman; Islam R Herzallah; Roy R Casiano,2026-Jun-07,,,19458924261457253,10.1177/19458924261457253,
42252517,In Reference to Adjunctive Hyperbaric Oxygen Therapy or Intratympanic Steroids in Sudden Sensorineural Hearing Loss?,The Laryngoscope,Kiran Ganga; Christopher Niemczak; Jay Buckey,2026-Jun-07,,,,10.1002/lary.70670,
42251769,Orforglipron Added to Titrated Insulin Glargine in Type 2 Diabetes: The ACHIEVE-5 Randomized Clinical Trial.,JAMA,Francesco Giorgino; Sherwin D'Souza; Lisa Ludwig; Arihiro Kiyosue; Hilda Ibriga; Hyungmin Rha; Max Denning; Wen-Shuo Wu; Laura Fernández Landó; Janet Tobian,2026-Jun-07,,,,10.1001/jama.2026.9512,
42251768,Mazdutide and Orforglipron-New Evidence in Obesity and Diabetes.,JAMA,Kishore M Gadde; Jonanne Talebloo; Steven B Heymsfield,2026-Jun-07,,,,10.1001/jama.2026.10443,
42251766,Orforglipron Added to Titrated Insulin Glargine in Type 2 Diabetes: Research Summary.,JAMA,,2026-Jun-07,,,e269759,10.1001/jama.2026.9759,
42251596,Treatment With 9-mg Mazdutide for Weight Reduction in Chinese Adults With Obesity: Research Summary.,JAMA,,2026-Jun-07,,,e268427,10.1001/jama.2026.8427,
42251595,Treatment With 9-mg Mazdutide for Weight Reduction in Chinese Adults With Obesity: The GLORY-2 Randomized Clinical Trial.,JAMA,Leili Gao; Hongwei Jiang; Hanqing Cai; Junhang Tian; Bimin Shi; Wei Qiu; Chongbing Huang; Jie Han; Suhe Zhang; Shuguang Pang; Yan Bi; Lei Chen; Xuejiang Gu; Junfeng Han; Qingyang Ma; Huan Deng; Yanqi Wang; Li Li; Han Han-Zhang; Lei Qian; Linong Ji,2026-Jun-07,,,,10.1001/jama.2026.8142,
42251020,French translation and psychometric validation of the Client-Oriented Scale of Improvement (COSI) questionnaire.,"European annals of otorhinolaryngology, head and neck diseases",M-P Tuset; M Daval; D Levy; C Nekrouf; D Ayache; S Gargula,2026-Jun-06,,,,10.1016/j.anorl.2026.05.008,
42250274,"Insulin Cost Caps, Trade-Offs, and Pharmacoequity in Diabetes.",JAMA,Utibe R Essien; Elena Byhoff,2026-Jun-06,,,,10.1001/jama.2026.7544,
42250272,Insulin Costs and Use by Medicare Beneficiaries After the Inflation Reduction Act Out-of-Pocket Cap.,JAMA,Rebecca Myerson; Nam Hyo Kim; John Romley; Dima Mazen Qato; Ying Cao; Erin Trish; Anne L Peters; Dana Goldman,2026-Jun-06,,,,10.1001/jama.2026.5975,
42249673,Gaze Mapping and Observational Behavior During Nasal Endoscopy.,International forum of allergy & rhinology,William S Smithee; Duncan G J Green; Quinn F O'Malley; Arjun Yusufji; Jonathan M Owens; Edward D McCoul,2026-Jun-05,,,,10.1002/alr.70145,
42248816,Spatiotemporal Medicare Reimbursement Trends and Economic Clusters in Otologic/Neurotologic Surgery.,The Laryngoscope,Akshay Warrier; Shahid Iqbal; Daniel Bu; Ryan Bartholomew; Daniel J Lee,2026-Jun-05,,,,10.1002/lary.70652,
42248815,Olfactory Dysfunction and Metabolic Syndrome Components: A Systematic Review and Meta-Analysis.,The Laryngoscope,Neeti Gandra; Kaitlyn A Roberts; Shaun A Nguyen; Pete Peters; Lauren A Howser; Zachary M Soler; Rodney J Schlosser,2026-Jun-05,,,,10.1002/lary.70658,
42248810,In Response to Predictive Factors of Surgical Success in Endoscopic Tympanoplasty for Chronic Otitis Media.,The Laryngoscope,Yuvatiya Plodpai; Pattarawadee Prayuenyong,2026-Jun-05,,,,10.1002/lary.70651,
42248805,In Reference to Predictive Factors of Surgical Success in Endoscopic Tympanoplasty for Chronic Otitis Media.,The Laryngoscope,Antonino Maniaci; Essotna Marco Lamba; Francesco Dispenza; Mario Lentini,2026-Jun-05,,,,10.1002/lary.70650,
42248804,Clinical Efficacy of Topical Nitroglycerin Ointment for Patients With Empty Nose Syndrome.,The Laryngoscope,Sung Seok Ryu; Sohee Kang; Yong Ju Jang,2026-Jun-05,,,,10.1002/lary.70661,
42248802,Silk-Hyaluronic Acid Laryngoplasty Outcomes: An Independent Tertiary Center Experience.,The Laryngoscope,Benjamin Wajsberg; Anastasia M Christ; Sarah E Benyo; Connor A Keuchel; Radhika Duggal; Richard Wu; Michael S Benninger; Rebecca C Nelson; Paul C Bryson; William S Tierney,2026-Jun-05,,,,10.1002/lary.70665,
42248801,AI-Assisted Video Monitoring for Tracheostomy-Dependent Infants: A Proof-Of-Concept Study.,The Laryngoscope,Colleen F Cecola; Christine Settoon; Lauren S Buck; Adele K Evans; Michael E Dunham,2026-Jun-05,,,,10.1002/lary.70666,
42247908,Combined unilateral coronal and intraoral approach with zygomatic arch osteotomy for a dumbbell-shaped atypical lipomatous tumor of the temporal region extending into the infratemporal fossa.,"Auris, nasus, larynx",Kosuke Ishikawa; Satoshi Kano; Yuki Sasaki; Keisuke Tada; Masahiro Hojo; Taku Maeda,2026-Jun-05,53,4,550-553,10.1016/j.anl.2026.04.011,
42247238,Single-Pill Combination Therapy for Hypertension Remains Underused.,JAMA,Samantha Anderer,2026-Jun-23,335,24,2100,10.1001/jama.2026.6204,
42247236,"Fruity Flavors, Festivals, and F1-WHO Report Reveals How Nicotine Pouches Hook Consumers.",JAMA,Samantha Anderer,2026-Jun-23,335,24,2097-2098,10.1001/jama.2026.9536,
42247235,HFpEF May Be a Different Disease in Patients With Severe Obesity.,JAMA,Jennifer Abbasi,2026-Jun-23,335,24,2095-2096,10.1001/jama.2026.7580,
42247226,Digital Sleep-Wake Cycle Metrics May Help Predict Dementia Risk.,JAMA,Samantha Anderer,2026-Jun-23,335,24,2099-2100,10.1001/jama.2026.6203,
42247217,Metabolic Bariatric Surgery Declines as GLP-1 Drug Use Increases.,JAMA,Samantha Anderer,2026-Jun-23,335,24,2099,10.1001/jama.2026.6202,
42246414,Finerenone in Patients With Chronic Kidney Disease Due to Glomerular Diseases: A Randomized Clinical Trial.,JAMA,Brendon L Neuen; Vlado Perkovic; Rajiv Agarwal; David Z I Cherney; Carolyn S P Lam; Christoph Wanner; Katherine R Tuttle; Pantelis Sarafidis; Jonathan Barratt; Anna Burgner; Xiangmei Chen; Alfredo Chew-Wong; Vladimir A Dobronravov; Jürgen Floege; Kieran McCafferty; Masaomi Nangaku; David Packham; Evangelos Papachristou; Pablo E Pergola; Marijn M Speeckaert; Arunkumar Subbiah; Sydney C W Tang; Shuifu Tang; See Cheng Yeo; Niels Jongs; J David Smeijer; Mario Berger; Meike Brinker; Rania Dayoub; Jay Elliott; Na Li; Katharina Mueller; Nicole Rethemeier; Marina Yael Finkelsztein; Hiddo J L Heerspink,2026-Jun-05,,,,10.1001/jama.2026.9923,
42246412,Finerenone in Patients With Chronic Kidney Disease Due to Glomerular Diseases: Research Summary.,JAMA,,2026-Jun-05,,,e2610186,10.1001/jama.2026.10186,
42244491,Assessment of MUcociLiary Transport timE in CRSwNP Patients in Treatment With Dupilumab: AMULET Study.,International forum of allergy & rhinology,Alessia Giorli; Fabio Ferretti; Antonio Romano; Marco Casiraghi; Mariella Scarano; Paolo Farneti; Giacomo Sollini; Marco Mandalà; Ernesto Pasquini; Cesare Biagini,2026-Jun-05,,,,10.1002/alr.70195,
42244039,Does Involvement of Medicine in Care of Head and Neck Free Tissue Transfer Patients Improve Outcomes?,The Laryngoscope,Ryan S Ziltzer; Mustafa G Bulbul; Elsie Barry; Manar Chowdhury; Norman A Orabi; Jeffson Chung; Meghan Turner; Tanya Fancy,2026-Jun-04,,,,10.1002/lary.70659,
42242924,Cochlear Implants and Electrocautery: A Live Animal Model.,The Laryngoscope,Anita Jeyakumar; Quan Lu; Romaine Johnson; Ron Mitchell; Todd Brickman,2026-Jun-04,,,,10.1002/lary.70649,
42242920,Utility of Combining FIESTA-C and MENSA for Facial Nerve Identification in Parotid Gland Surgery.,The Laryngoscope,Kento Yumita; Takuya Mikoshiba; Takeyuki Kono; Mariko Sekimizu; Ryoto Nagai; Hirokazu Fujiwara; Hiroyuki Ozawa,2026-Jun-04,,,,10.1002/lary.70657,
42242912,Predictors and Outcomes of Delayed Wound Healing Following Modified Sommerlad-Furlow Repair: An Analysis of 1355 Consecutive Cases.,The Laryngoscope,Min Wu; Sadam Ahmed Elayah; Che Wang; Jun Yang; Yingmeng Liu; Bing Shi; Yang Li,2026-Jun-04,,,,10.1002/lary.70648,
42242122,"Peritonsillar abscess, deep neck infection, and proton pump inhibitor: A nested case-control study.","Auris, nasus, larynx",Young Ju Jin; Woo-Hyun Nam; Hyo Geun Choi; Mi Jung Kwon; Ji Hee Kim; Joo-Hee Kim; Woo Jin Bang; Ho Suk Kang; Woo Hyun Lee; Tae Su Kim; Yoon-Jong Ryu,2026-Jun-04,53,4,544-549,10.1016/j.anl.2026.06.001,
42242121,Characteristics of parathyroid carcinoma: A descriptive study using administrative data in Japan.,"Auris, nasus, larynx",Kayoko Mizuno; Yoshitaka Kawai; Masato Takeuchi; Yo Kishimoto; Koichi Omori; Koji Kawakami,2026-Jun-04,53,4,537-543,10.1016/j.anl.2026.05.015,
42241008,Oral Corticosteroids and Adverse Events in Chronic Rhinosinusitis With Nasal Polyps.,JAMA otolaryngology-- head & neck surgery,Seojin Moon; Myeongjee Lee; Inkyung Jung; Min-Seok Rha,2026-Jun-04,,,,10.1001/jamaoto.2026.1188,
42240996,Patient-Reported Quality of Life and Socioeconomic Disadvantage Among Patients With Head and Neck Cancer.,JAMA otolaryngology-- head & neck surgery,Kyle Leonard; Samantha Tam; Amy M Williams; Kylie Springer; Kimberly Oslin; Veronica Bernacchi; Tamer A Ghanem; Steven S Chang; Suhael Momin; Farzan Siddiqui; Eric Adjei Boakye,2026-Jun-04,,,,10.1001/jamaoto.2026.1268,
42240992,Young Male With Multifocal Oral Ulcers.,JAMA otolaryngology-- head & neck surgery,Tyler R Selkin; Elizabeth A Bilodeau; Bradley A Shessel,2026-Jun-04,,,,10.1001/jamaoto.2026.1251,
42240990,Chatting With AI and the Electronic Health Record.,JAMA,Yulin Hswen,2026-Jun-04,,,e265709,10.1001/jama.2026.5709,
42240985,Chasing Zebras.,JAMA,Shaun C Desai,2026-Jun-04,,,,10.1001/jama.2026.7703,
42240983,Sore Throat and Diffuse Laryngeal Swelling in an Adult Male.,JAMA otolaryngology-- head & neck surgery,Xueqian Yang; Xiaolin Zhu; Wei Sun,2026-Jun-04,,,,10.1001/jamaoto.2026.1257,
42240982,Peripheral Neuropathy.,JAMA,Kristin Walter,2026-Jun-04,,,,10.1001/jama.2026.3035,
42240979,Treatments for Opioid Overdose-Reply.,JAMA,Miriam T H Harris; Zoe M Weinstein; Alexander Y Walley,2026-Jun-04,,,,10.1001/jama.2026.5604,
42240977,Treatments for Opioid Overdose.,JAMA,Raúl Felipe Palma-Álvarez,2026-Jun-04,,,,10.1001/jama.2026.5601,
42240976,Why Celebrate?,JAMA,,2026-Jun-04,,,,10.1001/jama.2025.15962,
42240165,Low-Dose Rivaroxaban and Cardiovascular Events in Advanced Kidney Disease: The TRACK Randomized Clinical Trial.,JAMA,Sunil V Badve; Vlado Perkovic; Vivekanand Jha; Raja Ramachandran; Lily Mushahar; Jan Menne; An S De Vriese; Patrick Rossignol; Adrien Flahault; Maha Al Ammari; Habib Skhiri; Michael Walsh; David Collister; Adrian Liew; Laurent Billot; Severine Bompoint; Anthony Devaux; Min Jun; Enmoore Lin; Aline Ramos da Cruz; Jeffrey T Ha; John W Eikelboom; Ahmed Shaman; Meg J Jardine; Shilpanjali Jesudason; Muh Geot Wong; Craig S Anderson; Amit X Garg; Hiddo J L Heerspink; Helen Monaghan; Anushka Patel; Patrick B Mark; David C Wheeler; Jicheng Lv; Li Zuo; Helen Pilmore; Martin Gallagher,2026-Jun-04,,,,10.1001/jama.2026.9379,
42240161,Low-Dose Rivaroxaban and Cardiovascular Events in Advanced Kidney Disease: Research Summary.,JAMA,,2026-Jun-04,,,e269463,10.1001/jama.2026.9463,
42240159,Measured and Estimated Glomerular Filtration Rates and Risk of Adverse Health Outcomes.,JAMA,Edouard L Fu; Antoine Créon; Morgan E Grams; Josef Coresh; Arvid Sjölander; Anne-Laure Faucon; Michelle M Estrella; Friedo W Dekker; Michael G Shlipak; Lesley A Inker; Andrew S Levey; Juan-Jesus Carrero,2026-Jun-04,,,,10.1001/jama.2026.9639,
42240151,"Precision, Pragmatism, and Emerging Paradigms in Determining Kidney Filtration Function.",JAMA,Vishnu S Potluri; Syed A Husain; Peter P Reese,2026-Jun-04,,,,10.1001/jama.2026.9991,
42240149,"Rivaroxaban for Cardiovascular Disease Prevention in Chronic Kidney Disease: High Risk, but No Reward?",JAMA,Nisha Bansal; Wolfgang C Winkelmayer,2026-Jun-04,,,,10.1001/jama.2026.9780,
42240106,Reframing Risk: Intubation Time Outweighs Tracheostomy in Predicting Neurodevelopment in Severe BPD.,The Laryngoscope,Ben Hirsch; Alexander Szymczak; Ashley Young; Megan Lagoski; Raye-Ann de Regnier; Inbal Hazkani,2026-Jun-04,,,,10.1002/lary.70654,
42237937,Stratified Anti-Biofilm Therapy: Translating Staphylococcal Exoprotein Toxicity Hierarchies Into Clinical Practice.,International forum of allergy & rhinology,Peiling Li; Tingting Kang,2026-Jun-04,,,,10.1002/alr.70198,
42237920,Reply to Stratified Anti-Biofilm Therapy: Translating Staphylococcal Exoprotein Toxicity Hierarchies Into Clinical Practice.,International forum of allergy & rhinology,Sarah Vreugde; Sintayehu Ambachew; Alkis James Psaltis; Peter-John Wormald,2026-Jun-04,,,,10.1002/alr.70199,
42237360,The Case for Comprehensive Otorhinolaryngologists.,The Laryngoscope,Erica Thaler,2026-Jun-03,,,,10.1002/lary.70655,
42235128,Nasal nitric oxide is inversely associated with radiologic severity and eosinophilic inflammation in chronic rhinosinusitis.,"Auris, nasus, larynx",Keiichiro Kiyohara; Sachio Takeno; Sakura Hirokane; Yukako Okamoto; Rikuto Fujita; Chie Ishikawa; Tomohiro Kawasumi; Yuichiro Horibe; Takashi Ishino; Takao Hamamoto; Tsutomu Ueda,2026-Jun-02,53,4,524-530,10.1016/j.anl.2026.05.009,
42234553,What Is Ebola?,JAMA,Shiwei Zhou; Preeti Malani,2026-Jun-03,,,,10.1001/jama.2026.10847,
42234459,Controversies About Osteoporotic Fracture Prevention Strategies.,JAMA,Susan M Ott,2026-Jun-03,,,,10.1001/jama.2026.7878,
42234455,"Coffee, Tea, and Cognitive Function.",JAMA,Luis Schiappacasse; Olivier Rouaud; Andreas F Hottinger,2026-Jun-03,,,,10.1001/jama.2026.5316,
42234450,Private Equity's Growing Presence in Health Care-Promise or Peril?: A Healthy Dialogue With Sneha Kannan.,JAMA,Derek C Angus; Matthew B O'Connor,2026-Jun-03,,,e268432,10.1001/jama.2026.8432,
42234438,"Coffee, Tea, and Cognitive Function-Reply.",JAMA,Yu Zhang; Dong D Wang,2026-Jun-03,,,,10.1001/jama.2026.5319,
42234436,Incentivizing Kidney Transplants While Safeguarding Equity.,JAMA,Courtney M Rentas; Lisa M McElroy; Silas P Norman; Kyle H Sheetz,2026-Jun-03,,,,10.1001/jama.2026.8838,
42234421,Trials That Inform Health Policy: A Bridge Too Far?,JAMA,Alison J Huang; Sandro Galea,2026-Jun-03,,,,10.1001/jama.2026.4342,
42234416,Errors in References.,JAMA,,2026-Jun-03,,,,10.1001/jama.2026.9628,
42234414,Point-of-Care Ultrasound for the Diagnosis of Pneumonia.,JAMA,Andre Kumar; Minh-Phuong T Le,2026-Jun-03,,,,10.1001/jama.2026.4782,
42233275,Potential Clinical Impact of Sinonasal Biofilms in CRS: A Structured Evidence Synthesis.,International forum of allergy & rhinology,Hunter A Holley; Nitish Kumar; Diana Segovia; Devyani Lal; Amar Miglani; Michael J Marino,2026-Jun-03,,,,10.1002/alr.70197,
42233219,Impact of real-world confounders on the accuracy of an AI model to support read out of skin prick automated test results.,Rhinology,K Roux; S F Seys; V Hox; A M Chaker; P W Hellings; G De Greve; W Lemmens; A L Poirrier; R Daems; D Loeckx; S Gorris; L Van Gerven,2026-Jun-03,,,,10.4193/Rhin25.634,
42231054,Imposterism and Self-Efficacy Among Canadian Otolaryngology-Head & Neck Residents: A National Survey.,The Laryngoscope,Alexander C Moise; Ying Jie Li; Yvonne Chan; M Elise Graham; Amanda Hu,2026-Jun-02,,,,10.1002/lary.70653,
42224491,Adjuvant Nivolumab vs Observation in Resected Non-Small Cell Lung Cancer: Research Summary.,JAMA,,2026-Jun-01,,,e269032,10.1001/jama.2026.9032,
42224490,Adjuvant Nivolumab vs Observation in Resected Non-Small Cell Lung Cancer: A Randomized Clinical Trial.,JAMA,Jamie E Chaft; Zhuoxin Sun; Charles M Rudin; Onkar V Khullar; Charles B Simone; Kurt Oettel; David Kozono; Rajitha Sunkara; Bryan Faller; James M Isbell; Vladimir Hugec; Asheesh Shipstone; Eric C McGary; Jeffrey M Clarke; Ashita Talsania; Li Ding; Ramaswamy Govindan; Jacob M Sands; John V Heymach; Luis E Raez; Shakun M Malik; Thomas E Stinchcombe; Sumithra J Mandrekar; Jeffrey Bradley; David E Gerber; Everett Vokes; David Gandara; Charles Staley; Suresh S Ramalingam,2026-Jun-01,,,,10.1001/jama.2026.8992,
42223971,Blood Pressure Above Goal Among Adults With Hypertension in the US-Reply.,JAMA,Shakia T Hardy; Ezekiel Emanuel; Paul Muntner,2026-Jun-01,,,,10.1001/jama.2026.5313,
42223966,Decision and Cost-Effectiveness Analyses Complement Results From Randomized Clinical Trials.,JAMA,John M Inadomi,2026-Jun-01,,,,10.1001/jama.2026.7490,
42223961,Cost-Effectiveness of Fecal Immunochemical Testing Alone vs Co-Testing With Helicobacter pylori Stool Antigen.,JAMA,Yi-Chia Lee; Jui-Hsuan Liu; Duco T Mülder; Jeong Yun Yang; Tsung-Hsien Chiang; Wen-Feng Hsu; Han-Mo Chiu; Wei-Wen Su; Kun-Ching Chou; Sam Li-Sheng Chen; Jean Ching-Yuan Fann; Sherry Yueh-Hsia Chiu; Shu-Lin Chuang; Yi-Ru Chen; Teresa Cheng-Chieh Chu; Monal Yu-Hsuan Chang; Shih-Tien Chen; Tsung-Hui Hu; Yi-Jen Fang; Jyh-Ming Liou; Ming-Shiang Wu; Yen-Po Yeh; Chin Hur; Amy Ming-Fang Yen; Tony Hsiu-Hsi Chen,2026-Jun-01,,,,10.1001/jama.2026.6908,
42223958,Advertising in AI-Powered Clinical Decision Support Tools.,JAMA,Nina Singh; Michelle M Mello,2026-Jun-01,,,,10.1001/jama.2026.8078,
42223955,Blood Pressure Above Goal Among Adults With Hypertension in the US.,JAMA,Donald E Casey; Stephen D Persell; Gregory Wozniak,2026-Jun-01,,,,10.1001/jama.2026.5310,
42223916,Impact of Genetic and Molecular Alterations on Clinical Outcomes in Sinonasal Squamous Cell Carcinoma: A Systematic Review and Meta-Analysis.,International forum of allergy & rhinology,Srivatsa Surya Vasudevan; Amber Cradeur; Madeline Polson; Cherie-Ann O Nathan; Omar G Ahmed; Michael T Yim,2026-Jun-01,,,,10.1002/alr.70196,
42223914,Assessing Surgical Extent in Endoscopic Sinus Surgery: A Scoping Review of Scoring Systems.,International forum of allergy & rhinology,Alexander Lein; Marie T Ehrgott; Linda Liu; Archana Jaiswal; Rajiv K Bhalla; Noel Ayoub; Faris F Brkic; David T Liu,2026-Jun-01,,,,10.1002/alr.70191,
42223912,AI-Based Quantitative Nasal Cytology for Predicting Eosinophilic Chronic Rhinosinusitis With Nasal Polyps: A Pilot Study.,International forum of allergy & rhinology,Jiaying Li; Xu Zhang; Zengxiao Zhang; Yu Song; Xu Xu; Luo Zhang; Yuan Zhang,2026-Jun-01,,,,10.1002/alr.70181,
42213453,A Rare Ebola Virus Is Spreading in the DRC-Here's What to Know.,JAMA,Kate Schweitzer,2026-Jun-23,335,24,2086-2088,10.1001/jama.2026.10042,
42213432,"Muscle Loss, Grip Strength, and Walking Pace May Be Linked to Stroke Risk.",JAMA,Samantha Anderer,2026-Jun-23,335,24,2099,10.1001/jama.2026.6200,
42213427,US Drug Overdose Deaths Drop for Third Consecutive Year.,JAMA,Samantha Anderer,2026-Jun-23,335,24,2099,10.1001/jama.2026.6199,
42213424,"When Hantavirus Sickened the Ship's Physician, Stephen Kornfeld, MD, Stepped Up.",JAMA,Rita Rubin,2026-Jun-23,335,24,2092-2094,10.1001/jama.2026.10380,
42213423,Meta-Analysis: Ketamine Injections Rapidly Reduce Major Depressive Episode Symptoms.,JAMA,Samantha Anderer,2026-Jun-23,335,24,2099,10.1001/jama.2026.6201,
42207626,Adult Male Hypogonadism: A Review.,JAMA,Bradley D Anawalt; Kim M O'Connor; Mathis Grossmann,2026-Jun-23,335,24,2146-2159,10.1001/jama.2026.8526,
42207624,Growth in Hospital-Led Payer Integration: Improving Care or Consolidating Markets?,JAMA,Jiani Yu; Joseph S Ross,2026-Jun-23,335,24,2113,10.1001/jama.2026.8645,
42207541,The Influence of Urology on Longevity.,JAMA,,2026-Jun-23,335,24,2172,10.1001/jama.2025.15815,
42207531,Minimizing Adverse Effects in Hypertension Treatment.,JAMA,Mary M McDermott; Stephen D Persell,2026-Jun-23,335,24,2111-2112,10.1001/jama.2026.7685,
42207504,Medical Licensing and State Police Power: Professional Regulation After Chiles v Salazar.,JAMA,Lawrence O Gostin; William N Eskridge,2026-Jun-23,335,24,2103-2104,10.1001/jama.2026.8085,
42207503,Growing Trends in the Payvider Model and US Hospital Systems Owning Health Plans.,JAMA,Yuan-Hsin Chen; Cassandra M Kelleher; Walter J O'Donnell; Natalia M Barron-Cervantes; David C Chang,2026-Jun-23,335,24,2162-2164,10.1001/jama.2026.8649,
42207501,Adverse Effects and Treatment Discontinuation of Blood Pressure-Lowering Drugs and Combinations: A Network Meta-Analysis.,JAMA,Nelson Wang; Stephen Van Der Hoorn; Rashmi Pant; Amit Kumar; Rupasvi Dhurjatic; Faraidoon Haghdoost; Christian Abhayaratna; Brent Egan; Aletta E Schutte; Otavio Berwanger; Anushka Patel; Markus Schlaich; Kazem Rahimi; Paul K Whelton; Anthony Rodgers; Abdul Salam,2026-Jun-23,335,24,2135-2145,10.1001/jama.2026.6214,
42207500,Breaking Up Health Care Conglomerates-The Right Fix Right Now?,JAMA,Leemore S Dafny,2026-Jun-23,335,24,2101-2102,10.1001/jama.2026.8668,
42201713,Tenecteplase for Acute Non-Large Vessel Occlusion After Ischemic Stroke.,JAMA,Nicola Morelli; Caterina Marotti; Simone Gallerini,2026-Jun-23,335,24,2169,10.1001/jama.2026.4816,
42201700,Tenecteplase for Acute Non-Large Vessel Occlusion After Ischemic Stroke-Reply.,JAMA,Gaoting Ma; Lianmei Zhong; Junwei Hao,2026-Jun-23,335,24,2169-2170,10.1001/jama.2026.4819,
42172022,More Than 19 000 Measles Cases in a Month-What the Current Outbreak in Bangladesh Signals to the World.,JAMA,Samantha Anderer,2026-Jun-16,335,23,1999-2000,10.1001/jama.2026.9016,
42172020,More Than 1 in 10 US Adults Use Sleep Aids Most Days.,JAMA,Samantha Anderer,2026-Jun-16,335,23,2005-2006,10.1001/jama.2026.6197,
42172018,Eating Less Protein May Improve Outcomes for Patients With Kidney Disease.,JAMA,Samantha Anderer,2026-Jun-16,335,23,2005,10.1001/jama.2026.6196,
42172016,GLP-1 Drugs May Help Treat Psoriasis.,JAMA,Samantha Anderer,2026-Jun-16,335,23,2005,10.1001/jama.2026.6194,
42172014,FDA Approves New Medication for Agitation Associated With Dementia.,JAMA,Samantha Anderer,2026-Jun-16,335,23,2005,10.1001/jama.2026.6193,
42172013,GLP-1 Drugs Will Cost $50 a Month Under Medicare Pilot Program.,JAMA,Samantha Anderer,2026-Jun-16,335,23,2006,10.1001/jama.2026.6198,
42172010,Invasive Approach May Not Benefit Frail Older Adults With NSTEMI.,JAMA,Samantha Anderer,2026-Jun-16,335,23,2005,10.1001/jama.2026.6195,
42170825,The effect of large air pollution exposure on chronic rhinitis.,Rhinology,C Abi Zeid Daou; I Carapiperis; J Ghadieh; O Abou Hosn; C A Makary; Z Korban,2026-Jun-01,64,3,423-424,10.4193/Rhin25.293,
42166170,Gastric Cancer.,JAMA,Kristin Walter,2026-Jun-23,335,24,2176,10.1001/jama.2026.3754,
42166154,When the Algorithm Teaches-Promise and Peril of AI in Physician Learning.,JAMA,Graham T McMahon,2026-Jun-23,335,24,2105-2106,10.1001/jama.2026.7166,
42166151,Designing Trustworthy Clinical AI.,JAMA,Yulin Hswen,2026-Jun-16,335,23,e261351,10.1001/jama.2026.1351,
42166143,State-Level Adult Obesity by Race and Ethnicity.,JAMA,Benjamin Rader; John S Brownstein,2026-Jun-23,335,24,2167-2168,10.1001/jama.2026.4628,
42166139,Screening Children for Early-Stage Type 1 Diabetes.,JAMA,Christiane Winkler; Nadine Friedl; Renate Abt; Kathrin Ackermann; Julia Bently; Sonja Braig; Susanne Brämswig; Desiree Dunstheimer; Uwe Ermer; Dominik Ewald; Eva-Maria Gerstl; Johanna Hammersen; Florian Haupt; Maja Hergl; Michael Hubmann; Sandra Hummel; Benedikt Jochem; Annette Knopff; Karin Lange; Dominik Lwowsky; Nicole Nellen-Hellmuth; Birgit Prey; Daniela Rettner; Sarah Schill; Silke Schmidt; Marlon Scholz; Marina Sindichakis; Joanna Stock; Dominik Stricker; Thomas M K Völkl; Katharina Warncke; Leonie Weber; Andreas Weiss; Ezio Bonifacio; Peter Achenbach; Anette-Gabriele Ziegler,2026-Jun-16,335,23,2046-2056,10.1001/jama.2026.6085,
42166138,A New Type 1 Diabetes Diagnosis Paradigm.,JAMA,Jamie L Felton; Emily K Sims,2026-Jun-16,335,23,2017-2018,10.1001/jama.2026.6454,
42166135,State-Level Adult Obesity by Race and Ethnicity-Reply.,JAMA,Nicole K DeCleene; Catherine O Johnson; Gregory A Roth,2026-Jun-23,335,24,2168-2169,10.1001/jama.2026.4631,
42166130,Medical Departments in Public Libraries.,JAMA,,2026-Jun-16,335,23,2076,10.1001/jama.2025.15808,
42160171,Hantavirus Outbreak: First Test of US Public Health Response After WHO Withdrawal.,JAMA,Rita Rubin,2026-Jun-23,335,24,2089-2091,10.1001/jama.2026.9419,
42160099,Acetaminophen (Paracetamol) or Opioid Plus Ibuprofen for Children's Musculoskeletal Injury.,JAMA,Niccolò Parri,2026-Jun-23,335,24,2166-2167,10.1001/jama.2026.4214,
42160083,The Obesity Epidemic at a Crossroads: Progress and Pitfalls.,JAMA,Anand K Parekh; Stephanie A Navarro Silvera; Jamy D Ard,2026-Jun-16,335,23,2007-2008,10.1001/jama.2026.6905,
42160076,Acetaminophen (Paracetamol) or Opioid Plus Ibuprofen for Children's Musculoskeletal Injury-Reply.,JAMA,Samina Ali; Amy L Drendel; Naveen Poonai,2026-Jun-23,335,24,2167,10.1001/jama.2026.4220,
42160075,Primary Care as a Public Utility: The Case for a Common Fund.,JAMA,Zirui Song; Wayne Altman; Renee Crichlow; Kevin Grumbach,2026-Jun-16,335,23,2057-2062,10.1001/jama.2026.7194,
42160069,"A New Era in Dementia-Advances in Diagnostic Blood Tests, Novel Drugs, and the Power of Lifestyle Changes: A Healthy Dialogue With Gil Rabinovici.",JAMA,Derek C Angus; Matthew B O'Connor,2026-Jun-16,335,23,e267539,10.1001/jama.2026.7539,
42160059,Lifestyle Modification and Incretin-Based Therapy for Obesity.,JAMA,Robert F Kushner; Ariana M Chao; Thomas A Wadden,2026-Jun-23,335,24,2160-2161,10.1001/jama.2026.4106,
42160043,Acetaminophen (Paracetamol) or Opioid Plus Ibuprofen for Children's Musculoskeletal Injury.,JAMA,Yanmei Yin; Lixin Zhang,2026-Jun-23,335,24,2165-2166,10.1001/jama.2026.4217,
42150117,4% Tetrasodium EDTA to Prevent Central Venous Access Device-Associated Complications: Research Summary.,JAMA,,2026-Jun-23,335,24,e267399,10.1001/jama.2026.7399,
42150112,4% Tetrasodium EDTA to Prevent Central Venous Access Device-Associated Complications: A Randomized Clinical Trial.,JAMA,Marlena Ornowska; Jessica Wittmann; Sandra Blitz; Hubert Wong; Gloria Vazquez-Grande; Anish R Mitra; Wesley Jang; Gordon Wood; Daniel Ovakim; David Forrest; Elizabeth Rohrs; Steven Reynolds,2026-Jun-23,335,24,2126-2134,10.1001/jama.2026.6025,
42149713,Advancing Pharmacoequity in Asthma.,JAMA,Sumit Agarwal; Preeti N Malani,2026-Jun-16,335,23,2019,10.1001/jama.2026.8185,
42149711,Error in Abstract.,JAMA,,2026-Jun-23,335,24,2170,10.1001/jama.2026.8941,
42149706,Disparities in Inhaler Utilization Among US Adults With Asthma.,JAMA,Jing Ren; Ashkan F Ara; Utibe R Essien; Christopher Scannell,2026-Jun-16,335,23,2065-2068,10.1001/jama.2026.7613,
42149704,Cryobiopsy vs Forceps for Bronchoscopic Lung Biopsy: Research Summary.,JAMA,,2026-Jun-16,335,23,e267946,10.1001/jama.2026.7946,
42149700,Cryobiopsy vs Forceps for Bronchoscopic Lung Biopsy: The FROSTBITE-2 Randomized Clinical Trial.,JAMA,Jeffrey Thiboutot; Christopher M Kapp; Peter Illei; Scott Shofer; Christopher R Gilbert; David DiBardino; Andrew DeMaio; Sonali Sethi; Momen M Wahidi; Bryan S Benn; Colin Gillespie; Cristina Salmon; Luis Angel; Ashutosh Sachdeva; Van K Holden; Rafael Paez; Jennifer D Duke; Robert J Lentz; Anil Vachani; Nicholas Pastis; Daniela Molena; Sean Tackett; Miranda R Jones; Najib M Rahman; Gerard Silvestri; Fabien Maldonado; Lonny Yarmus,2026-Jun-16,335,23,2038-2045,10.1001/jama.2026.7908,
42149587,The 340B Drug Pricing Program at a Crossroads.,JAMA,Ryan P Knox; Ameet Sarpatwari,2026-Jun-16,335,23,2009-2010,10.1001/jama.2026.6812,
42149579,Donation After Circulatory Death Heart Transplant Without Preimplant Reanimation-Reply.,JAMA,Awab Ahmad; Ashish S Shah; Aaron M Williams,2026-Jun-23,335,24,2165,10.1001/jama.2026.4060,
42149571,Donation After Circulatory Death Heart Transplant Without Preimplant Reanimation.,JAMA,Jiale Chen; Yuru Yang; Dandan Weng,2026-Jun-23,335,24,2164,10.1001/jama.2026.4057,
42138891,Paracervical Blocks for IUD Insertion Remain Underutilized.,JAMA,Samantha Anderer,2026-Jun-09,335,22,1922,10.1001/jama.2026.6179,
42138889,Experts Debate How Obesity Should Be Defined and Diagnosed.,JAMA,Kate Schweitzer,2026-Jun-09,335,22,1917-1919,10.1001/jama.2026.6389,
42138873,"Under FDA, Unapproved Peptides Likely to Become More Widely Available.",JAMA,Rita Rubin,2026-Jun-09,335,22,1920-1921,10.1001/jama.2026.6388,
42138854,Nonstatin Lipid-Lowering Therapies Surge but Statins Remain Dominant.,JAMA,Samantha Anderer,2026-Jun-09,335,22,1922-1923,10.1001/jama.2026.6181,
42138852,WHO Announces First Malaria Drug for Infants and New Rapid Diagnostic Tests.,JAMA,Samantha Anderer,2026-Jun-09,335,22,1922,10.1001/jama.2026.6178,
42138833,CKM Syndrome Tied to Higher Cancer Risk.,JAMA,Samantha Anderer,2026-Jun-09,335,22,1922,10.1001/jama.2026.6180,
42138832,Cognitive Decline May Precede Cardiovascular Events by Up to 8 Years.,JAMA,Samantha Anderer,2026-Jun-09,335,22,1923,10.1001/jama.2026.6183,
42138829,"Presurgery Exercise and Nutrition May Reduce Complications, Hospital Stays.",JAMA,Samantha Anderer,2026-Jun-09,335,22,1923,10.1001/jama.2026.6182,
42133345,Treatment of Idiopathic Acute Pancreatitis With Pancreas Divisum.,JAMA,Jiale Chen; Changhui Lin; Dandan Weng,2026-Jun-16,335,23,2072-2073,10.1001/jama.2026.3853,
42133334,Treatment of Idiopathic Acute Pancreatitis With Pancreas Divisum.,JAMA,Jinghong Liu,2026-Jun-16,335,23,2072,10.1001/jama.2026.3856,
42133323,"Diagnostic Drifts, Deceptions and Common Misses.",JAMA,,2026-Jun-09,335,22,1991,10.1001/jama.2025.15801,
42133309,HRSA Restructuring Could Threaten Physician J-1 Waivers.,JAMA,Aldo Barajas-Ochoa; Julia Kostka,2026-Jun-09,335,22,1927-1928,10.1001/jama.2026.6751,
42133307,Extraordinary Evie.,JAMA,Ethan L Sanford; Justin Carter; Jennifer Carter,2026-Jun-23,335,24,2107-2108,10.1001/jama.2026.5897,
42133305,Treatment of Idiopathic Acute Pancreatitis With Pancreas Divisum-Reply.,JAMA,Gregory A Coté; Dhiraj Yadav; Valerie Durkalski-Mauldin,2026-Jun-16,335,23,2073-2074,10.1001/jama.2026.3859,
42126852,Pragmatic Parental Support to Mitigate Burnout Among Pregnant and Postpartum Trainees: A Randomized Clinical Trial.,JAMA,Atziri Rubio-Chavez; Ekaterina L Koelliker; Emma A Askew; Tait D Shanafelt; Christopher P Landrigan; Ariel S Winn; Huma Farid; Keith D Lillemoe; Divyansh Agarwal; Joseph J Locascio; Thinzar M Lwin; Erika L Rangel,2026-Jun-09,335,22,1938-1948,10.1001/jama.2026.5663,
42126842,Parental Support for Trainees-The Clock Is Ticking.,JAMA,Linda Brubaker,2026-Jun-09,335,22,1936-1937,10.1001/jama.2026.5844,
42126837,Pragmatic Parental Support to Mitigate Burnout Among Pregnant and Postpartum Trainees: Research Summary.,JAMA,,2026-Jun-09,335,22,e265799,10.1001/jama.2026.5799,
42126836,A Pediatric Perspective on the 2025-2030 Dietary Guidelines.,JAMA,Mary T Story; Anisha I Patel; Megan Elsener Lott; Marlene B Schwartz,2026-Jun-09,335,22,1925-1926,10.1001/jama.2026.6696,
42126834,Antibiotics for Uncomplicated Acute Appendicitis.,JAMA,Cong Dai; Min Jiang; Yu-Hong Huang,2026-Jun-16,335,23,2070,10.1001/jama.2026.3805,
42126832,Antibiotics for Uncomplicated Acute Appendicitis.,JAMA,Dimitrios Moris; Theodore N Pappas,2026-Jun-16,335,23,2070-2071,10.1001/jama.2026.3808,
42126828,Antibiotics for Uncomplicated Acute Appendicitis-Reply.,JAMA,Paulina Salminen; Roosa Salminen; Tero Rautio,2026-Jun-16,335,23,2071-2072,10.1001/jama.2026.3811,
42117564,The future of endoscopic sinus surgery in chronic rhinosinusitis.,Rhinology,B N Landis,2026-Jun-01,64,3,289,10.4193/Rhin26.903,
42113599,Amyotrophic Lateral Sclerosis: A Review.,JAMA,John Ravits; Dominic Ferrey; Betul Gundogdu; Wali Qayoumi; Chelsea Zale,2026-Jun-09,335,22,1970-1982,10.1001/jama.2026.6385,
42113552,Review of Head and Neck Cancer.,JAMA,Petr Szturz,2026-Jun-16,335,23,2068-2069,10.1001/jama.2026.3738,
42113540,Predictors of Long-Term Outcomes in Hypertrophic Cardiomyopathy: The NHLBI HCM Registry.,JAMA,Christopher M Kramer; Paul Kolm; John P DiMarco; Milind Y Desai; Carolyn Y Ho; Raymond Y Kwong; Sarahfaye F Dolman; Patrice Desvigne-Nickens; Nancy Geller; Dong-Yun Kim; Jeanette Schulz-Menger; Matthias G Friedrich; Martin S Maron; Evan Appelbaum; Mark S Link; Gary S Francis; Barry Greenberg; Michael Jerosch-Herold; Stefan Piechnik; Masliza Mahmod; Betty Raman; Daniel L Jacoby; Lauren A Baldassare; James A White; Amedeo Chiribiri; Adam S Helms; Lubna Choudhury; Michelle Michels; William M Bradlow; Michael Salerno; Steven B Heitner; Ahmad Masri; Sanjay K Prasad; Saidi A Mohiddin; Sven Plein; Christopher Madias; Heiko Mahrholdt; Chiara Bucciarelli-Ducci; Angus K Nightingale; Jonathan W Weinsaft; Han W Kim; Gerry P McCann; Albert van Rossum; Tjeerd Germans; Eric E Williamson; Jeffrey B Geske; Andrew S Flett; Dana Dawson; Francois-Pierre Mongeon; Iacopo Olivotto; Andrew M Crean; Anna Woo; Anjali T Owens; Lisa Anderson; Sanjay Sharma; Elena Biagini; David E Newby; Florian Andre; Colin Berry; Bette Kim; Eric Larose; Theodore P Abraham; Allison G Hays; Mark V Sherrid; Eli V Gelfand; Sherif F Nagueh; Ornella Rimoldi; Paolo Camici; Eleanor Elstein; Camillo Autore; Hugh Watkins; William S Weintraub; Stefan Neubauer,2026-Jun-09,335,22,1959-1969,10.1001/jama.2026.5633,
42113534,Review of Head and Neck Cancer-Reply.,JAMA,Lara Dunn,2026-Jun-16,335,23,2069-2070,10.1001/jama.2026.3741,
42113523,Review of Head and Neck Cancer.,JAMA,Jiang Zhu; Jiangang Zhang,2026-Jun-16,335,23,2069,10.1001/jama.2026.3735,
42113521,Outcome-Aligned Payments for Technology-Enabled Care-A New CMS Approach to Paying for Chronic Disease Care in Medicare.,JAMA,Jacob Shiff; Abe Sutton,2026-Jun-09,335,22,1932-1934,10.1001/jama.2026.6659,
42113502,"Correction to ""Dosing Interval Extension of Dupilumab in CRSwNP: Five-Year Real World Outcomes"".",International forum of allergy & rhinology,,2026-Jun,16,6,654-655,10.1002/alr.70172,
42106992,Digoxin in Patients With Symptomatic Rheumatic Heart Disease: Research Summary.,JAMA,,2026-Jun-16,335,23,e267462,10.1001/jama.2026.7462,
42106991,Efficacy and Safety of Digitalis Glycosides in Heart Failure: A Meta-Analysis.,JAMA,Kevin Damman; Dirk J van Veldhuisen; Johann Bauersachs; Michiel Rienstra; Arend Mosterd; Adriaan A Voors; Geert H D Voordes; Udo Bavendiek; Peter van der Meer,2026-Jun-16,335,23,2029-2037,10.1001/jama.2026.7886,
42106990,Digoxin in Patients With Symptomatic Rheumatic Heart Disease: A Randomized Clinical Trial.,JAMA,Ganesan Karthikeyan; Niveditha Devasenapathy; Arpita Ghosh; Prayaag Ramdas Kini; Reeta Varyani; Santhosh Satheesh; Mohit D Gupta; Girish M Palleda; Rishi Sethi; Satyavir Yadav; Sanjeev Asotra; Arun Gopalakrishnan; Aditya Kapoor; Chandra Bhan Meena; Ravi S Math; Sandeep Bansal; Nagendra Boopathy Senguttuvan; Shyamashree Biswas; Aman Rastogi; Manoj Soni; Vivekanand Jha; Romika Jhajhria; Birbal Kaushik; Nitya Wadhwa,2026-Jun-16,335,23,2020-2028,10.1001/jama.2026.7335,
42101862,Syphilis Linked to Higher Risk of Some Cardiovascular Outcomes.,JAMA,Samantha Anderer,2026-Jun-02,335,21,1834,10.1001/jama.2026.2132,
42101861,Excessive Daytime Napping Tied to Mortality in Older Adults.,JAMA,Samantha Anderer,2026-Jun-02,335,21,1834-1835,10.1001/jama.2026.2134,
42101860,"These Blood Tests May Detect Dozens of Cancers, but Will They Save Lives?",JAMA,Rita Rubin,2026-Jun-02,335,21,1831-1833,10.1001/jama.2026.4742,
42101859,Virtual Neurology Visits Comparable With In-Person for Initial Evaluations.,JAMA,Samantha Anderer,2026-Jun-02,335,21,1835,10.1001/jama.2026.2135,
42101858,Alternative Medicine Use Rises Among US Children.,JAMA,Samantha Anderer,2026-Jun-02,335,21,1834,10.1001/jama.2026.2133,
42101834,Kratom Use and Severe Health Outcomes Surge in the US.,JAMA,Samantha Anderer,2026-Jun-02,335,21,1834,10.1001/jama.2026.2131,
42101833,New Study Finds No Link Between Acetaminophen Use in Pregnancy and Autism.,JAMA,Samantha Anderer,2026-Jun-02,335,21,1834,10.1001/jama.2026.2130,
42100961,Intravenous Tirofiban After Tenecteplase in Acute Ischemic Stroke: Research Summary.,JAMA,,2026-Jun-09,335,22,e265288,10.1001/jama.2026.5288,
42100960,Intravenous Tirofiban After Tenecteplase in Acute Ischemic Stroke: The INSTANT Randomized Clinical Trial.,JAMA,Xianghong Liu; Fan Zhang; Cong Zhang; Zongliang Li; Guangxiong Yuan; Deyan Kong; Shuhua Xie; Min Zhou; Jinchun Ye; Zhaohui Lai; Dan Li; Hailong Xu; Lei Chen; Fangqun Cheng; Yan Shi; Bin Chen; Weihua Hu; Huashi Liu; Yi Yin; Xinbo Deng; Zhiyong Xie; Chunying Li; Junfeng Shi; Donghuan Mei; Bin Liu; Bo Wang; Ruize Zhou; Jingjing Liu; Limin Shen; Hairong Hu; Genxiang Xiao; Xiaoyu Guan; Shanggui Yuan; Xunwei Lv; Shuiping Liang; Xiang Zeng; Yi Chen; Wenfeng Cao; Chong Zheng; Yuanlu Liu; Junda Li; Baozhu Guan; Tianmin Lai; Wei Sun; Hongliang Zeng; Jian Zhang; Shizhan Li; Hongfei Sang; Yamei Tang; Duolao Wang; Mengjie Lu; Johannes Kaesmacher; Vignan Yogendrakumar; Suyue Pan; Raul G Nogueira; Daojun Hong; Mayank Goyal; Götz Thomalla; Thanh N Nguyen; Jeffrey L Saver; Qingwu Yang; Zhongming Qiu; Guoyong Zeng,2026-Jun-09,335,22,1949-1958,10.1001/jama.2026.5245,
42099212,Intravenous Tenecteplase Prior to Endovascular Treatment for Ischemic Stroke at 4.5 to 24 Hours: The TNK-PLUS Randomized Clinical Trial.,JAMA,Yunyun Xiong; Fengyuan Che; Hao Wang; Manjun Hao; Thanh N Nguyen; Marc Fisher; Aoming Jin; Zhixin Cao; Ziran Wang; Xiaoxi Yao; Ganghua Feng; Yuelong Xu; Shifeng Guo; Hao Qin; Xianjun Huang; Jianxin Xu; Zhongjun Chen; Jinglin Yuan; Wenshuai Li; Wei Hu; Xueyan Feng; Lixia Zong; Wanxing Ye; Chunmiao Duan; Liyuan Wang; Shuangzhe Wu; Bruce C V Campbell; Yongjun Wang,2026-Jun-02,335,21,1849-1858,10.1001/jama.2026.4292,
42099209,Intravenous Tenecteplase Prior to Endovascular Treatment for Ischemic Stroke at 4.5 to 24 Hours: Research Summary.,JAMA,,2026-Jun-02,335,21,e264503,10.1001/jama.2026.4503,
42096239,Adjunctive Intra-Arterial Alteplase After Successful Thrombectomy for Acute Ischemic Stroke: The CHOICE-2 Randomized Clinical Trial.,JAMA,Arturo Renú; María Dolores Fernández-Couto; Patricia de la Riva; Raquel Delgado-Mederos; María Herrera; Ana Morales; Mikel Terceño; Nicolás López-Hernández; Mario Martínez-Galdámez; Laura Dorado; Pedro Vega; Lluis Morales-Caba; Eva González; Maitane Alonso; Pedro Barredo Benítez; Rebeca Bermejo; Andrea Cabero-Arnold; José María Cabrera-Maqueda; Martha Vargas; Ángel Calleja Bonilla; Sergio Calleja; José Díaz-Pérez; Salvatore Rudilosso; Antonio Doncel-Moriano; María José Feal; José Ignacio Gallego; Paola Hurtado; Carlos Laredo; Laura Llull; Inés Bartolomé; Alberto Martínez-Calvo; Álvaro Ortega-Sánchez; Alejandro Rodríguez-Vázquez; Isabel Rodríguez-Caamaño; Alba Singla; Yolanda Silva; Diana Tarruella Hernández; Laura Oleaga; Luis San Román Manzanera; Joaquín Serena; María Mar Freijo; Natalia Pérez de la Ossa; Mar Castellanos; Juan Francisco Arenillas-Lara; Ferran Torres; Enrique C Leira; Sergio Amaro; Xabier Urra; Ángel Chamorro,2026-Jun-02,335,21,1859-1869,10.1001/jama.2026.5164,
42096233,"Promoting Clinical Expertise in the Age of AI: No Struggle, No Mastery.",JAMA,Ron Keren; Bimal R Desai; Daniel C West,2026-Jun-02,335,21,1837-1838,10.1001/jama.2026.6097,
42096230,Hearing Aid Efficacy-Timely Trial Finds Professional Guidance Trumps Costly Tech.,JAMA otolaryngology-- head & neck surgery,Jay F Piccirillo,2026-Jun-01,152,6,551,10.1001/jamaoto.2026.0751,
42096229,Current Comment.,JAMA,,2026-Jun-02,335,21,1908,10.1001/jama.2025.15794,
42096228,Adjunctive Intra-Arterial Alteplase After Successful Thrombectomy for Acute Ischemic Stroke: Research Summary.,JAMA,,2026-Jun-02,335,21,e265292,10.1001/jama.2026.5292,
42096218,Best Treatment for Patients With Gastric Cancer Remains Uncertain.,JAMA,Qingchen Meng; Xiaohang Li,2026-Jun-09,335,22,1988,10.1001/jama.2026.3729,
42096217,Intra-arterial Alteplase After Thrombectomy for Acute Ischemic Stroke-The Right Choice for All Patients?,JAMA,Urs Fischer; Adrien Ter Schiphorst; Johannes Kaesmacher,2026-Jun-02,335,21,1845-1846,10.1001/jama.2026.6140,
42096216,AI at the Policy Table.,JAMA,Yulin Hswen,2026-Jun-02,335,21,e2524327,10.1001/jama.2025.24327,
42096213,Best Treatment for Patients With Gastric Cancer Remains Uncertain-Reply.,JAMA,Anuj Kishor Patel; Nilay S Sethi; Haeseong Park,2026-Jun-09,335,22,1989,10.1001/jama.2026.3732,
42096212,Systematic Postdissection Vagal Stimulation and Surgical Strategy During Thyroidectomy.,JAMA otolaryngology-- head & neck surgery,Nadia H Van Den Berg; James Griffin; Patrick Sheahan,2026-Jun-01,152,6,611-617,10.1001/jamaoto.2026.0747,
42096192,One-Year Mortality Among Opioid Overdose Survivors.,JAMA,Robert A Kleinman; Sarah Larney; Naheemot Olaoluwa Sule; Clement Ma; Tanya Hauck; Paul Kurdyak,2026-Jun-02,335,21,1899-1902,10.1001/jama.2026.6469,
42090234,Deep Learning-Based Cribriform Segmentation and Automated Olfactory Fossa Depth Estimation on Sinus CT.,International forum of allergy & rhinology,Jamie Oliver; Ann Weesner; Ryan Henn; Sterling Anderson; Alexandria Yao; Easton Attwood; Rahul Alapati; Vidur Bhalla; David Beahm; Jennifer Villwock; Andrés Bur,2026-Jun,16,6,650-653,10.1002/alr.70180,
42090180,Patient Support Following Post-Intensive Care Syndrome.,JAMA,Marta Godoy-González; Josefina López-Aguilar; Sol Fernández-Gonzalo,2026-Jun-09,335,22,1987,10.1001/jama.2026.3608,
42090177,Treatment of Anterior Cruciate Ligament Rupture.,JAMA,Marc-Olivier Dubé; Rekha Ganeshalingam; Adam G Culvenor,2026-Jun-02,335,21,1893-1894,10.1001/jama.2026.2926,
42090165,Patient Support Following Post-Intensive Care Syndrome.,JAMA,Sarah E Byrne-Martelli; Alice Bottussi; Jacopo D'Andria Ursoleo,2026-Jun-09,335,22,1986-1987,10.1001/jama.2026.3605,
42090140,"AI Scribes Are Here, but Is Health Care Ready?: A Healthy Dialogue With Vincent X. Liu.",JAMA,Derek C Angus; Matthew B O'Connor,2026-Jun-02,335,21,e265859,10.1001/jama.2026.5859,
42090137,Patient Support Following Post-Intensive Care Syndrome-Reply.,JAMA,Brad W Butcher,2026-Jun-09,335,22,1987-1988,10.1001/jama.2026.3611,
42090131,Elective MRI Screening of the General Public-Buyer Beware.,JAMA,Matthew S Davenport; Scott B Reeder,2026-Jun-02,335,21,1839-1840,10.1001/jama.2026.5888,
42081318,Hepatitis B: A Review.,JAMA,Wen-Juei Jeng; Terry Cheuk-Fung Yip; Anna S Lok,2026-Jun-02,335,21,1879-1892,10.1001/jama.2026.6070,
42081228,Review of IgA Nephropathy-Reply.,JAMA,Sinead Stoneman; Jia Wei Teh; Michelle Marie O'Shaughnessy,2026-Jun-09,335,22,1985-1986,10.1001/jama.2026.3579,
42081226,Review of IgA Nephropathy.,JAMA,Enmanuel A Leiva-Murillo,2026-Jun-09,335,22,1985,10.1001/jama.2026.3576,
42081217,The Conundrum of Exercise for Weight Management in the GLP-1 Receptor Agonist Era.,JAMA,Daniel E Lieberman; Daniel H Aslan; Steven B Heymsfield,2026-Jun-02,335,21,1841-1843,10.1001/jama.2026.5537,
42081210,"Changes in Nonprofit Hospitals' Finances, Operations, and Quality of Care After Using Management Consultants.",JAMA,Joseph Dov Bruch; Cal Chengqi Fang; Yan Bo Zeng; Avni Parthan; Ashvin D Gandhi,2026-Jun-02,335,21,1870-1878,10.1001/jama.2026.5027,
42081208,The Price of Advice-Do Management Consultants Deliver Value to Nonprofit Hospitals?,JAMA,Thomas C Buchmueller; Helen G Levy,2026-Jun-02,335,21,1847-1848,10.1001/jama.2026.4362,
42065896,Birth After Uterus Transplant.,JAMA,Liza Johannesson; Anthony R Gregg; Kimia Samiee; Johanna Bayer; Benjamin K Kogutt; Zachary S Rubeo; Monica Chung; Paul Payne; Robert T Gunby; Giuliano Testa,2026-Jun-02,335,21,1897-1899,10.1001/jama.2026.7351,
42060293,Tools for Identifying Social Determinants of Health in Head and Neck Cancer: A Scoping Review.,JAMA otolaryngology-- head & neck surgery,Rebecca A Zasloff; Alexandra E Hunter; Ayush Khanna; Huda Haque; Elizabeth R Blackwood; Regan W Bergmark; Evan M Graboyes; Nosayaba Osazuwa-Peters,2026-Jun-01,152,6,626-632,10.1001/jamaoto.2026.0681,
42060284,Chronic Sinusitis With Orbitonasal Bony Defect.,JAMA otolaryngology-- head & neck surgery,Brooke Swain; John K Choi; Bradford A Woodworth,2026-Jun-01,152,6,635-636,10.1001/jamaoto.2026.0717,
42060282,Caring for Each Other's Sons.,JAMA,Jessi Humphreys,2026-Jun-16,335,23,2015-2016,10.1001/jama.2026.5111,
42060276,Dietary Guidelines for 2025-2030.,JAMA,Hejia Yuan; Peng Peng; Jitao Wu,2026-Jun-02,335,21,1904-1905,10.1001/jama.2026.2882,
42060274,Quantifying Ergonomic Risk Among Otolaryngology Surgeons.,JAMA otolaryngology-- head & neck surgery,Jacqueline Oh; Kirtana Kumar; Michael Li; Joanna George; Peter Berryman; Daniel Cheong; Michael Machiorlatti; Rusha Patel,2026-Jun-01,152,6,604-610,10.1001/jamaoto.2026.0746,
42060273,Undiagnosed Syphilis Presenting as Recurrent Oral Ulcers.,JAMA otolaryngology-- head & neck surgery,Elena Maria Varoni; Sem Decani; Laura Moneghini; Moreno Zagni; Camilla Tincati,2026-Jun-01,152,6,637-638,10.1001/jamaoto.2026.0676,
42060267,Dietary Guidelines for 2025-2030-Reply.,JAMA,Dariush Mozaffarian,2026-Jun-02,335,21,1905-1906,10.1001/jama.2026.2885,
42054730,Environmental sound perception in individuals with hearing loss: A systematic review.,"Auris, nasus, larynx",Atsuya Takayama; Kei Sakamoto; Han Matsuda; Hiroe Kudou; Yayoi Yamamoto; Tetsuo Ikezono; Chie Obuchi,2026-Jun,53,3,446-456,10.1016/j.anl.2026.03.002,
42054049,Sibling Comparisons to Account for Confounding-Reply.,JAMA,Viktor H Ahlqvist; Brian K Lee; Yu-Han Chiu,2026-Jun-02,335,21,1904,10.1001/jama.2026.2879,
42054047,Sibling Comparisons to Account for Confounding.,JAMA,Yulin Hswen,2026-Jun-02,335,21,1903-1904,10.1001/jama.2026.2876,
42054046,Pigmentary Changes That Developed During Pregnancy.,JAMA,Grace Rabinowitz; Arianna Strome; Avrom S Caplan,2026-Jun-16,335,23,2063-2064,10.1001/jama.2026.2928,
42053992,"Fascia-Fat-Fascia ""Sandwich Graft"" Decreases Postoperative Cerebrospinal Fluid Leak Rate for High-Flow Skull Base Defects.",International forum of allergy & rhinology,Vidit M Talati; Kathy Zhang; Kimberly X Wei; Margaret B Mitchell; Nithin D Adappa; Michael A Kohanski; Jennifer E Douglas; Christina Jackson; John Y K Lee; Phillip B Storm; Jillian W Lazor; James N Palmer,2026-Jun,16,6,646-649,10.1002/alr.70177,
42053988,Wearable Activity Data Demonstrate an Association Between Sinus Surgery and Improved Real-World Activity.,International forum of allergy & rhinology,Cole L Bird; Rahul Alapati; Frank T Materia; Angela Kaczorowski-Worthley; Vidur Bhalla; D David Beahm; Jamie R Oliver,2026-Jun,16,6,643-645,10.1002/alr.70175,
42048938,Effects of implementing universal dysphagia screening at admission in a university hospital.,"Auris, nasus, larynx",Atsushi Suehiro; Ken Iwanaga; Mari Sato; Kousuke Morinaga; Kaede Yoshino; Morimasa Kitamura; Koichi Omori,2026-Jun,53,3,441-445,10.1016/j.anl.2026.04.002,
42043824,Lay Health Worker-Led Symptom Intervention for Older Adults With Cancer-Reply.,JAMA,Manali I Patel,2026-Jun-02,335,21,1902-1903,10.1001/jama.2026.2854,
42043805,Lay Health Worker-Led Symptom Intervention for Older Adults With Cancer.,JAMA,Gonglin Tang; Xin Chen; Hongwei Zhao,2026-Jun-02,335,21,1902,10.1001/jama.2026.2851,
42035438,Effect of Platelet-Rich Plasma and Hyaluronic Acid Olfactory Cleft Injection on Traumatic Olfactory Dysfunction: A Prospective Randomized Clinical Trial.,International forum of allergy & rhinology,Rong-San Jiang; Jing-Jie Wang,2026-Jun,16,6,640-642,10.1002/alr.70174,
42033931,Psychological outcomes of botulinum toxin treatment for facial nerve palsy sequelae: A retrospective analysis of anxiety and depression.,"Auris, nasus, larynx",Keishi Fujiwara; Shinya Morita; Hiroko Yanagi; Kimiko Hoshino; Hideaki Takeda; Kento Komatsuda; Yuji Nakamaru; Yasushi Furuta; Akihiro Homma,2026-Jun,53,3,435-440,10.1016/j.anl.2026.04.001,
42033930,Distinct mechanisms of otitis media with effusion before/after treatment in nasopharyngeal carcinoma.,"Auris, nasus, larynx",Takumi Kumai; Syota Sakaue; Takahiro Inoue; Hisataka Ominato; Ryosuke Sato; Risa Wakisaka; Michihisa Kono; Hidekiyo Yamaki; Kenzo Ohara; Kan Kishibe; Miki Takahara,2026-Jun,53,3,429-434,10.1016/j.anl.2026.04.008,
42033723,Symptom-Based Dosing for Neonatal Opioid Withdrawal: Research Summary.,JAMA,,2026-Jun-23,335,24,e260759,10.1001/jama.2026.0759,
42033722,Symptom-Based Dosing for Neonatal Opioid Withdrawal: The OPTimize NOW Randomized Clinical Trial.,JAMA,Lori A Devlin; Denise C Babineau; Stephanie L Merhar; Sara B DeMauro; Walter K Kraft; Scott A Lorch; Abhik Das; Scott A McDonald; Evan Rhodes; Augusto F Schmidt; Lillian Trochinski; Margaret Crawford; Thitinart Sithisarn; Lawrence Leeman; Kelley Zagol Kovatis; Namasivayam Ambalavanan; Ryan W Smith; Sucheta Telang; Jennifer A Tioseco; Jennifer M McAllister; Scott L Wexelblatt; Bhanu Muniyappa; Patricia K Williams; Susan C Adeniyi-Jones; Crystal D Hill; Tanner Wright; Gregory M Sokol; Lynette Johnson; Richard W Hall; Scott D Duncan; Karen Puopolo; Krishna Dummula; Ann Anderson-Berry; Jonathan M Davis; Brenda Poindexter; Leslie W Young,2026-Jun-23,335,24,2114-2125,10.1001/jama.2026.5782,
42033721,As-Needed Medications in Newborn Opioid Withdrawal: A Better Standard.,JAMA,Matthew Grossman; Adam Berkwitt; Rachel Osborn,2026-Jun-23,335,24,2109-2110,10.1001/jama.2026.6412,
42030448,Disease Remission: A Scoping Review With Thematic Analysis of the Scientific Literature With Implications for Chronic Rhinosinusitis.,International forum of allergy & rhinology,Nikhil Parail; Lynn Warner; Stacey T Gray; Claire Hopkins; Peter H Hwang; Sarah K Wise; Katie M Phillips; Ahmad R Sedaghat,2026-Jun,16,6,615-629,10.1002/alr.70173,
42024978,Pilot evaluation of a large language model-mediated pre-consultation interview for vestibular disorders.,"Auris, nasus, larynx",Yoshimaru Mizoguchi; Keiji Honda; Natsuki Aoki; Takeshi Tsutsumi,2026-Jun,53,3,423-428,10.1016/j.anl.2026.04.006,
42024418,What Is Benign Paroxysmal Positional Vertigo?,JAMA,Kristin Walter,2026-Jun-09,335,22,1994,10.1001/jama.2026.2507,
42024417,Sustained Locoregional Control With Deintensified Chemoradiotherapy for HPV Oropharyngeal Carcinoma.,JAMA otolaryngology-- head & neck surgery,Ryan T Morse; Ying Cao; Victoria Xu; Jared Weiss; Siddharth Sheth; Shetal Patel; Jeffrey M Blumberg; Wendell G Yarbrough; Catherine Lumley; Trevor Hackman; Samip Patel; Stephen B Huff; Michael C Repka; Roi Dagan; William Mendenhall; Colette J Shen; Xuguang S Chen; Bhishamjit S Chera,2026-Jun-01,152,6,595-603,10.1001/jamaoto.2026.0617,
42024415,Safety of Hypotensive Agents in Endoscopic Sinus Surgery-Reply.,JAMA otolaryngology-- head & neck surgery,Abdelrahman Saeed; Omar Saeed; Muhammed Elhadi,2026-Jun-01,152,6,639-640,10.1001/jamaoto.2026.0590,
42024413,MDASI-HN Symptom Profiling for Early-Risk Stratification of Hypoglossal Neuropathy in Survivors of Oropharyngeal Cancer.,JAMA otolaryngology-- head & neck surgery,Wenye Song; Christine B Peterson; Ariana Sahli; Xiaowen Sun; Carly Barbon; Amy C Moreno; Nicolaas C Anderson; Holly McMillan; J Jack Lee; Steven J Frank; Clifton David Fuller; Stephen Y Lai; Katherine Hutcheson,2026-Jun-01,152,6,586-594,10.1001/jamaoto.2026.0518,
42024406,Diagnosis and Treatment of Benign Paroxysmal Positional Vertigo.,JAMA,Kevin A Kerber; Wendy Carender; William J Meurer,2026-Jun-09,335,22,1983-1984,10.1001/jama.2026.1927,
42024404,Lives Inside of Boxes.,JAMA,Matthew Davis,2026-Jun-09,335,22,1935,10.1001/jama.2026.4906,
42024376,Safety of Hypotensive Agents in Endoscopic Sinus Surgery.,JAMA otolaryngology-- head & neck surgery,Ming-Hui Hung; Shu-Yueh Cheng,2026-Jun-01,152,6,638-639,10.1001/jamaoto.2026.0587,
42019409,Outcomes of folded submental flap reconstruction for full-thickness cheek defects in advanced oral cavity cancer.,"Auris, nasus, larynx",Chia-Ho Chen; Shao-Cheng Liu; Yueng-Hsiang Chu; Jih-Chin Lee,2026-Jun,53,3,417-422,10.1016/j.anl.2026.02.007,
42013689,"Assessing Eustachian tube passage and active opening with the Valsalva maneuver: Diagnostic performance, limitations, and its complementary role with sonotubometry.","Auris, nasus, larynx",Saki Takee; Masatsugu Masuda; Atsushi Murakami; Yasuhiro Hamanoue; Nobuo Saito; Haruka Abe; Takehiro Matsuda; Yoshiko Miyama; Koichiro Saito,2026-Jun,53,3,407-416,10.1016/j.anl.2026.04.004,
42012975,"Preventing Pregnancy-Related Cardiovascular Disease Burden: A Report From the National Academies of Sciences, Engineering, and Medicine.",JAMA,Rachel M Bond; Michelle P Debbink; Amy Geller; Tracy A Lieu,2026-Jun-09,335,22,1929-1931,10.1001/jama.2026.6717,
42008312,Eliminating Unnecessary Animal Testing.,JAMA,Tracy Beth Høeg; Steven Kozlowski; Haleh Saber; Martin A Makary,2026-Jun-16,335,23,2011-2014,10.1001/jama.2026.7074,
42000415,Molecular biologic and Epstein-Barr virologic advances in extranodal natural killer/T cell lymphoma over the past four decades.,"Auris, nasus, larynx",Yasuaki Harabuchi,2026-Jun,53,3,393-406,10.1016/j.anl.2026.04.003,
41989813,Machine Learning-Based Synthetic Computed Tomography Derived From Temporal Bone Magnetic Resonance Imaging.,JAMA otolaryngology-- head & neck surgery,Marlise D van der Veen; Bas Jasperse; Pim de Graaf; Joost P A Kuijer; Thadé Goderie; Paul Merkus,2026-Jun-01,152,6,578-585,10.1001/jamaoto.2026.0432,
41989777,Transoral Thyroidectomy-Is the Juice Worth the Squeeze?,JAMA otolaryngology-- head & neck surgery,Antoine Eskander; Justine Philteos,2026-Jun-01,152,6,549-550,10.1001/jamaoto.2026.0430,
41989775,Error in Introduction.,JAMA otolaryngology-- head & neck surgery,,2026-Jun-01,152,6,640,10.1001/jamaoto.2026.0897,
41989773,Swallowing Function and Perioperative Complications After Transoral Robotic Surgery.,JAMA otolaryngology-- head & neck surgery,Emilie C M de Groot; Minjee Kim; Edward S Sim; Sarah C Nyirjesy; Tessa A Goldsmith; Allison S Holman; Holly J Calhoun; Mark A Varvares; Daniel G Deschler; Derrick T Lin; Allen L Feng; Jeremy D Richmon,2026-Jun-01,152,6,618-625,10.1001/jamaoto.2025.5584,
41989767,Barriers and Facilitators to Timely Adjuvant Therapy for Head and Neck Cancer in Rural Care.,JAMA otolaryngology-- head & neck surgery,Garrett T Wasp; Shahed Khudaier; Olivia Siroonian; Michelle E C Coogan; Catherine Anton; Karen L Fortuna; Stephanie Papas; Rebecca Skrypeck; Lucia Wing; Justin O'Farrell; Prashanthi Divakar; Philip E Schaner,2026-Jun-01,152,6,569-577,10.1001/jamaoto.2026.0369,
41989763,Time Is Finite.,JAMA,Jenna Taglienti,2026-Jun-02,335,21,1844,10.1001/jama.2026.3656,
41984447,"Fever, Rash, and Shortness of Breath in a Previously Healthy 52-Year-Old Man.",JAMA,Paul Bellmann; Maximilian Lammer; Alexander Tschoner,2026-Jun-02,335,21,1895-1896,10.1001/jama.2026.2596,
41983533,Exploring Sleep Quality and Chronic Rhinosinusitis Risk Using Wearable Technology.,International forum of allergy & rhinology,Justina Varghese; Aakash Agarwal; Akshay R Prabhakar; Heli Majeethia; Daniel Gorelik; Sebastian Guadarrama-Sistos-Vazquez; Renjie Hu; Michael T Yim; Ron L Moses; Masayoshi Takashima; Omar G Ahmed,2026-Jun,16,6,636-639,10.1002/alr.70169,
41961406,Evaluation of the Quality of Life in Adults With Acute Rhinosinusitis.,International forum of allergy & rhinology,Melissa Cummins; Ruifeng Cui; Ashley O'Malley; Hassan H Ramadan; Chadi A Makary,2026-Jun,16,6,633-635,10.1002/alr.70162,
41954901,Intracapsular vs Extracapsular Tonsillectomy Recovery Time: The FINITE Randomized Clinical Trial.,JAMA otolaryngology-- head & neck surgery,Tapani Uusitalo; Henrik Sjöblom; Lotta E Ivaska; Tommi Kauko; Hannu Kokki; Iisa Mansikka; Eero Kytö; Jaakko Piitulainen,2026-Jun-01,152,6,552-559,10.1001/jamaoto.2026.0284,
41954898,Low-Dose Aspirin and Central Presbycusis: A Substudy of the ASPREE Randomized Clinical Trial.,JAMA otolaryngology-- head & neck surgery,Gary Rance; Julien Zanin; Carlene J Britt; Cammie Tran; John J McNeil,2026-Jun-01,152,6,560-568,10.1001/jamaoto.2026.0338,
41949900,Air Quality Index Association With Cytokine Inflammatory Markers in Chronic Rhinosinusitis.,International forum of allergy & rhinology,Nanda Nayak; Christina Dorismond; Rory Lubner; Daniel Lofgren; Ping Li; Katherine Cahill; Mason Krysinski; Rakesh Chandra; Justin Turner; Naweed Chowdhury,2026-Jun,16,6,630-632,10.1002/alr.70164,
41946172,Current status of imaging in residual or recurrent squamous cell carcinoma of the head and neck.,"Auris, nasus, larynx",Nobuo Kashiwagi; Takashi Fujii; Takatoshi Aoki; Masahiro Yanagawa; Takahiro Nakagawa; Mutsukazu Kitano; Noriyuki Tomiyama,2026-Jun,53,3,380-392,10.1016/j.anl.2026.03.003,
41926094,A Patient With Tooth Mobility and a Maxillary Lesion.,JAMA otolaryngology-- head & neck surgery,Victoria L Scarpa; Alexander B Pascal; King Chong Chan,2026-Jun-01,152,6,633-634,10.1001/jamaoto.2026.0201,
41921449,Successful management of near-infrared photoimmunotherapy-induced skin injury using pedicled flap transfer.,"Auris, nasus, larynx",Mayu Shigeyama; Naoki Nishio; Akihisa Wada; Seiya Goto; Sayaka Yokoi; Michihiko Sone,2026-Jun,53,3,375-379,10.1016/j.anl.2026.03.009,
41916771,"Correction to ""Washing Illness Away: A Systematic Review of the Impact of Nasal Irrigation and Spray on COVID-19"".",The Laryngoscope,,2026-Jun,136,6,2827,10.1002/lary.70541,
41895172,Early experience with hypoglossal nerve stimulation in Japanese patients: Trends in operative time and treatment outcomes.,"Auris, nasus, larynx",Ayako Inoshita; Erina Ishimizu; Shinichi Ohba; Yuka Ito; Masaki Kotajima; Nanako Shiroshita; Hiroko Koiwai; Fusae Kawana; Izumi Kawagoe; Takatoshi Kasai; Fumihiko Matsumoto,2026-Jun,53,3,367-374,10.1016/j.anl.2026.03.006,
41895171,Language development after pediatric cochlear implantation: Why outcomes vary and how to optimize clinical management.,"Auris, nasus, larynx",Hiroshi Yamazaki,2026-Jun,53,3,356-366,10.1016/j.anl.2026.03.008,
41892394,Revision endoscopic sinus surgery is rarely needed in dupilumab-treated chronic rhinosinusitis with nasal polyps.,Rhinology,P Kemp; J J Otten; H B E Elzinga; R J L van der Lans; G F J P M Adriaensen; L B L Benoist; M E Cornet; R Hoven; B Rinia; W J Fokkens; S Reitsma,2026-Jun-01,64,3,327-333,10.4193/Rhin24.401,
41891950,Reconsidering biologic treatment recommendations for CRSwNP without asthma in EUFOREA guidelines.,Rhinology,J Oppenheimer; G W Canonica; P Chanez; J Maza-Solano; C Tacon; K Kallinikou; P Howarth; M Bonini; I Eguiluz-Gracia; A Bourdin,2026-Jun-01,64,3,430-432,10.4193/Rhin25.359,
41885812,Stillbirth.,JAMA,Kristin Walter,2026-Jun-16,335,23,2080,10.1001/jama.2026.2451,
41872116,New Frontiers in Microvascular Reconstruction of Mandibular Osteoradionecrosis.,The Laryngoscope,P Daniel Knott; Samuel H Selesnick,2026-Jun,136,6,2394-2395,10.1002/lary.70519,
41865703,Deep learning-based computer-aided diagnosis for parotid gland tumors on MRI.,"Auris, nasus, larynx",Yuki Irifune; Sohei Mitani; Koji Kinoshita; Naoto Kawaguchi; Takashi Kitani; Eriko Sato; Yuki Hosokawa; Masaharu Isshiki; Kazuki Yoshida; Takashi Mukaigawa; Naohito Hato,2026-Jun,53,3,349-355,10.1016/j.anl.2026.02.012,
41865702,Aural fullness-dominant patulous eustachian tube: Clinical characteristics based on objective findings.,"Auris, nasus, larynx",Takeshi Oshima; Marin Yoshida; Hidetoshi Oshima; Hideshi Shindo; Ryoji Hirai,2026-Jun,53,3,344-348,10.1016/j.anl.2026.03.004,
41865701,Modified chopsticks technique (M-CHOP) in endoscopic nasal surgery: A single-surgeon approach for stable visualization and precision.,"Auris, nasus, larynx",Kojiro Hirano; Shota Teguchi; Masakazu Murayama; Yojiro Kawamura; Isao Suzaki; Toshikazu Shimane,2026-Jun,53,3,341-343,10.1016/j.anl.2026.03.007,
41850198,Vestibular rehabilitation strategies of the Japan Society for Equilibrium Research.,"Auris, nasus, larynx",Hiroaki Fushiki; Hirofumi Ogihara; Tomohiko Kamo; Tomoyuki Shiozaki; Go Sato; Fumiyuki Goto; Toshiaki Yamanaka; Tadashi Kitahara; Arata Horii; Izumi Koizuka; Noriaki Takeda; Hideo Shojaku,2026-Jun,53,3,332-340,10.1016/j.anl.2026.03.005,
41844022,Conversion surgery following trastuzumab and docetaxel combination therapy for unresectable HER2-positive parotid gland cancer.,"Auris, nasus, larynx",Satoshi Kano; Jun Taguchi; Taku Maeda; Takayoshi Suzuki; Seijiro Hamada; Shun Kato; Atsuhiko Saito; Yasushi Shimizu; Akihiro Homma,2026-Jun,53,3,328-331,10.1016/j.anl.2026.03.001,
41841748,Piezosurgery-Assisted Endoscopic Transpterygoid Approach for Maxillary Ameloblastoma.,The Laryngoscope,Alessandro Ioppi; Nicola Bragagna; Walter Decaminada; Giangiacomo Sanna; Lorenzo Trevisiol; Ottavio Piccin,2026-Jun,136,6,2554-2557,10.1002/lary.70516,
41840449,Lessons in Otolaryngology: From Mentorship to Sponsorship.,The Laryngoscope,Amanda J Bastien; Janice L Farlow; Mia E Miller; Priya D Krishna; Anca M Barbu,2026-Jun,136,6,2396-2397,10.1002/lary.70495,
41834781,"Juvenile nasopharyngeal angiofibroma: nationwide study on incidence, diagnosis, treatment, and recurrence.",Rhinology,M El Haddouchi; P R G Eriksen; R H Dahl; M Kongsvad; W Krone; G Gal; M Holtmannspoetter; G Benndorf; G Lelkaitis; C von Buchwald,2026-Jun-01,64,3,405-414,10.4193/Rhin24.550,
41820230,The Evolution in Medical Assistance in Dying for Head and Neck Cancer.,The Laryngoscope,Shreya Mandava; Andrew G Shuman,2026-Jun,136,6,2391-2393,10.1002/lary.70499,
41800528,Type 2 inflammation promotes distinct metabolic profiles in chronic rhinosinusitis with nasal polyps.,Rhinology,T Yonaga; H Ishii; K Yoshimura; A Shimamura; K Sakamoto; T Matsuoka; D Sakurai,2026-Jun-01,64,3,427-429,10.4193/Rhin25.540,
41795477,Repetitive post-tonsillectomy hemorrhage subsequently diagnosed as lupus anticoagulant-associated coagulopathy in a child.,"Auris, nasus, larynx",Rie Sakamoto; Fumiaki Matsumi; Fumi Mashiyama; Shigeyuki Murono,2026-Jun,53,3,324-327,10.1016/j.anl.2026.02.010,
41786675,Transoral Minimal Access Mandibular Reconstruction Using Fibula Free Flap in Osteoradionecrosis.,The Laryngoscope,Derek J Vos; Emily Zhang; Neil N Patel; Sara W Liu; Peter J Ciolek; Brandon L Prendes; Eric D Lamarre; Michael A Fritz,2026-Jun,136,6,2581-2590,10.1002/lary.70475,
41786655,Factors Influencing Surgical Management of Patients With T4b Sinonasal Cancer.,The Laryngoscope,Valentina Montanez-Azcarate; Zoha Syed; Felipe Porto-Gutierrez; Brett Campbell; Alexa Kacin; Ernest Gomez; Scharukh Jalisi,2026-Jun,136,6,2621-2630,10.1002/lary.70452,
41786639,ACR-TIRADS Institution and Effect on Thyroid Surgeries in Veterans: A 10-Year Retrospective Study.,The Laryngoscope,Isabella W Leon; Davis S Chong; Bryle Nicole G Barrameda; Anusha A Gogulapati; Lane D Squires,2026-Jun,136,6,2820-2826,10.1002/lary.70438,
41785015,Global distribution of fungal rhinosinusitis.,Rhinology,S Zhou; R Kwizera; F Bongomin; L Okema; J Okot; E M Alcanzo; B E Ekeng; Y Kang; D W Denning; S de Hoog; S A Ahmed,2026-Jun-01,64,3,301-311,,
41784954,What Are Keratinocyte Carcinomas?,JAMA,Rebecca Voelker,2026-Jun-02,335,21,1912,10.1001/jama.2026.0022,
41780084,"Vestibular assessment in definite cerebellar Ataxia, Neuropathy, Vestibular Areflexia Syndrome (CANVAS): A case of siblings study.","Auris, nasus, larynx",Kazunori Matsuda; Go Sato; Sho Takaoka; Yusuke Osaki; Junya Fukuda; Miki Tomura; Seiichiro Kamimura; Eiji Kondo; Takahiro Azuma; Yoshiaki Kitamura; Yuishin Izumi; Noriaki Takeda,2026-Jun,53,3,309-323,10.1016/j.anl.2026.02.002,
41773539,Plain Film Acquisition Techniques for Identification of Cochlear Implant Magnet Displacement.,The Laryngoscope,Madison V Epperson; Robert E Watson; Cindy L Lange; Matthew L Carlson,2026-Jun,136,6,2761-2764,10.1002/lary.70449,
41731294,In-Office Injection for Retrograde Cricopharyngeal Dysfunction Treatment.,The Laryngoscope,Michael J Lahiff; Rachel B Kutler; Michael J Pitman; Hayley L Born,2026-Jun,136,6,2681-2683,10.1002/lary.70456,
41719101,Comparative analyses of COVID-19-related olfactory dysfunction and classical post-viral olfactory dysfunction: a multicenter retrospective study.,Rhinology,T Miwa; K Tsuzuki; I Suzaki; K Kondo; E Mori; M Kobayashi; M Suzuki; K Fushimi; T Saito; T Hirose; H Shiga; M Takeuchi; N Okuzawa; K Ogawa; R Sekine; M Nagai; M Tei; H Tanaka; Y Kishimoto; H Morishita; E Ishigami; H Nakanishi; R Ueha; Y Iinuma; Y Iida,2026-Jun-01,64,3,386-394,10.4193/Rhin25.396,
41717895,Olfactory bulb volume changes following olfactory training in normosmic individuals.,Rhinology,I Torvik Heian; A-S Helvik; T A Myklebust; E M Berntsen; T Hummel; S Nordgard; M Bratt; W Moe Thorstensen,2026-Jun-01,64,3,395-404,10.4193/Rhin25.424,
41701542,Real-world effectiveness of omalizumab in patients with chronic rhinosinusitis with nasal polyps (CRSwNP): findings from CHRINOSOR.,Rhinology,T Bartosik; S F Seys; J de Kinderen; M Wagenmann; M Bruch; A Andrianakis; X Gonzalez-Compta; V Hox; L Pardo MuÃ Oz; S Schneider; G Bettio; M Burian; J Eckl-Dorna; M Golet Fors; G Marien; C Morgenstern; K Scheckenbach; P-V Tomazic; A Tu; S Allu; Z Diamant; C Bachert; Chrinosor Consortium Isam Alobid Carlo Cavaliere Wytske Fokkens Peter W Hellings Claire Hopkins Adriana Izquierdo-Dominguez Xavier Jaumont Anette Kjeldsen Anu Laulajainen-Hongisto Valerie Lund Geoffrey Mortuaire Petter Olsson Laura Van Gerven Sietze Reitsma,2026-Jun-01,64,3,420-422,10.4193/Rhin25.514,
41698881,Gender and Academic Rank Disparities in Electronic Health Record Burden Among Otolaryngologists.,The Laryngoscope,Theresa Kim; Yassmeen Abdel-Aty; Sarah R Akkina; Greg Ator; Megan Ballard; Mihir K Bhayani; Lauren A Bohm; Hayley Born; Paul Bryson; Thomas L Carroll; Orly Coblens; Alissa Collins; Christine E DeMason; Karuna Dewan; Colin Edwards; Christina H Fang; Nyssa Fox Farrell; Meha Goyal Fox; Katie Geelan-Hansen; Carla Giannoni; Jennifer Gross; Anna H Grosz; Elizabeth Guardiani; Agnes Hurtuk; Hongzhao Ji; Richard Kelley; Ashley Elizabeth Kita; Natalie A Krane; Priya Krishna; Maggie Kuhn; Brian C Lobo; Lyndsay L Madden; Stephanie Misono; Nadia Moyhuddin; Matthew R Naunheim; Miriam O'Leary; Sachin Pawar; Nicholas C Purdy; Mindy Rabinowitz; Anaïs Rameau; Katherine Rieth; Jose W Ruiz; Melissa Scholes; Alice L Tang; Neelu Tummala; Andrew M Vahabzadeh-Hagh; James Wang; Lyndy Wilcox; Kathleen Yaremchuk; Vivian Yu; John Paul Giliberto,2026-Jun,136 Suppl 3,,S7-S20,10.1002/lary.70431,
41689432,ALT Rescue Flap With Iliac Crest Bone Graft and Spanning Plate for Mandibular ORN.,The Laryngoscope,Derek J Vos; Sara W Liu; Peter J Ciolek; Brandon L Prendes; Michael A Fritz,2026-Jun,136,6,2573-2580,10.1002/lary.70440,
41686484,Olfactory vulnerability in older adults undergoing endoscopic skull base surgery: insights from olfactory strip elevation.,Rhinology,J Kim; C-S Rhee; I K Choi; J-A Park; J Oh; S A Ko; K Hwang; J-W Kim; T-B Won; H-W Shin; S-W Cho,2026-Jun-01,64,3,377-385,10.4193/Rhin25.450,
41657334,Fluorescence Guidance Reduces Operative Time for Sentinel Lymph Node Biopsy in the Head and Neck.,The Laryngoscope,Morgan Davis Mills; Sophie S Jang; Ryotaro Ogawa; Edward Ashworth; Christopher V Barback; David J Hall; David R Vera; Theresa Guo,2026-Jun,136,6,2614-2620,10.1002/lary.70428,
41657070,Upper Airway Obstruction due to Kaposi Sarcoma-Presenting Sign of HIV: Case Report and Review.,The Laryngoscope,Zachary A Wykoff; Logan F McColl; Robert A Baiocchi; Matthew O Old,2026-Jun,136,6,2631-2637,10.1002/lary.70359,
41656581,Anterolateral-Thigh Fascia Lata Free Flap Versus Fibula Free Flap for Mandibular Osteoradionecrosis.,The Laryngoscope,Conrad K Blunck; Alexander Havens; Michael A Fritz; Brandon L Prendes; Derek J Vos; Amani Alvi; Sara Liu; Dane J Genther; Peter J Ciolek,2026-Jun,136,6,2565-2572,10.1002/lary.70416,
41654325,Prognostic Value of Impaired Vocal Cord Mobility in T2N0 Glottic Cancer Treated With IMRT.,The Laryngoscope,Alexander Rühle; Ranjan Subramani; Jie Su; Brian O'Sullivan; John N Waldron; Andrew Hope; Andrew Bayley; Andrew McPartlin; Nauman Malik; Scott V Bratman; Ali Hosni; John Kim; Ian Witterick; John R de Almeida; Christopher Yao; Anna Spreafico; C Jillian Tsai; Li Tong; Wei Xu; Shao Hui Huang; Ezra Hahn,2026-Jun,136,6,2605-2613,10.1002/lary.70424,
41649402,Dupilumab Beyond the Airway: Decreased Morbidity in a Real-World Analysis.,International forum of allergy & rhinology,Emma J Anisman; Spencer Short; Emma Tam; Benjamin F Bitner; Abdulghafoor Alani; Marc Rosen; Mindy Rabinowitz; Damaris Pena Evertz; Elina Toskala; Gurston G Nyquist,2026-Jun,16,6,607-614,10.1002/alr.70111,
41646023,Role of Pediatric Otolaryngologist in Pediatric Tracheostomy Code Blue Cases: A New Safety Initiative.,The Laryngoscope,Deepa Shivnani; Miles Jonathan Klimara; M S Shruthi; Dnyanesh Balkrishna Amle; Matthew Ern Lin; Ian Kim; R N Ashwath Ram; Eswaran Venkat Raman; Gnanam Aram; Mallikarjun Ravi Kobal; Olivia E Speed; Maie A St John; Dinesh Chhetri,2026-Jun,136,6,2769-2776,10.1002/lary.70422,
41641788,Characterizing Secondary Velopharyngeal Surgery in Children With Cleft Palate at an Academic Center.,The Laryngoscope,Lauren E Williamson; Krishna G Patel; Matthew H Cheung; Mathew J Gregoski; Melissa S Montiel; Phayvanh P Pecha,2026-Jun,136,6,2792-2800,10.1002/lary.70414,
41636338,Choice and Death: Analysis of Medical Assistance in Dying for Head and Neck Cancer in Ontario.,The Laryngoscope,Tanika Curry; Emily Wener; Michael Odell; Lisa Caulley; Rashi Ramchandani; Alyssa Grant; Kednapa Thavorn; Andrea Lasso; Shaun Kilty,2026-Jun,136,6,2598-2604,10.1002/lary.70410,
41631678,Implementing the Palatal Plate for Robin Sequence Beyond the Originating Center: How I Do It.,The Laryngoscope,Agnès Giuseppi; Nancy Vegas; Briac Thierry; Véronique Soupre; Alexandre Donatien; Pauline Adnot; Brigitte Fauroux; Alexandre Lapillonne; Romain Luscan,2026-Jun,136,6,2801-2804,10.1002/lary.70411,
41631410,Effect of Mepolizumab on Middle Ear Disease and Hearing Outcomes in CRSwNP.,The Laryngoscope,Anne-Sophie Homøe; Jens Tidemandsen; Kasper Aanæs; Vibeke Backer; Ramon G Jensen,2026-Jun,136,6,2752-2760,10.1002/lary.70399,
41623227,Natural History of Sensorineural Hearing Loss in Children With STRC Mutations.,The Laryngoscope,Kenny H Chan; Emily E Nightengale; Setareh Ekhteraei; Ericka Schicke; Suhong Tong; Austin Zhu; Barbara K Burton,2026-Jun,136,6,2784-2791,10.1002/lary.70404,
41623203,Exploring Real-Time Tracking of Vocal Fold Polyps in Video-Stroboscopy Using Deep Learning.,The Laryngoscope,Sanjana Kaza; Abhinita S Mohanty; Aisha Serpedin; Jenny Yau; Yeo Eun Kim; Rachel B Kutler; Olivier Elemento; Lucian Sulica; Pegah Khosravi; Anaïs Rameau,2026-Jun,136,6,2511-2518,10.1002/lary.70396,
41618746,Mandibular Osteoradionecrosis: Mandibular Preservation Using Humeral Periosteal Free Flap Wrapping.,The Laryngoscope,Sandrine Vlavonou; Jean-Philippe Foy; Mourad Benassarou; Chloé Bertolus; Thomas Schouman,2026-Jun,136,6,2558-2564,10.1002/lary.70403,
41618731,Nasal Air-Jet Sensitivity Differentiates Empty Nose Syndrome and Turbinate Reduction Patients: A Pilot Study.,The Laryngoscope,Kanghyun Kim; Ahmad Odeh; Jack Harness; Nidhi Jha; Veronica Formanek; Joseph Lee; Bradley Otto; Kathleen Kelly; Kai Zhao,2026-Jun,136,6,2491-2498,10.1002/lary.70398,
41609389,Appropriate Medical Therapy Primarily Modifies Type 2 and Severity Biomarkers in Chronic Rhinosinusitis.,International forum of allergy & rhinology,Asher C Park; Brooke N Gleason; Eli Stein; Saied Ghadersohi; Atsushi Kato; Stephanie Shintani-Smith; David B Conley; Kevin C Welch; Robert C Kern; Bruce K Tan,2026-Jun,16,6,595-606,10.1002/alr.70105,
41588706,Decoding Gender in Cough Sounds: A Transformer-Based Analysis.,The Laryngoscope,Linh He; Haomiao Li; Siyan Wang; Eunice Baik; Sarah Kervin; Robin Zhao; John M Ramos; Joseph Colonel; Anaïs Rameau,2026-Jun,136,6,2519-2527,10.1002/lary.70393,
41587102,"Efficacy and Safety of Biologics, Allergen Immunotherapy, and Pharmacotherapies for Moderate-to-Severe Allergic Rhinitis: A Network Meta-Analysis.",International forum of allergy & rhinology,Zengxiao Zhang; Dandan Fang; Chengshuo Wang; Yuan Zhang; Luo Zhang,2026-Jun,16,6,582-594,10.1002/alr.70108,
41578877,Mesna in Otologic Surgery: Efficacy and Safety-A Scoping Review.,The Laryngoscope,Kevork H Atamian; Inabat Yermesheva; Ostap Orishchak; Hady Tall; Sam J Daniel,2026-Jun,136,6,2449-2460,10.1002/lary.70368,
41578654,Hardware Exposure After Mandibular Reconstruction: Bone Versus Soft Tissue Free Flap Comparison.,The Laryngoscope,Hasan Abdulbaki; Angeline A Truong; Laura Chen; Chase M Heaton; Philip D Knott; Andrea M Park; Mary J Xu; Katherine C Wai,2026-Jun,136,6,2591-2597,10.1002/lary.70373,
41578640,Real-Time Dynamic Ultrasound Characteristics of the Thyrohyoid Space in Vocal Hyperfunction Mode.,The Laryngoscope,Liao Fang; Yang Jinshan; Chen Wenjun; Ruan Jingliang; Liu Rongbin; Su Yangzhou; Zou Xin; Wei Jiayi; Xu Xiaolin; Liang Faya,2026-Jun,136,6,2663-2671,10.1002/lary.70388,
41578617,Economic Evaluation of Tympanostomy Tube Placement.,The Laryngoscope,Keith D Brendes; Chase Beckerman; Andrew Ritchey; Nathan C Page; Mark E Gerber,2026-Jun,136,6,2765-2768,10.1002/lary.70391,
41574646,Targeted biologics for chronic rhinosinusitis with nasal polyps: efficacy and safety comparison of eight monoclonal antibodies via network meta-analysis.,Rhinology,X Wang; P Ren; H He; J Zhao; Y Xin; H Wang; X Ren; K Zhu; J Chen,2026-Jun-01,64,3,290-300,10.4193/Rhin25.395,
41574596,Algorithmic Surgical Management of Primary Hyperparathyroidism and Its Variants: A Scoping Review.,The Laryngoscope,Fleur Kabala; Todd Falcone; Kourosh Parham,2026-Jun,136,6,2426-2439,10.1002/lary.70382,
41574552,"Digital intervention for smell training: a real-world study on engagement, adherence, and behavioural dynamics.",Rhinology,C Besevli; G Brianza; C Dawes; S Mathur; S Beganovic; D Boak; A Fatah Gen Schieck; M Lechner; E Maggioni; C Philpott; M Obrist,2026-Jun-01,64,3,367-376,10.4193/Rhin25.290,
41562324,Effects of Anesthetic Depth Using the Bispectral Index During Sleep Endoscopy With PAP Titration.,The Laryngoscope,Jefferson DeKloe; Erin Creighton; Jay Trivedi; Nicole Molin; Patrick Hunt; Maurits Boon; Colin Huntley,2026-Jun,136,6,2814-2819,10.1002/lary.70361,
41562196,Endoscopic Repair of a Superior Orbital Roof Blow-In Fracture: A Rare Case Report.,The Laryngoscope,Ergin Eroğlu; Burçay Tellioğlu; Yasin Gökçınar; Serdar Özer,2026-Jun,136,6,2499-2502,10.1002/lary.70387,
41562156,Disease Regression of Contralateral Reactive Lesions Following Office-Based Laryngeal Surgery.,The Laryngoscope,Abdul-Latif Hamdan; Lana Ghzayel; Lucien Khalil; Valerie Sarkis; Ghena Lababidi; Jad Hosri; Ibana Carapiperis; Patrick Abou Raji Feghali,2026-Jun,136,6,2672-2677,10.1002/lary.70389,
41556643,The Role of Proteases in Epithelial Dysregulation in Fungal Sinusitis.,International forum of allergy & rhinology,Sonam Verma; Iris Lee; John S Schneider; Nyssa F Farrell; Peggy L Kendall; Lauren T Roland,2026-Jun,16,6,572-581,10.1002/alr.70107,
41555495,In Reference to Tracheostomy Dependence in Hypopharyngeal Cancer: Comparative Prognostic Impact of CRT Versus Surgery.,The Laryngoscope,Lala Sha; Xiaohong Xie,2026-Jun,136,6,E94-E95,10.1002/lary.70349,
41555489,In Response to Tracheostomy Dependence in Hypopharyngeal Cancer: Comparative Prognostic Impact of CRT Versus Surgery.,The Laryngoscope,Chien-Yi Yang; Shao-Cheng Liu,2026-Jun,136,6,E96-E97,10.1002/lary.70347,
41555208,Dysphonia Is Associated With Anxiety and Depression in the All of Us Research Program.,The Laryngoscope,Hannah N W Weinstein; Michael W Denham; Lauren H Tucker; Justin S Golub; Hayley L Born,2026-Jun,136,6,2648-2654,10.1002/lary.70372,
41549538,Preoperative SGLT2 Inhibitors and Postoperative Complications After Tracheostomy in Type 2 Diabetes.,The Laryngoscope,Sohil Singh; Sagar Singh Matharu; Ankit Choudhury; Ryan Puccia,2026-Jun,136,6,2528-2540,10.1002/lary.70374,
41537280,Comparable Outcomes in Pediatric and Adult Patients With Sudden Sensorineural Hearing Loss.,The Laryngoscope,Changshuo Shan; Jiao Zhang; Xin Zhou; Xiaonan Wu; Guohui Chen; Chunyan Liu; Jing Guan; Yun Gao; Dayong Wang; Qiuju Wang,2026-Jun,136,6,2735-2744,10.1002/lary.70371,
41537227,Acromegaly Presenting With Cricoarytenoid Joint Arthropathy.,The Laryngoscope,Samantha Salvi Cruz; Riley Larkin; Ioan Lina; Alexander Gelbard,2026-Jun,136,6,2678-2680,10.1002/lary.70369,
41537219,Optical Coherence Tomography in Pediatric Airway Surgery: A Case Series and Focused Review.,The Laryngoscope,Rebecca Paquin; Jenny Zablah; Marta Kulich; Jacob Boyd; Max B Mitchell; Gareth Morgan; Jeremy Prager,2026-Jun,136,6,2777-2783,10.1002/lary.70367,
41532683,Local Specific IgE Levels Can Predict and Monitor the Therapeutic Response to Subcutaneous Immunotherapy With House Dust Mite.,International forum of allergy & rhinology,Xu Xu; Jingyun Li; Xu Zhang; Yu Song; Lin Xi; Luo Zhang; Yuan Zhang,2026-Jun,16,6,561-571,10.1002/alr.70098,
41532610,Gender-Affirming Feminization Voice Surgery: A Scoping Review of Preoperative Assessments.,The Laryngoscope,Jadin Chahade; Hedieh Keshavars; Janice Y Kung; Teresa L D Hardy; Caroline C Jeffery,2026-Jun,136,6,2440-2448,10.1002/lary.70370,
41532608,Surgical Adequacy in ESS for Primary Diffuse CRS: Expert Consensus Recommendations.,The Laryngoscope,Daniela Lucidi; Carlotta Pipolo; Fabio Pagella; Davide Mattavelli; Paolo Battaglia; Eugenio De Corso; Enzo Emanuelli; Marco Ferrari; Massimiliano Garzaro; Luca Malvezzi; Daniele Marchioni; Ernesto Pasquini; Stefano Pelucchi; Livio Presutti; Mario Turri Zanoni; Carla Cantaffa; Matteo Alicandri-Ciufelli,2026-Jun,136,6,2481-2490,10.1002/lary.70365,
41532567,TGFβ/Smad2/3-Mediated Crosstalk Between Vocal Fold Fibroblasts and Myoblasts In Vitro.,The Laryngoscope,Masayoshi Yoshimatsu; Ryosuke Nakamura; Renjie Bing; Gary J Gartling; Aaron M Johnson; Ryan C Branski,2026-Jun,136,6,2638-2647,10.1002/lary.70366,
41521892,Upper and lower airways response to tezepelumab in asthma patients with / without comorbid nasal polyposis: a 6-months reallife perspective.,Rhinology,M Caminati; A Mastrototaro; M Maule; M Schiappoli; R Vaia; M Zurlo; F Bini; L Brussino; M Dâ Amato; A M Marra; S Nicola; J W V Schroeder; G Senna; R Benoni,2026-Jun-01,64,3,334-341,10.4193/Rhin25.474,
41521868,Assessment of the extent of previous endoscopic sinus surgery using the ACCESS score in patients with chronic rhinosinusitis referred to tertiary care rhinologic clinics.,Rhinology,M Lazzeroni; R Hoven; E de Corso; C Montuori; A R Sedaghat; A Sarafidou; J Constantinidis; C Hopkins; B R Castro; Z Patel; P Capaccio; W J Fokkens; S Reitsma,2026-Jun-01,64,3,349-356,10.4193/Rhin25.236,
41521571,Efficacy of Intracordal Trafermin Injection Using Propensity Score Matching in Age-Related Vocal Fold Atrophy.,The Laryngoscope,Tomohiro Hasegawa; Yusuke Watanabe,2026-Jun,136,6,2655-2662,10.1002/lary.70360,
41510640,Assessment of 7-Item Eustachian Tube Dysfunction Questionnaire in a Clinical Population.,The Laryngoscope,Amina Khan; Lawrence Wang; John Parsons; Karolina Charaziak,2026-Jun,136,6,2745-2751,10.1002/lary.70363,
41508908,Impedance-Controlled Multipoint Radiofrequency Ablation for Chronic Rhinitis: A Randomized Controlled Trial.,International forum of allergy & rhinology,Masayoshi Takashima; Randall A Ow; Richard D Thrasher; Ellen M O'Malley; William R Blythe; Omar G Ahmed,2026-Jun,16,6,553-560,10.1002/alr.70101,
41493114,A Dual Setback: Staphylococcus aureus Biofilms From Severe Chronic Rhinosinusitis Show Enhanced Virulence Capacity and Tolerance to Antibiotics.,International forum of allergy & rhinology,Gohar Shaghayegh; Clare Cooksley; Cate Cheney; Sima Kianpour Rad; Beula Subashini Panchatcharam; Emma F Barry; Sholeh Feizi; George Bouras; Alkis James Psaltis; Peter-John Wormald; Sarah Vreugde,2026-Jun,16,6,541-552,10.1002/alr.70092,
41489179,In Response to Impact of Obesity on the Structured Histopathology of Chronic Rhinosinusitis Patients.,The Laryngoscope,Daniel X Ma; Ali Baird; Peter Papagiannopoulos,2026-Jun,136,6,E86-E87,10.1002/lary.70329,
41489166,In Reference to Impact of Obesity on the Structured Histopathology of Chronic Rhinosinusitis Patients.,The Laryngoscope,Weitao An; Yahong Li,2026-Jun,136,6,E84-E85,10.1002/lary.70331,
41489089,A Multimodal Approach for Deep-Learning Classification of Vocal Fold Pathologies in Stroboscopy.,The Laryngoscope,Sruthi Surapaneni; Rachel B Kutler; Sean A Setzen; Yeo Eun Kim; Peter Yao; Sana H Siddiqui; Michael J Pitman; Lucian Sulica; Olivier Elemento; Pegah Khosravi; Anaïs Rameau,2026-Jun,136,6,2503-2510,10.1002/lary.70355,
41487116,From postoperative cerebrospinal fluid leak to meningitis: unveiling the risk factors for meningitis after endoscopic skull base surgery.,Rhinology,C Lee; D Kim; G Ryu; W-J Lee; D-S Kong; S D Hong,2026-Jun-01,64,3,357-366,10.4193/Rhin25.357,
41487101,Comparative study between different methods for treatment of recurrent anterior idiopathic epistaxis in children: a prospective randomized clinical study.,Rhinology,A M Abdelghany; A A A Hendy; A F Allam,2026-Jun-01,64,3,342-348,10.4193/Rhin25.530,
41487079,Sinonasal outcomes on nasal acoustics and resonance (SONAR).,Rhinology,N Berick; F Jahshan; M Darawshe; I Braverman; I Shochat,2026-Jun-01,64,3,425-426,10.4193/Rhin25.486,
41487053,Endoscopic sinus surgery versus biologic therapy for chronic rhinosinusitis with nasal polyposis: a systematic review with meta-analysis.,Rhinology,H Majeethia; Z Mehdi; O G Ahmed; M Takashima; G A Kelley; J Lee; H H Ramadan; C A Makary,2026-Jun-01,64,3,415-417,10.4193/Rhin25.345,
41482832,Stress and Audiometric Hearing Loss in the National Hispanic Community Health Study/Study of Latinos.,The Laryngoscope,Michael W Denham; Alexis E Willy; Hannah N W Weinstein; S Dillon Powell; Lauren H Tucker; Justin S Golub,2026-Jun,136,6,2727-2734,10.1002/lary.70345,
41482818,The ENT Management of Acute Frontal Sinusitis With Intracranial Complications in Adult Patients.,The Laryngoscope,Ding Yang; Timothy Davies; Gabrielle Thompson; Stephen P Williams; Haleema Nadir; Inga Usher; Smonica Kaur; Thomas F C Saunders; Rohini Aggarwal; Rajeev Advani; Amr Abdelhamid; Samuel Leong; John de Carpentier; Archana Jaiswal; Rajiv K Bhalla; Bilal Anwar,2026-Jun,136,6,2473-2480,10.1002/lary.70343,
41472338,Continuous Sleep Monitoring Using the Withings Sleep Mat to Assess Mean Disease Alleviation in OSA.,The Laryngoscope,Praneet C Kaki; Maya Childs; Randy Calotti; Jaehee Kim; Nicole Molin; Erin Creighton; Maurits Boon; Colin Huntley,2026-Jun,136,6,2805-2813,10.1002/lary.70352,
41469328,In Reference to Bilateral Sudden or Chronic Hearing Loss as an Auditory Manifestation of Mitochondrial DNA Mutations.,The Laryngoscope,Josef Finsterer,2026-Jun,136,6,E98-E99,10.1002/lary.70348,
41469321,In Response to Bilateral Sudden on Chronic Hearing Loss as an Auditory Manifestation of Mitochondrial DNA Mutations.,The Laryngoscope,Chin-Nung Liu; Hong-Yu Yan; Chen-Chi Wu,2026-Jun,136,6,E100-E101,10.1002/lary.70346,
41467320,Outcomes and Innervation of Gracilis for Pediatric Facial Paralysis: A Systematic Review.,The Laryngoscope,Kaiwen Chen; Shaun A Nguyen; Warren B Chun; Charles M Henry; Matthew H Cheung; Cory Hyun-Su Kim; Michelle S Hwang,2026-Jun,136,6,2461-2472,10.1002/lary.70342,
41459837,Histamine 2-Receptor Antagonists Tachyphylaxis: A Scoping Review.,The Laryngoscope,James H Clark; Zilla Hussain; Lee Akst; Stanley L Marks; Peter C Belafsky,2026-Jun,136,6,2412-2425,10.1002/lary.70337,
41459784,Mastoid Surgery Does Not Normalize Tympanometric Middle Ear Pressure in Children With Cholesteatoma.,The Laryngoscope,Adrian L James,2026-Jun,136,6,2719-2726,10.1002/lary.70338,
41446913,In Reference to The Role of Hypoalbuminemia in the Development of Reinke's Edema: A Prospective Cohort Study.,The Laryngoscope,Jerome R Lechien; Matteo Lazzeroni; Giovanni Salzano; Luigi A Vaira; Antonino Maniaci; Abdul-Latif Hamdan,2026-Jun,136,6,E90-E91,10.1002/lary.70339,
41445529,In Response to The Role of Hypoalbuminemia in the Development of Reinke's Edema: A Prospective Cohort Study.,The Laryngoscope,Xueshi Li; Jilei Zhang; Qingyang Shi; Jie Tan; Congli Geng; Yuguang Wang; Lin Wang; Xingguo Zhao; Lihong Zhang; Lisheng Yu,2026-Jun,136,6,E92-E93,10.1002/lary.70340,
41439275,Regenerative Treatment of Middle Ear Mucosa With Topical Retinoid Administration.,The Laryngoscope,Sayuri Terada; Chikako Shinkawa; Yutaka Koizumi; Motoyasu Sugiyama; Akiko Amano; Seiji Kakehata; Tsukasa Ito,2026-Jun,136,6,2684-2693,10.1002/lary.70322,
41431852,Adjunctive Hyperbaric Oxygen Therapy or Intratympanic Steroids in Sudden Sensorineural Hearing Loss?,The Laryngoscope,Jennifer L Spiegel; Michael J De Biasio; Gianluca Sampieri; Omer J Ungar; Munir D Bajin; Vincent Y W Lin; Joseph M Chen; Chris Idestrup; Jordan Tarshis; Trung N Le,2026-Jun,136,6,2708-2718,10.1002/lary.70327,
41431364,"Lindsay-Hemenway Syndrome, Acute Vertigo Followed by BPPV: A Prospective Comparative Study.",The Laryngoscope,Paula Morales Chacchi; Guillermo Coronel Touma; Luis Cabrera Pérez; Ángel Batuecas-Caletrío; Eduardo Martin Sanz,2026-Jun,136,6,2701-2707,10.1002/lary.70324,
41431334,Beyond the Milestones: Data and Decision-Making in Otolaryngology Clinical Competency Committees.,The Laryngoscope,Taylor S Erickson; Jenny X Chen; Tiffany N Chao; Sarah N Bowe; Nina W Zhao,2026-Jun,136,6,2547-2553,10.1002/lary.70335,
41424261,Identifying Risk Factors for Sialolithiasis.,The Laryngoscope,Karen Tawk; Abigail Dichter; Timothy Park; Mehdi Abouzari; Sepehr Oliaei,2026-Jun,136,6,2541-2546,10.1002/lary.70333,
41413953,In Response to An Evaluation of Current Trends in AI-Generated Text in Otolaryngology Publications.,The Laryngoscope,Rachel B Kutler; Sruthi Surapaneni; Sean A Setzen; Anaïs Rameau,2026-Jun,136,6,E89,10.1002/lary.70319,
41413945,In Reference to An Evaluation of Current Trends in AI-Generated Text in Otolaryngology Publications.,The Laryngoscope,Michael E Dunham,2026-Jun,136,6,E88,10.1002/lary.70320,
41400161,In Vivo Imaging of Cochlear Implant Electrode Orientation Relative to Scalar Tilt.,The Laryngoscope,Nicole T Jiam; Luke Helpard; Melanie L Gilbert; Ana Marija Sola; Patpong Jiradejvong; Charles J Limb,2026-Jun,136,6,2694-2700,10.1002/lary.70316,
41111462,Otolaryngologist's role in European CRSwNP care: clinical needs versus economic considerations.,Rhinology,P Petrone,2026-Jun-01,64,3,418-419,10.4193/Rhin25.483,
40772609,GLP-1 Receptor Agonists for Obstructive Sleep Apnea: An Otolaryngologist's Prescription?,The Laryngoscope,Alina Zgardau; Ryan Chin Taw Cheong; Kenny Peter Pang; Brian W Rotenberg,2026-Jun,136,6,2406-2409,10.1002/lary.70022,
40767464,Is Open Repair of Congenital Tracheoesophageal Fistula Preferred Over Endoscopic Approach?,The Laryngoscope,Saad Akhtar; Sukgi Choi,2026-Jun,136,6,2410-2411,10.1002/lary.70026,
40751540,Does Degree of Resection Improve Survival in Laryngeal Chondrosarcomas?,The Laryngoscope,Nrusheel Kattar; Alison Hawkins; Karuna Dewan; Cherie Ann Nathan,2026-Jun,136,6,2403-2405,10.1002/lary.32461,
40686384,Do Aspirin and Antiplatelets Need to Be Held for Most Otolaryngologic/Head and Neck Surgery?,The Laryngoscope,Elizabeth A Borowiec; Richard V Smith,2026-Jun,136,6,2398-2399,10.1002/lary.32441,
40679185,Do Children With Cochlear Nerve Deficiency Benefit From Cochlear Implantation?,The Laryngoscope,Rishi K Vas; Divya A Chari; Anil K Lalwani,2026-Jun,136,6,2400-2402,10.1002/lary.32420,
