PMID,Title,Journal,Authors,PublicationDate,Volume,Issue,Pages,DOI,Abstract
42217468,Cancer Diagnostic Delay Rates Associated With a Population-Based Screening Trial Evaluating a Cell-Free DNA Multicancer Early Detection Test.,JAMA,Sean Mann; Pedro Nascimento de Lima; Joshua Eagan; Agne Ulyte; Beth Ann Griffin,2026-May-30,,,,10.1001/jama.2026.6803,
42217467,"Multicancer Detection Tests: Promise, Hype, and Reality.",JAMA,Richard Sullivan; Christopher M Booth,2026-May-30,,,,10.1001/jama.2026.7683,
42217466,Spillover Effects in Clinical Trials.,JAMA,Issa J Dahabreh; Roger J Lewis,2026-May-30,,,,10.1001/jama.2026.7858,
42215331,Transcutaneous platelet-rich plasma injection under laryngeal electromyographic guidance.,"European annals of otorhinolaryngology, head and neck diseases",R Haddad; A Mattei; A Giovanni,2026-May-29,,,,10.1016/j.anorl.2026.05.007,
42213453,A Rare Ebola Virus Is Spreading in the DRC-Here's What to Know.,JAMA,Kate Schweitzer,2026-May-29,,,,10.1001/jama.2026.10042,
42213432,"Muscle Loss, Grip Strength, and Walking Pace May Be Linked to Stroke Risk.",JAMA,Samantha Anderer,2026-May-29,,,,10.1001/jama.2026.6200,
42213427,US Drug Overdose Deaths Drop for Third Consecutive Year.,JAMA,Samantha Anderer,2026-May-29,,,,10.1001/jama.2026.6199,
42213424,"When Hantavirus Sickened the Ship's Physician, Stephen Kornfeld, MD, Stepped Up.",JAMA,Rita Rubin,2026-May-29,,,,10.1001/jama.2026.10380,
42213423,Meta-Analysis: Ketamine Injections Rapidly Reduce Major Depressive Episode Symptoms.,JAMA,Samantha Anderer,2026-May-29,,,,10.1001/jama.2026.6201,
42212485,Clinical Care Guideline Implementation of Nebulized Tranexamic Acid in Post-Tonsillectomy Hemorrhage.,The Laryngoscope,Jennifer Lavin; Kathleen Billings; Alyssa Smith; Krupa Patel; Jaqueline Corboy; Inbal Hazkani,2026-May-29,,,,10.1002/lary.70641,
42212468,Synchrotron-Based Deep Learning Network of the Inner Ear: Development and Expert Validation.,The Laryngoscope,Ashley Micuda; Kyle Rioux; Luke Helpard; Munir Demir Bajin; Zahra Kassam; Sachin Pandey; Jaehyun Hwang; Griselda T Romero-Sanchez; Manas Sharma; Lorne S Parnes; Hanif M Ladak; Sumit K Agrawal,2026-May-29,,,,10.1002/lary.70637,
42212465,CBC-Derived Biomarkers Associated With Recurrence After Sinus Surgery in Chronic Rhinosinusitis.,The Laryngoscope,Virat Kirtsreesakul; Paramee Thongsuksai; Nuttha Sanghan; Chakapan Promsopa,2026-May-29,,,,10.1002/lary.70647,
42210598,Changes in Hypoxia-Related Metrics With Hypoglossal Nerve Stimulation: A Scoping Review.,The Laryngoscope,Allison Lin; Rachel B Kutler; Lisa Schulmeyer; Lauren Zhang; Catherine Y Han; Yi Cai,2026-May-28,,,,10.1002/lary.70638,
42209391,Diagnostic errors in peripheral facial palsy: A systematic review and meta-analysis.,"European annals of otorhinolaryngology, head and neck diseases",P Gatignol; C Fauvet; L Baverel; E Lannadere; D Picard,2026-May-28,,,,10.1016/j.anorl.2026.05.009,
42208177,"Herniarin mitigates inflammation, oxidative stress, and apoptosis in experimental serous otitis media via NRF2/HO-1 and NLRP3/Caspase-1 pathways.","Auris, nasus, larynx",Günay Kozan; Elif Erbaş; Hilal Üstündağ; Adem Kara,2026-May-28,53,4,514-523,10.1016/j.anl.2026.05.012,
42207626,Adult Male Hypogonadism: A Review.,JAMA,Bradley D Anawalt; Kim M O'Connor; Mathis Grossmann,2026-May-28,,,,10.1001/jama.2026.8526,
42207624,Growth in Hospital-Led Payer Integration: Improving Care or Consolidating Markets?,JAMA,Jiani Yu; Joseph S Ross,2026-May-28,,,,10.1001/jama.2026.8645,
42207546,Speech-in-Noise Ability and Longitudinal Cortical Thinning in Speech-Processing Networks.,JAMA otolaryngology-- head & neck surgery,Julien Zanin; John J McNeil; Gary Rance,2026-May-28,,,,10.1001/jamaoto.2026.1050,
42207544,Nalbuphine for Cough Caused by Idiopathic Pulmonary Fibrosis-Reply.,JAMA,Vandana Mathur; Philip L Molyneux; James Cassella,2026-May-28,,,,10.1001/jama.2026.5242,
42207542,Nalbuphine for Cough Caused by Idiopathic Pulmonary Fibrosis.,JAMA,Chang Liu; Xuanbo Zhao; Lixin Xie,2026-May-28,,,,10.1001/jama.2026.5236,
42207541,The Influence of Urology on Longevity.,JAMA,,2026-May-28,,,,10.1001/jama.2025.15815,
42207538,Traffic and Industrial Pollutants and Chronic Rhinosinusitis.,JAMA otolaryngology-- head & neck surgery,Hong-Ho Yang; Karl O'Sharkey; Kimberly Paul; Mishek Thapa; Jeffrey Suh; Marilene Wang; Daniel Beswick; Jivianne T Lee,2026-May-28,,,,10.1001/jamaoto.2026.1176,
42207531,Minimizing Adverse Effects in Hypertension Treatment.,JAMA,Mary M McDermott; Stephen D Persell,2026-May-28,,,,10.1001/jama.2026.7685,
42207529,Nalbuphine for Cough Caused by Idiopathic Pulmonary Fibrosis.,JAMA,Alyn Hugh Morice; Dominic Sykes; Simon P Hart,2026-May-28,,,,10.1001/jama.2026.5239,
42207524,Head and Neck Cancer.,JAMA,Kristin Walter,2026-May-28,,,,10.1001/jama.2026.4962,
42207510,Multidisciplinary Consensus Statement for Appropriate Evaluation and Workup of Sinonasal Masses.,JAMA otolaryngology-- head & neck surgery,Nyall R London; Jerlon Chiu; Neal S Akhave; Garret Choby; Marc G Dubin; David Scott Fortune; Stacey T Gray; Jessica W Grayson; Ehab Y Hanna; Glenn J Hanna; Eric H Holbrook; Claire Hopkins; Matt Lechner; Valerie J Lund; Erin McKean; Wojciech K Mydlarz; Douglas D Reh; Olabisi Sanusi; Michael G Stewart; Shirley Y Su; Eric W Wang; Marilene B Wang; Ian Witterick; Edward C Kuan; Mathew Geltzeiler,2026-May-28,,,,10.1001/jamaoto.2026.1185,
42207504,Medical Licensing and State Police Power: Professional Regulation After Chiles v Salazar.,JAMA,Lawrence O Gostin; William N Eskridge,2026-May-28,,,,10.1001/jama.2026.8085,
42207503,"Growing Trends in the Payvider Model and US Hospital Systems Owning Health Plans, 2018-2023.",JAMA,Yuan-Hsin Chen; Cassandra M Kelleher; Walter J O'Donnell; Natalia M Barron-Cervantes; David C Chang,2026-May-28,,,,10.1001/jama.2026.8649,
42207501,Adverse Effects and Treatment Discontinuation of Blood Pressure-Lowering Drugs and Combinations: A Network Meta-Analysis.,JAMA,Nelson Wang; Stephen Van Der Hoorn; Rashmi Pant; Amit Kumar; Rupasvi Dhurjatic; Faraidoon Haghdoost; Christian Abhayaratna; Brent Egan; Aletta E Schutte; Otavio Berwanger; Anushka Patel; Markus Schlaich; Kazem Rahimi; Paul K Whelton; Anthony Rodgers; Abdul Salam,2026-May-28,,,,10.1001/jama.2026.6214,
42207500,Breaking Up Health Care Conglomerates-The Right Fix Right Now?,JAMA,Leemore S Dafny,2026-May-28,,,,10.1001/jama.2026.8668,
42207499,Nalbuphine for Cough Caused by Idiopathic Pulmonary Fibrosis.,JAMA,Yaqun Liu; Jiale Chen; Jianhua Liu,2026-May-28,,,,10.1001/jama.2026.5233,
42206878,Effects of Sinonasal Mucus Debridement on Nasal Nitric Oxide in Primary Ciliary Dyskinesia.,International forum of allergy & rhinology,Nathan R Barefoot; John B Henrich; Elena Quinonez Del Cid; Priya J Desai; Katrina Bootes; Jackson Vuncannon; Cristine Klatt-Cromwell; Brian D Thorp; Charles S Ebert; Brent A Senior; Lawrence Ostroswki; Adam J Kimple,2026-May-28,,,,10.1002/alr.70192,
42206876,Wearable Real-Time Translation in Rhinology: A Comparative Study of Accuracy and Efficiency.,International forum of allergy & rhinology,Emma J Anisman; Nickolas Pudik; Laura Palacio-Morales; Abdulghafoor Alani; Yanmin Qu; Chang Liu; Agustina Arce; Shin Heng Teresa Chan; Benjamin Bitner; Marc Rosen; Gurston Nyquist; Elina Toskala; Mindy Rabinowitz,2026-May-28,,,,10.1002/alr.70193,
42206635,In Response to Multi-Institutional Endoscopic Resection and Reconstitution for Idiopathic Subglottic Stenosis.,The Laryngoscope,Diana C Lopez-Fay; Alexander T Hillel,2026-May-28,,,,10.1002/lary.70618,
42206620,In Reference to Multi-Institutional Endoscopic Resection and Reconstitution for Idiopathic Subglottic Stenosis.,The Laryngoscope,Erfan Abadifard; Mohammad Taha Rahimipour; Hossein Zare,2026-May-28,,,,10.1002/lary.70623,
42206541,Factors influencing timing of cerebrospinal fluid leak after endoscopic skull base surgery: a multicenter study.,Rhinology,A A Halderman; M Z Cheng; A Abiri; K E Daniels; V Pandrangi; A D Workman; S Chung; S L Barnett; N D Adappa; G Choby; P A Gardner; M Geltzeiler; J N Palmer; C H Snyderman; E W Wang; G A Zenonos; E C Kuan,2026-May-28,,,,10.4193/Rhin25.695,
42206533,Combining EBV DNA dynamics with RECIST-based radiographic response to improve prognostic stratification of recurrent/metastatic nasopharyngeal carcinoma in the era of immunotherapy.,Rhinology,H X Long; S C Li; C R Lai; C L Huang; X S Sun; B W Shen; J Y Shen; H J Wang; Y F Li; J Chen; H Cheng; L T Liu; Q Y Chen; H Q Chen; L Q Tang,2026-May-28,,,,10.4193/Rhin25.511,
42206496,The elongated ciliated cells derived from nasal polyps are distinctly different from ciliated cells in different parts of the nasal mucosa.,Rhinology,H Deng; M Pang; Q Yang; H Qiu,2026-May-28,,,,10.4193/Rhin25.225,
42206465,Mepolizumab improves outcomes in patients with CRSwNP with one or more prior nasal polyp surgeries.,Rhinology,J K Han; J Mullol; M Wagenmann; L Walrave; L Zhang; A R Sousa; P Howarth; C Hopkins,2026-May-28,,,,10.4193/Rhin25.599,
42204776,Safety Profile of Nebulized Ciprofloxacin-Dexamethasone After Pediatric Airway Surgery.,The Laryngoscope,Abbey L Landini; Cyrus W Abrahamson; Maya Frost; David Spielberg; Inbal Hazkani; Dana M Thompson; Jonathan B Ida; Sarah Maurrasse; Taher Valika,2026-May-27,,,,10.1002/lary.70643,
42202772,"Adverse Pregnancy Outcomes and Sedentary Behavior, Light-Intensity Physical Activity, and Daily Steps.",JAMA,Bethany Barone Gibbs; Jaemyung Kim; Jacob Gallagher; Melissa A Jones; Alex H Crisp; Katrina Wilhite; Karina Smith; Sabera Rahman; Alexis Thrower; Janet M Catov; Christopher E Kline; Maisa Feghali; Donna Santillan; Mark Santillan; Iqra Sheikh; Bridget Zimmerman; Kara M Whitaker,2026-May-27,,,,10.1001/jama.2026.6986,
42202515,"Prevalence of birch pollinosis and oral allergy syndrome in the general population of Hokkaido, Japan.","Auris, nasus, larynx",Ryuta Kamekura; Takumi Kumai; Masanobu Suzuki; Eri Maeda; Takayoshi Suzuki; Kentaro Izumi; Shunichiro Takezaki; Hiroyuki Sakai; Keisuke Morita; Tomohiro Sakashita; Kei Takamura; Tomonobu Satoh; Masami Yamazoe; Satoshi Konno; Hideyuki Ujiie; Kenichi Namba; Masahiro Ueki; Yoshinori Minami; Kazutaka Nogami; Risa Wakisaka; Michihisa Kono; Keisuke Yamamoto; Miki Takahara; Kenichi Takano; Akihiro Homma; Yuji Nakamaru,2026-May-27,53,4,506-513,10.1016/j.anl.2026.05.004,
42201716,Hearing Aids for Adults With Mild to Moderate Hearing Loss.,JAMA,Karina C De Sousa; De Wet Swanepoel,2026-May-27,,,,10.1001/jama.2026.4740,
42201713,Tenecteplase for Acute Non-Large Vessel Occlusion After Ischemic Stroke.,JAMA,Nicola Morelli; Caterina Marotti; Simone Gallerini,2026-May-27,,,,10.1001/jama.2026.4816,
42201700,Tenecteplase for Acute Non-Large Vessel Occlusion After Ischemic Stroke-Reply.,JAMA,Gaoting Ma; Lianmei Zhong; Junwei Hao,2026-May-27,,,,10.1001/jama.2026.4819,
42199170,Lower Airway Conditions Contribute to the Prediction of Polyp Recurrence in Chronic Rhinosinusitis With Nasal Polyps and Comorbid Asthma.,International forum of allergy & rhinology,Jiaxing Guo; Jing Yuan; Yu Hong; Zhou Yu; Xiaomo Wang; Chengshuo Wang; Aihui Yan; Luo Zhang; Ming Wang,2026-May-27,,,,10.1002/alr.70189,
42199157,"In Response to the Letter to the Editor: ""Methodological Considerations in Interpreting Quality-of-Life Recovery in C19OD"".",International forum of allergy & rhinology,Tiana M Saak; Jonathan B Overdevest,2026-May-27,,,,10.1002/alr.70188,
42199154,Site-Specific Olfactory Cleft Opacification Predicts Olfactory Function and Olfactory Training Outcome in Persistent Postinfection Olfactory Dysfunction.,International forum of allergy & rhinology,Yankun Li; Lina Chen; Yunfan Zhang; Chia-Yi Lin; Xincen Jiang; Shilong Sun; Hailing Jiang; Xinyi Ge; Zhidi Zhang; Hongping Fu; Yinghong Zhang; Dawei Wu,2026-May-27,,,,10.1002/alr.70190,
42199151,Endoscopically Confirmed False-Positive β2-Transferrin in the Postoperative Setting.,International forum of allergy & rhinology,Noah Overbeck; Somtochi Okafor; Erin Yamamoto; Olabisi Sanusi; Mathew Geltzeiler,2026-May-27,,,,10.1002/alr.70187,
42199145,"Letter to the Editor Regarding ""Recovery of Parosmia Preferentially Influences Longitudinal Improvement of Quality of Life in C19OD"".",International forum of allergy & rhinology,Pei-Shan Li,2026-May-27,,,,10.1002/alr.70186,
42191566,Comparison of Virtual and 3D-Printing Methods to Personalize Nasoseptal Flap Reconstruction.,The Laryngoscope,Beatrice Katsnelson; Alyssa Glennon; S Bulent Omay; Ryan A Rimmer,2026-May-26,,,,10.1002/lary.70645,
42189668,The MV Hondius Hantavirus Outbreak-Lessons for Pandemic Preparedness.,JAMA,Attila J Hertelendy; Lawrence O Gostin; Gregory R Ciottone,2026-May-26,,,,10.1001/jama.2026.10321,
42187171,Technical Skills Development for Medical Students in an Otolaryngology Mentorship Program.,The Laryngoscope,Molly O Hunter; Natalie Quinn; Ericka Erickson; Ladan Navari; Juhi Katta; Gregory Wiet; Charles Elmaraghy; Rishabh Sethia,2026-May-26,,,,10.1002/lary.70642,
42185941,Evaluating Injection Laryngoplasty Skills Using a Foundation Model: A Feasibility Study.,The Laryngoscope,Alex T Cheng; Abdulla Elkhadrawy; Sean A Setzen; Alexandra Li; Adrienne Biskaduros; Julianna C Kostas; Anaïs Rameau,2026-May-25,,,,10.1002/lary.70635,
42178599,The Natural History of Residual and Recurrent Disease in Advanced Juvenile Nasopharyngeal Angiofibroma: A Systematic Review.,The Laryngoscope,Shivani Angelique Kumar; Peter Petocz; Raewyn G Campbell,2026-May-24,,,,10.1002/lary.70634,
42178511,Association of Immune Checkpoint Inhibitors With Otologic Symptoms: A Propensity Score-Matched Study.,The Laryngoscope,Zachary E Thompson; Jason Chwa; Austin Luong; Alexander T Hong; Janet S Choi,2026-May-24,,,,10.1002/lary.70636,
42175911,Unique Natural History of Very Small Vestibular Schwannoma Substantiates Size Threshold Surveillance.,The Laryngoscope,Matthew L Carlson; Jacob B Hunter; John P Marinelli; Ankita Patro; Christine M Lohse; Kalena H Liu; Nader G Zalaquett; Karl R Khandalavala; Michael J Link; David S Haynes,2026-May-23,,,,10.1002/lary.70632,
42175600,"Clinical Characteristics, Diagnostic Features, and Medical Treatment of Sinonasal Sarcoidosis: A Systematic Review.",American journal of rhinology & allergy,Cali Loblundo; Priyanka Shah; Shaun A Nguyen; Rodney J Schlosser; Pete Peters; Zachary M Soler,2026-May-22,,,19458924261452837,10.1177/19458924261452837,
42175591,Efficacy of Local Application of Platelet-Rich Plasma (PRP) on Mucosal Healing and Clinical Outcomes After Functional Endoscopic Sinus Surgery for Chronic Rhinosinusitis with Nasal Polyps: A Retrospective Cohort Study.,American journal of rhinology & allergy,Jing Su; Yinhong Bai; Guangli Wu; Dan Li; Hao Li; Ruiyun Lu; Qian Ma,2026-May-22,,,19458924261449364,10.1177/19458924261449364,
42174765,Olfactory Performance Assessed for Children by the Combined Testing of Olfactory Threshold and Odor Identification.,American journal of rhinology & allergy,Jia Liu; Yimin Zhang; Xiaojun Zhan; Yingxia Lu; Xiaoli Yi; Xing Gao; Qinglong Gu,2026-May-22,,,19458924261451317,10.1177/19458924261451317,
42174398,Longitudinal SNOT-22 Symptom Changes With Sublingual Immunotherapy (SLIT).,The Laryngoscope,Wynne Zheng; Jolie L Chang; Anna Butrymowicz,2026-May-22,,,,10.1002/lary.70616,
42173711,"Jael syndrome, or the nasty arrow.","European annals of otorhinolaryngology, head and neck diseases",L Hassler; J-B Morvan; M Fieux,2026-May-22,,,,10.1016/j.anorl.2026.05.001,
42173710,Pharyngo-laryngeal dysfunction and severe COPD.,"European annals of otorhinolaryngology, head and neck diseases",C Marécaux; M Poncelet; O Bonhomme; A Lagier,2026-May-22,,,,10.1016/j.anorl.2026.05.004,
42172022,More Than 19 000 Measles Cases in a Month-What the Current Outbreak in Bangladesh Signals to the World.,JAMA,Samantha Anderer,2026-May-22,,,,10.1001/jama.2026.9016,
42172020,More Than 1 in 10 US Adults Use Sleep Aids Most Days.,JAMA,Samantha Anderer,2026-May-22,,,,10.1001/jama.2026.6197,
42172018,Eating Less Protein May Improve Outcomes for Patients With Kidney Disease.,JAMA,Samantha Anderer,2026-May-22,,,,10.1001/jama.2026.6196,
42172016,GLP-1 Drugs May Help Treat Psoriasis.,JAMA,Samantha Anderer,2026-May-22,,,,10.1001/jama.2026.6194,
42172014,FDA Approves New Medication for Agitation Associated With Dementia.,JAMA,Samantha Anderer,2026-May-22,,,,10.1001/jama.2026.6193,
42172013,GLP-1 Drugs Will Cost $50 a Month Under Medicare Pilot Program.,JAMA,Samantha Anderer,2026-May-22,,,,10.1001/jama.2026.6198,
42172010,Invasive Approach May Not Benefit Frail Older Adults With NSTEMI.,JAMA,Samantha Anderer,2026-May-22,,,,10.1001/jama.2026.6195,
42171594,Allergic Sensitization Status and Its Association With Severe Epiphora (Suspected Lacrimal Duct Obstruction): Insights From NHANES.,American journal of rhinology & allergy,Hua Sun; Xin Shen; Rui Dong; Kegao Liu,2026-May-22,,,19458924261452420,10.1177/19458924261452420,
42170825,The effect of large air pollution exposure on chronic rhinitis.,Rhinology,C Abi Zeid Daou; I Carapiperis; J Ghadieh; O Abou Hosn; C A Makary; Z Korban,2026-May-22,,,,10.4193/Rhin25.293,
42167925,Neuromodulation for Subjective Tinnitus: A Systematic Review and Meta-Analysis of Randomized Trials.,The Laryngoscope,Dimitrios Kitsis; Giorgos Sideris; Agapi Skouloudaki; Alexander Delides; Petros Vlastarakos,2026-May-21,,,,10.1002/lary.70633,
42166221,Headache or Facial Pain/Pressure in Rhinosinusitis: Subtle Clinical Patterns.,The Laryngoscope,Takaki Inui; Kou Moriyama; Naohiro Takeichi; Masataka Taniuchi; Eisuke Suzuki; Yusuke Kikuoka; Tetsuya Terada; Shin-Ichi Haginomori,2026-May-21,,,,10.1002/lary.70628,
42166171,Novel Anti-BNLF2b Antibody Screening and Early Detection of Nasopharyngeal Carcinoma.,JAMA otolaryngology-- head & neck surgery,Wan-Lun Hsu; Jiabao Tang; Hoi Yan Lam; Zhiwei Liu; W K Jacky Lam; Kwok Hung Chan; Yen-Liang Chang; Honglin Chen; Skye Hung-Chun Cheng; Yin-Chu Chien; Chu-Hsing Kate Hsiao; Chun-Hung Hua; Jehn-Chuan Lee; Yi-Shing Leu; Fugui Li; Li-Jen Liao; Ching-Yuan Lin; Jiayan Liu; Pei-Jen Lou; Shyuang-Der Terng; Ming-Hsui Tsai; Yung-An Tsou; Cheng-Ping Wang; Ming-Shiang Wu; Tsung-Lin Yang; Kelly J Yu; Xia Yu; K C Allen Chan; Allan Hildesheim; Tingdong Li; Mingfang Ji; Chien-Jen Chen,2026-May-21,,,,10.1001/jamaoto.2026.0838,
42166170,Gastric Cancer.,JAMA,Kristin Walter,2026-May-21,,,,10.1001/jama.2026.3754,
42166169,The Upbringing That Built Me-And the Operating Room That Changed Me.,JAMA otolaryngology-- head & neck surgery,Amanda J Bastien,2026-May-21,,,,10.1001/jamaoto.2026.1046,
42166156,Hypoglossal Nerve Stimulation and Hypoxic Burden in Patients With Obstructive Sleep Apnea: A Secondary Analysis of the STAR Trial.,JAMA otolaryngology-- head & neck surgery,Jing Xu; Zohreh Hajipour; Mark S Aloia; Sara Op de Beeck; Olivier M Vanderveken; Phillip Huyett; Ryan J Soose; Raj Dedhia; Patrick J Strollo; Ali Azarbarzin,2026-May-21,,,,10.1001/jamaoto.2026.1049,
42166154,When the Algorithm Teaches-Promise and Peril of AI in Physician Learning.,JAMA,Graham T McMahon,2026-May-21,,,,10.1001/jama.2026.7166,
42166151,Designing Trustworthy Clinical AI.,JAMA,Yulin Hswen,2026-May-21,,,e261351,10.1001/jama.2026.1351,
42166150,Pain and Pressure.,JAMA,Talia Ruxin,2026-May-21,,,,10.1001/jama.2026.6860,
42166143,US State-Level Prevalence of Adult Obesity by Race and Ethnicity.,JAMA,Benjamin Rader; John S Brownstein,2026-May-21,,,,10.1001/jama.2026.4628,
42166139,Screening Children for Early-Stage Type 1 Diabetes.,JAMA,Christiane Winkler; Nadine Friedl; Renate Abt; Kathrin Ackermann; Julia Bently; Sonja Braig; Susanne Brämswig; Desiree Dunstheimer; Uwe Ermer; Dominik Ewald; Eva-Maria Gerstl; Johanna Hammersen; Florian Haupt; Maja Hergl; Michael Hubmann; Sandra Hummel; Benedikt Jochem; Annette Knopff; Karin Lange; Dominik Lwowsky; Nicole Nellen-Hellmuth; Birgit Prey; Daniela Rettner; Sarah Schill; Silke Schmidt; Marlon Scholz; Marina Sindichakis; Joanna Stock; Dominik Stricker; Thomas M K Völkl; Katharina Warncke; Leonie Weber; Andreas Weiss; Ezio Bonifacio; Peter Achenbach; Anette-Gabriele Ziegler,2026-May-21,,,,10.1001/jama.2026.6085,
42166138,A New Type 1 Diabetes Diagnosis Paradigm.,JAMA,Jamie L Felton; Emily K Sims,2026-May-21,,,,10.1001/jama.2026.6454,
42166135,US State-Level Prevalence of Adult Obesity by Race and Ethnicity-Reply.,JAMA,Nicole K DeCleene; Catherine O Johnson; Gregory A Roth,2026-May-21,,,,10.1001/jama.2026.4631,
42166130,Medical Departments in Public Libraries.,JAMA,,2026-May-21,,,,10.1001/jama.2025.15808,
42165784,Economic analysis of surgery and biological therapy for chronic rhinosinusitis with nasal polyps.,Rhinology,J Maza-Solano; L García-Mochón; J Martín-Martín; P W Hellings; S Sánchez-Gomez,2026-May-21,,,,10.4193/Rhin25.529,
42165754,Reply to: The potential confounding role of nutritional support.,Rhinology,R-L Xie,2026-May-21,,,,10.4193/Rhin26.345,
42165736,When sleep improves but AHI does not: comments on mepolizumab ± FESS in severe CRSwNP.,Rhinology,W-Z Hong,2026-May-21,,,,10.4193/Rhin26.159,
42165658,The CRT-Estimands Framework for Cluster Randomized Trials.,JAMA,Brennan C Kahan; Gary S Collins; Frank Bretz; Fan Li,2026-May-21,,,,10.1001/jama.2026.8368,
42161673,Defining the cutting edge: A multi-country European survey among academic head and neck surgeons on surgical margin practices in oral cavity cancer.,"European annals of otorhinolaryngology, head and neck diseases",B Celik; F Gul; S Serifler; K S Bulut; L G Locatello; P Gorphe; C Kerawala; C R Leemans; M A Babademez,2026-May-20,,,,10.1016/j.anorl.2026.03.008,
42160796,Characterizing nystagmus using a portable eye movement recorder in patients with Meniere's disease and MRI-confirmed endolymphatic hydrops.,"Auris, nasus, larynx",Ryohei Oya; Kayoko Higashi-Shingai; Hiroki Takeda; Yuya Ueno; Yoshiyuki Ozono; Takashi Sato; Takao Imai; Hidenori Inohara,2026-May-20,53,4,500-505,10.1016/j.anl.2026.04.005,
42160171,Hantavirus Outbreak: First Test of US Public Health Response After WHO Withdrawal.,JAMA,Rita Rubin,2026-May-20,,,,10.1001/jama.2026.9419,
42160099,Acetaminophen (Paracetamol) or Opioid Plus Ibuprofen for Children's Musculoskeletal Injury.,JAMA,Niccolò Parri,2026-May-20,,,,10.1001/jama.2026.4214,
42160083,The Obesity Epidemic at a Crossroads: Progress and Pitfalls.,JAMA,Anand K Parekh; Stephanie A Navarro Silvera; Jamy D Ard,2026-May-20,,,,10.1001/jama.2026.6905,
42160076,Acetaminophen (Paracetamol) or Opioid Plus Ibuprofen for Children's Musculoskeletal Injury-Reply.,JAMA,Samina Ali; Amy L Drendel; Naveen Poonai,2026-May-20,,,,10.1001/jama.2026.4220,
42160075,Primary Care as a Public Utility: The Case for a Common Fund.,JAMA,Zirui Song; Wayne Altman; Renee Crichlow; Kevin Grumbach,2026-May-20,,,,10.1001/jama.2026.7194,
42160070,Weight Loss in Older Patients With Persistent Atrial Fibrillation: Research Summary.,JAMA,,2026-May-20,,,e265842,10.1001/jama.2026.5842,
42160069,"A New Era in Dementia-Advances in Diagnostic Blood Tests, Novel Drugs, and the Power of Lifestyle Changes: A Healthy Dialogue With Gil Rabinovici.",JAMA,Derek C Angus; Matthew B O'Connor,2026-May-20,,,e267539,10.1001/jama.2026.7539,
42160065,Does Weight Loss Prevent Atrial Fibrillation?,JAMA,Gregory M Marcus,2026-May-20,,,,10.1001/jama.2026.6094,
42160059,Lifestyle Modification and Incretin-Based Therapy for Obesity.,JAMA,Robert F Kushner; Ariana M Chao; Thomas A Wadden,2026-May-20,,,,10.1001/jama.2026.4106,
42160044,Weight Loss in Older Patients With Persistent Atrial Fibrillation: The LOSE-AF Randomized Clinical Trial.,JAMA,Matteo Sclafani; Marco Spartera; Yasmin Esmati; Olivia Baynham-Williams; Ianna Khan; Myra Brigoli; Catherine Krasopoulos; Julian Ormerod; Pok-Tin Tang; Oliver Rider; Ladislav Valkovic; Stefan Neubauer; Jonathan Emberson; Barbara Casadei; Rohan Wijesurendra,2026-May-20,,,,10.1001/jama.2026.5787,
42160043,Acetaminophen (Paracetamol) or Opioid Plus Ibuprofen for Children's Musculoskeletal Injury.,JAMA,Yanmei Yin; Lixin Zhang,2026-May-20,,,,10.1001/jama.2026.4217,
42159472,Independent and Opposing Effects of Radiological Disease Burden and Type 2 Inflammation on Nasal Nitric Oxide in Chronic Rhinosinusitis.,American journal of rhinology & allergy,Siyi Tang; Xing Lin; Yunshan Fu; Xiuwen Yang; Yuxi Lin; Xiaoling Lin; Yuanteng Xu,2026-May-20,,,19458924261451038,10.1177/19458924261451038,
42157707,Nasal septal perforation has a negative impact on olfactory and trigeminal function.,Rhinology,K Yuen-Ato; M J Rojas-Lechuga; A Izquierdo-Domínguez; J Mullol; I Alobid,2026-May-20,,,,10.4193/Rhin25.285,
42157540,Health Locus of Control in Patients with Chronic Rhinosinusitis After Endoscopic Sinus Surgery: A Pilot Study.,American journal of rhinology & allergy,Katherine A Mozingo; Felix E Fernández-Penny; Kai C Kokesh; Abdullah Bhurgri; Aria Jafari; Luke M O'Neil; Ian M Humphreys; Waleed M Abuzeid; Alexander G Chiu; Hector A Perez,2026-May-19,,,19458924261451601,10.1177/19458924261451601,
42157379,Race and Ethnicity Affect Symptom and Endoscopy Associations in CT-Confirmed Chronic Rhinosinusitis.,The Laryngoscope,Corey Karp; Mitchell Figueroa; Jaynelle Gao; Joshua S Lin; Zara Mubin; Sophia Albanese; Kevin Hur,2026-May-19,,,,10.1002/lary.70631,
42153790,Association of Depression in Patients With Chronic Rhinosinusitis Comorbid Asthma and Allergic Rhinitis: A Cross-Sectional Study With the All of Us Research Database.,American journal of rhinology & allergy,Sherron Thomas; Ashley Choi; Meryl Kravitz; Patrick Colley; Nadeem Akbar; Christina H Fang,2026-May-19,,,19458924261448266,10.1177/19458924261448266,
42153360,CTSS as a novel biomarker for tissue remodeling in CRSwNP: insights from multi-omics research.,Rhinology,C Li; Y Huang; J Yan; Y Yan; Y Guo; K Li; Y Wen; J Li; Y Wei; W Wen; Z Xu,2026-May-19,,,,10.4193/Rhin25.504,
42152494,Management of Absent Upper Esophageal Sphincter Opening After Neurological Injury.,The Laryngoscope,Radhika Rawat; Cyrus W Abrahamson; Kelly Rogers; Jonelyn Langenstein; Jaymie Bromfield; Arjun Seth; James A Burns; Andrew P Stein,2026-May-18,,,,10.1002/lary.70630,
42150323,Validation of the efficacy of tympanoplasty combined with cell sheet transplantation.,"Auris, nasus, larynx",Kazuhisa Yamamoto; Tsunetaro Morino; Akira Baba; Yoshiyuki Kasai; Shun Kikuchi; Yuki Takizawa; Masaomi Motegi; Manabu Komori; Yutaka Yamamoto; Masayuki Yamato; Hiromi Kojima,2026-May-18,53,4,493-499,10.1016/j.anl.2026.04.010,
42150121,Remote Multicomponent Rehabilitation in Intensive Care Unit Survivors: A Randomized Clinical Trial.,JAMA,Brenda O'Neill; Judy M Bradley; Bronwen Connolly; Julie Bruce; Mariam Ratna; Ranjit Lall; Martin Underwood; Chen Ji; Jill Costley; Rachel Clarke; Paul Dark; Orla Duffy; Penelope Firshman; Nigel D Hart; Annette Henderson; Katherine Jones; Roger Kenyon; Jason Madan; Darren Murphy; Gavin D Perkins; Kerry Raynes; Ella Terblanche; Mandana Zanganeh; Daniel F McAuley,2026-May-18,,,,10.1001/jama.2026.7401,
42150117,4% Tetrasodium EDTA to Prevent Central Venous Access Device-Associated Complications: Research Summary.,JAMA,,2026-May-18,,,e267399,10.1001/jama.2026.7399,
42150112,4% Tetrasodium EDTA to Prevent Central Venous Access Device-Associated Complications: A Randomized Clinical Trial.,JAMA,Marlena Ornowska; Jessica Wittmann; Sandra Blitz; Hubert Wong; Gloria Vazquez-Grande; Anish R Mitra; Wesley Jang; Gordon Wood; Daniel Ovakim; David Forrest; Elizabeth Rohrs; Steven Reynolds,2026-May-18,,,,10.1001/jama.2026.6025,
42150110,The Future of Survivorship in Critical Illness.,JAMA,Kevin Moncion; Jenna Smith-Turchyn; Michelle E Kho,2026-May-18,,,,10.1001/jama.2026.5761,
42150105,Remote Multicomponent Rehabilitation in Intensive Care Unit Survivors: Research Summary.,JAMA,,2026-May-18,,,e268431,10.1001/jama.2026.8431,
42149713,Advancing Pharmacoequity in Asthma.,JAMA,Sumit Agarwal; Preeti N Malani,2026-May-18,,,,10.1001/jama.2026.8185,
42149711,Error in Abstract.,JAMA,,2026-May-18,,,,10.1001/jama.2026.8941,
42149706,Disparities in Inhaler Utilization Among US Adults With Asthma.,JAMA,Jing Ren; Ashkan F Ara; Utibe R Essien; Christopher Scannell,2026-May-18,,,,10.1001/jama.2026.7613,
42149704,Cryobiopsy vs Forceps for Bronchoscopic Lung Biopsy: Research Summary.,JAMA,,2026-May-18,,,e267946,10.1001/jama.2026.7946,
42149700,Cryobiopsy vs Forceps for Bronchoscopic Lung Biopsy: The FROSTBITE-2 Randomized Clinical Trial.,JAMA,Jeffrey Thiboutot; Christopher M Kapp; Peter Illei; Scott Shofer; Christopher R Gilbert; David DiBardino; Andrew DeMaio; Sonali Sethi; Momen M Wahidi; Bryan S Benn; Colin Gillespie; Cristina Salmon; Luis Angel; Ashutosh Sachdeva; Van K Holden; Rafael Paez; Jennifer D Duke; Robert J Lentz; Anil Vachani; Nicholas Pastis; Daniela Molena; Sean Tackett; Miranda R Jones; Najib M Rahman; Gerard Silvestri; Fabien Maldonado; Lonny Yarmus,2026-May-18,,,,10.1001/jama.2026.7908,
42149699,Biomarker-Based Eligibility for Lung Cancer Screening: Validation of the Protein-Based INTEGRAL-Risk Model.,JAMA,Hana Zahed; Xiaoshuang Feng; Karine Alcala; Karl Smith-Byrne; Elham Moez; Florence Guida; Demetrius Albanes; Stephanie J Weinstein; Alan A Arslan; Qiuyin Cai; Xiao-Ou Shu; Wei Zheng; Chu Chen; Matthew Triplette; Lesley F Tinker; Arnulf Langhammer; Therese Haugdahl Nøst; Kristian Hveem; Roger L Milne; Julie K Bassett; Mahdi Sheikh; Reza Malekzadeh; Ying Wang; Alpa V Patel; Kala Visvanathan; Jian-Min Yuan; Renwei Wang; Woon-Puay Koh; Howard D Sesso; Xuehong Zhang; Mikael B Johansson; Christopher Amos; Rayjean J Hung; David Muller; Hilary A Robbins; Mattias Johansson,2026-May-18,,,,10.1001/jama.2026.8044,
42149672,From persistent olfactory dysfunction to permanent loss: investigating quality of life in acquired and congenital anosmia.,Rhinology,W-Y Lee; Y-C Liao; C-H Shu; Y-T Chao,2026-May-18,,,,10.4193/Rhin25.138,
42149588,Management of Spontaneous Abortion Among Commercially Insured Individuals in the United States After Dobbs v Jackson.,JAMA,Maria I Rodriguez; Megan Fuerst; Kaitlin Schrote,2026-May-18,,,,10.1001/jama.2026.6344,
42149587,The 340B Drug Pricing Program at a Crossroads.,JAMA,Ryan P Knox; Ameet Sarpatwari,2026-May-18,,,,10.1001/jama.2026.6812,
42149579,Donation After Circulatory Death Heart Transplant Without Preimplant Reanimation-Reply.,JAMA,Awab Ahmad; Ashish S Shah; Aaron M Williams,2026-May-18,,,,10.1001/jama.2026.4060,
42149571,Donation After Circulatory Death Heart Transplant Without Preimplant Reanimation.,JAMA,Jiale Chen; Yuru Yang; Dandan Weng,2026-May-18,,,,10.1001/jama.2026.4057,
42144284,Piezosurgery Versus Conventional Osteotomy in Prelacrimal Approach for Maxillary Sinus.,The Laryngoscope,Ahmed Gad Esmail; Eman H Salem; Aya Mohammed Abdel Aziz; Yasser W Khafagy; Asser Abd Elraouf Elsharkawy; Ahmed Salama Abdelmeguid,2026-May-17,,,,10.1002/lary.70626,
42142061,Partitioned Internal Auditory Canal: Association With Cochlear Aperture Anomalies.,The Laryngoscope,Levent Sennaroğlu; Emel Tahir,2026-May-16,,,,10.1002/lary.70615,
42141955,Ambient Artificial Intelligence Scribes: A Scoping Review With Implications for Otolaryngology.,The Laryngoscope,Sanjana Nallapaneni; Christopher L Crafton; Claudia I Cabrera; Crystal Mosca; Kenneth Rodriguez; Sanjeet V Rangarajan; Brian D'Anza,2026-May-16,,,,10.1002/lary.70625,
42141701,How I Do It: A Novel Case Series of Office-Based Laser Complete Excision of Vocal Fold Cysts.,The Laryngoscope,Aurora Ka Yue Tam; Timothy Shun Man Chu; Yifeng Wei; Zikai Wang; Thomas Law; Jason Ying Kuen Chan,2026-May-15,,,,10.1002/lary.70627,
42140172,"Analysis of indications, intraoperative findings, and audiologic outcomes of pure endoscopic revision stapes surgery: A multicenter study.","Auris, nasus, larynx",Secaattin Gulsen; Ali Ozdek; Kadir Serkan Orhan; Ediz Yorgancilar; Abdullah Dalgiç; Fazil Necdet Ardic; Şemsettin Okuyucu; Ozgur Surmelioglu; Erdem Atalay Çeti̇nkaya; Enis Alpin Güneri̇,2026-May-15,53,4,485-492,10.1016/j.anl.2026.05.003,
42140171,Age- and sex-related differences in the relationship between pure-tone audiometry and speech discrimination in a Japanese cohort.,"Auris, nasus, larynx",Hiroshi Hyakusoku; Toshihide Inagi; Aritomo Yamazaki; Shoji Kaneda; Fumiyuki Goto; Kenji Okami; Koichiro Wasano,2026-May-15,53,4,479-484,10.1016/j.anl.2026.04.009,
42138891,Paracervical Blocks for IUD Insertion Remain Underutilized.,JAMA,Samantha Anderer,2026-May-15,,,,10.1001/jama.2026.6179,
42138889,Experts Debate How Obesity Should Be Defined and Diagnosed.,JAMA,Kate Schweitzer,2026-May-15,,,,10.1001/jama.2026.6389,
42138873,"Under FDA, Unapproved Peptides Likely to Become More Widely Available.",JAMA,Rita Rubin,2026-May-15,,,,10.1001/jama.2026.6388,
42138854,Nonstatin Lipid-Lowering Therapies Surge but Statins Remain Dominant.,JAMA,Samantha Anderer,2026-May-15,,,,10.1001/jama.2026.6181,
42138852,WHO Announces First Malaria Drug for Infants and New Rapid Diagnostic Tests.,JAMA,Samantha Anderer,2026-May-15,,,,10.1001/jama.2026.6178,
42138833,CKM Syndrome Tied to Higher Cancer Risk.,JAMA,Samantha Anderer,2026-May-15,,,,10.1001/jama.2026.6180,
42138832,Cognitive Decline May Precede Cardiovascular Events by Up to 8 Years.,JAMA,Samantha Anderer,2026-May-15,,,,10.1001/jama.2026.6183,
42138829,"Presurgery Exercise and Nutrition May Reduce Complications, Hospital Stays.",JAMA,Samantha Anderer,2026-May-15,,,,10.1001/jama.2026.6182,
42135615,Identifying High-Risk Children Safe for Same-Day Discharge After Tonsillectomy.,The Laryngoscope,Amy Ho; Yann-Fuu Kou; Christopher Liu; Cynthia S Wang; Felicity Lenes-Voit; Stephen R Chorney; Kenneth Lee; Seckin Ulualp; Ron B Mitchell; Romaine F Johnson,2026-May-14,,,,10.1002/lary.70629,
42133355,Concordance Between an Adaptive Sino-Nasal Outcome Test and Imaging Results in Chronic Rhinosinusitis.,JAMA otolaryngology-- head & neck surgery,Selena K Zhang; Anthony A Prince; Carleton Eduardo Corrales; Ayako Stanlie; Sana Alkhatib; Jay F Piccirillo; Ahmed Elkoumi; Jennifer J Shin,2026-May-14,,,,10.1001/jamaoto.2026.0839,
42133345,Treatment of Idiopathic Acute Pancreatitis With Pancreas Divisum.,JAMA,Jiale Chen; Changhui Lin; Dandan Weng,2026-May-14,,,,10.1001/jama.2026.3853,
42133340,Interpreting Glucagon-Like Peptide-1 Receptor Agonist-Associated Cough in Observational Data.,JAMA otolaryngology-- head & neck surgery,Giovanni Ragozzino; Edi Mattera,2026-May-14,,,,10.1001/jamaoto.2026.0938,
42133337,Validation of an Adaptive Sinonasal Outcome Test.,JAMA otolaryngology-- head & neck surgery,Selena K Zhang; Sapideh Gilani; Ayako Stanlie; Jay F Piccirillo; Anthony Prince; Carleton Eduardo Corrales; Allen Zhou; Sana Alkhatib; Jennifer J Shin,2026-May-14,,,,10.1001/jamaoto.2026.1008,
42133336,Teriparatide Plus Zoledronic Acid for Osteogenesis Imperfecta: A Randomized Clinical Trial.,JAMA,,2026-May-14,,,e266971,10.1001/jama.2026.6971,
42133334,Treatment of Idiopathic Acute Pancreatitis With Pancreas Divisum.,JAMA,Jinghong Liu,2026-May-14,,,,10.1001/jama.2026.3856,
42133323,"Diagnostic Drifts, Deceptions and Common Misses.",JAMA,,2026-May-14,,,,10.1001/jama.2025.15801,
42133321,Error in Figure.,JAMA otolaryngology-- head & neck surgery,,2026-May-14,,,,10.1001/jamaoto.2026.1245,
42133320,Interpreting Glucagon-Like Peptide-1 Receptor Agonist-Associated Cough in Observational Data-Reply.,JAMA otolaryngology-- head & neck surgery,Tyler J Gallagher; Albert Li; Anca M Barbu,2026-May-14,,,,10.1001/jamaoto.2026.0944,
42133309,HRSA Restructuring Could Threaten Physician J-1 Waivers.,JAMA,Aldo Barajas-Ochoa; Julia Kostka,2026-May-14,,,,10.1001/jama.2026.6751,
42133308,Interpreting Glucagon-Like Peptide-1 Receptor Agonist-Associated Cough in Observational Data.,JAMA otolaryngology-- head & neck surgery,Ding-Heng Lu; Cheng-Wei Lu,2026-May-14,,,,10.1001/jamaoto.2026.0941,
42133307,Extraordinary Evie.,JAMA,Ethan L Sanford; Justin Carter; Jennifer Carter,2026-May-14,,,,10.1001/jama.2026.5897,
42133305,Treatment of Idiopathic Acute Pancreatitis With Pancreas Divisum-Reply.,JAMA,Gregory A Coté; Dhiraj Yadav; Valerie Durkalski-Mauldin,2026-May-14,,,,10.1001/jama.2026.3859,
42133304,Teriparatide Plus Zoledronic Acid for Osteogenesis Imperfecta: A Randomized Clinical Trial.,JAMA,Jannie Dahl Hald; Christopher J Weir; Catriona Keerie; Lorna Dewar; Morag MacLean; Lynsey Milne; Richard Keen; Jennifer S Walsh; Kenneth E S Poole; Bente L Langdahl; John R Lindsay; Nazim Ghouri; Rosemary Hollick; Terry Aspray; Rachel K Crowley; Martine Cohen-Solal; Zaki Hassan-Smith; Stephen Tuck; Elizabeth M Curtis; Nicholas C Harvey; Elisabeth Marelise W Eekhoff; Johannes Feenstra; Geeta Hampson; Mike Stone; Jane Turton; Prashanth Patel; Mashood Siddiqi; Robin Munro; Matthew Roy; Zoe Paskins; Deepa Narayanan; Ellen Malcolm; Muhammad Kassim Javaid; Patricia Osborne; Jonathan C Y Tang; Wayne Lam; David Moore; Holly A Black; Andrew D Duckworth; Navni S Makaram; Tianyu Guo; Gregor Stenhouse; Stuart H Ralston,2026-May-14,,,,10.1001/jama.2026.6889,
42130080,Trends in Industry-Sponsored Research Payments to Otolaryngologist Principal Investigators.,The Laryngoscope,Grace Leu; Zeyad Hammadeh; Joseph G Cheaib; Zhuo T Su; Misop Han; Christine G Gourin,2026-May-13,,,,10.1002/lary.70624,
42130022,Should a Drain Be Routinely Placed After Type I Medialization Thyroplasty?,The Laryngoscope,Lauren F Tracy; James A Burns,2026-May-13,,,,10.1002/lary.70619,
42128698,"The impact of surgical excision modalities of Merkel cell carcinoma of the head and neck on recurrence, survival, and quality of life: A systematic review.","European annals of otorhinolaryngology, head and neck diseases",M Geoffroy; F Alibert; M Fadel; M Samimi; S Boucher,2026-May-13,,,,10.1016/j.anorl.2026.01.012,
42126860,Chikungunya.,JAMA,Mary E Wilson; Lin H Chen; Susan L Hills,2026-May-13,,,,10.1001/jama.2026.3546,
42126852,Pragmatic Parental Support to Mitigate Burnout Among Pregnant and Postpartum Trainees: A Randomized Clinical Trial.,JAMA,Atziri Rubio-Chavez; Ekaterina L Koelliker; Emma A Askew; Tait D Shanafelt; Christopher P Landrigan; Ariel S Winn; Huma Farid; Keith D Lillemoe; Divyansh Agarwal; Joseph J Locascio; Thinzar M Lwin; Erika L Rangel,2026-May-13,,,,10.1001/jama.2026.5663,
42126842,Parental Support for Trainees-The Clock Is Ticking.,JAMA,Linda Brubaker,2026-May-13,,,,10.1001/jama.2026.5844,
42126837,Pragmatic Parental Support to Mitigate Burnout Among Pregnant and Postpartum Trainees: Research Summary.,JAMA,,2026-May-13,,,e265799,10.1001/jama.2026.5799,
42126836,A Pediatric Perspective on the 2025-2030 Dietary Guidelines.,JAMA,Mary T Story; Anisha I Patel; Megan Elsener Lott; Marlene B Schwartz,2026-May-13,,,,10.1001/jama.2026.6696,
42126834,Antibiotics for Uncomplicated Acute Appendicitis.,JAMA,Cong Dai; Min Jiang; Yu-Hong Huang,2026-May-13,,,,10.1001/jama.2026.3805,
42126832,Antibiotics for Uncomplicated Acute Appendicitis.,JAMA,Dimitrios Moris; Theodore N Pappas,2026-May-13,,,,10.1001/jama.2026.3808,
42126831,Chikungunya.,JAMA,Kristin L Walter,2026-May-13,,,,10.1001/jama.2026.6427,
42126828,Antibiotics for Uncomplicated Acute Appendicitis-Reply.,JAMA,Paulina Salminen; Roosa Salminen; Tero Rautio,2026-May-13,,,,10.1001/jama.2026.3811,
42125991,In Reference to Validation of Non-Soundproof Tablet Audiometry in Pediatrics: Comparison With Traditional Audiometry.,The Laryngoscope,Yi Luo; Conghong Zhang; Fuhua Chen,2026-May-13,,,,10.1002/lary.70620,
42125987,In Response to Validation of Non-Soundproof Tablet Audiometry in Pediatrics: Comparison With Traditional Audiometry.,The Laryngoscope,Lauren Mueller; Amy E Ensing; David S Lee; Dorina Kallogjeri; Judith E C Lieu,2026-May-13,,,,10.1002/lary.70622,
42121342,"How I Do It: Two Novel, Low-Cost Phonomicrosurgery Models With Open-Source, 3D-Printed Laryngoscopes.",The Laryngoscope,Sapir Pinhas; Ari D Schuman; Itamar Pinhas; Aaron D Friedman,2026-May-12,,,,10.1002/lary.70617,
42121303,Does Omitting Distal Anastomosis in Hypopharyngeal Defect Reconstruction Improve Dietary Outcomes?,The Laryngoscope,Jian-Xun Chen; Chia-Kai Hsu; Shane D Morrison; Mei-Chen Lin; Pin-Keng Shih,2026-May-12,,,,10.1002/lary.70613,
42119172,Simple methods for determining the affected side and performing otolith repositioning in cases of lateral semicircular canal-benign paroxysmal positional vertigo-canalolithiasis: Healthy-ear-down 135° maneuver and affected-ear-down 135° maneuver.,"Auris, nasus, larynx",Kohichiro Shigeno,2026-May-12,53,4,466-478,10.1016/j.anl.2026.04.013,
42119171,Measurement properties and clinical interpretability of a Japanese-language version of the remote check system in cochlear implant users.,"Auris, nasus, larynx",Hiroshi Yamazaki; Naoko Fujii; Saburo Moroto; Tomoko Yamazaki; Rinko Tamaya; Keizo Fujiwara; Norio Yamamoto; Yasushi Naito,2026-May-12,53,4,457-465,10.1016/j.anl.2026.04.012,
42117898,Prognostic Significance of Lymph Node Parameters in Laryngeal Cancer After Laryngectomy.,The Laryngoscope,Melih Solhan; Serhan Cömertoğlu; Mehmet Ekrem Zorlu; Metin Yılmaz; Süleyman Cebeci; Utku Aydil; Mehmet Düzlü,2026-May-12,,,,10.1002/lary.70614,
42117564,The future of endoscopic sinus surgery in chronic rhinosinusitis.,Rhinology,B N Landis,2026-May-12,,,,10.4193/Rhin26.903,
42117496,Female-Specific Risk of TAS2R Variants in Chronic Rhinosinusitis: A Hospital-Based Cohort Study From the Taiwan Precision Medicine Initiative.,International forum of allergy & rhinology,Rong-San Jiang; Man-Wei Hua; I-Chieh Chen; Yi-Ming Chen; Shun-Hung Lin; Kuan-Yu Lai; Yi-Chen Chen,2026-May-12,,,,10.1002/alr.70183,
42117394,Refining the Multivariable Predictive-Prognostic PREDICTR-OPC Model for Survival in Surgical Escalation for Oropharyngeal Squamous Cell Carcinoma.,The Laryngoscope,Lauren L Zhang; Caroline Kristunas; C Max Robinson; Jill M Brooks; Alice J Sitch; Stuart C Winter; Justin Weir; Paul Matthews; Terry M Jones; Keith Hunter; Pawel Golusinski; Ketan A Shah; Selvam Thavaraj; Catharine M West; Syed Haider; Edward Odell; Paul Nankivell; Sandra V von Zeidler; Hisham Mehanna,2026-May-12,,,,10.1002/lary.70611,
42116713,Targeted Bevacizumab Therapy for Recurrent Vocal Fold Hemorrhage: First Case Report.,The Laryngoscope,Andrés Lanas Volz; Camila Ramírez Pelayo,2026-May-11,,,,10.1002/lary.70608,
42113599,Amyotrophic Lateral Sclerosis: A Review.,JAMA,John Ravits; Dominic Ferrey; Betul Gundogdu; Wali Qayoumi; Chelsea Zale,2026-May-11,,,,10.1001/jama.2026.6385,
42113552,Review of Head and Neck Cancer.,JAMA,Petr Szturz,2026-May-11,,,,10.1001/jama.2026.3738,
42113540,Predictors of Long-Term Outcomes in Hypertrophic Cardiomyopathy: The NHLBI HCM Registry.,JAMA,Christopher M Kramer; Paul Kolm; John P DiMarco; Milind Y Desai; Carolyn Y Ho; Raymond Y Kwong; Sarahfaye F Dolman; Patrice Desvigne-Nickens; Nancy Geller; Dong-Yun Kim; Jeanette Schulz-Menger; Matthias G Friedrich; Martin S Maron; Evan Appelbaum; Mark S Link; Gary S Francis; Barry Greenberg; Michael Jerosch-Herold; Stefan Piechnik; Masliza Mahmod; Betty Raman; Daniel L Jacoby; Lauren A Baldassare; James A White; Amedeo Chiribiri; Adam S Helms; Lubna Choudhury; Michelle Michels; William M Bradlow; Michael Salerno; Steven B Heitner; Ahmad Masri; Sanjay K Prasad; Saidi A Mohiddin; Sven Plein; Christopher Madias; Heiko Mahrholdt; Chiara Bucciarelli-Ducci; Angus K Nightingale; Jonathan W Weinsaft; Han W Kim; Gerry P McCann; Albert van Rossum; Tjeerd Germans; Eric E Williamson; Jeffrey B Geske; Andrew S Flett; Dana Dawson; Francois-Pierre Mongeon; Iacopo Olivotto; Andrew M Crean; Anna Woo; Anjali T Owens; Lisa Anderson; Sanjay Sharma; Elena Biagini; David E Newby; Florian Andre; Colin Berry; Bette Kim; Eric Larose; Theodore P Abraham; Allison G Hays; Mark V Sherrid; Eli V Gelfand; Sherif F Nagueh; Ornella Rimoldi; Paolo Camici; Eleanor Elstein; Camillo Autore; Hugh Watkins; William S Weintraub; Stefan Neubauer,2026-May-11,,,,10.1001/jama.2026.5633,
42113534,Review of Head and Neck Cancer-Reply.,JAMA,Lara Dunn,2026-May-11,,,,10.1001/jama.2026.3741,
42113523,Review of Head and Neck Cancer.,JAMA,Jiang Zhu; Jiangang Zhang,2026-May-11,,,,10.1001/jama.2026.3735,
42113521,Outcome-Aligned Payments for Technology-Enabled Care-A New CMS Approach to Paying for Chronic Disease Care in Medicare.,JAMA,Jacob Shiff; Abe Sutton,2026-May-11,,,,10.1001/jama.2026.6659,
42113502,"Correction to ""Dosing Interval Extension of Dupilumab in CRSwNP: Five-Year Real World Outcomes"".",International forum of allergy & rhinology,,2026-May-11,,,,10.1002/alr.70172,
42113485,"Lost and Found: Is Olfactory Recovery More Promising After COVID-19 Than Other Causes, Even 2 Years Later?",International forum of allergy & rhinology,John W Hunsicker; Mabel Berg; Nicolaus Knight; Jessica W Grayson; Bradford A Woodworth; Justin H Turner; Do-Yeon Cho,2026-May-11,,,,10.1002/alr.70182,
42106992,Digoxin in Patients With Symptomatic Rheumatic Heart Disease: Research Summary.,JAMA,,2026-May-10,,,e267462,10.1001/jama.2026.7462,
42106991,Efficacy and Safety of Digitalis Glycosides in Heart Failure: A Meta-Analysis.,JAMA,Kevin Damman; Dirk J van Veldhuisen; Johann Bauersachs; Michiel Rienstra; Arend Mosterd; Adriaan A Voors; Geert H D Voordes; Udo Bavendiek; Peter van der Meer,2026-May-10,,,,10.1001/jama.2026.7886,
42106990,Digoxin in Patients With Symptomatic Rheumatic Heart Disease: A Randomized Clinical Trial.,JAMA,Ganesan Karthikeyan; Niveditha Devasenapathy; Arpita Ghosh; Prayaag Ramdas Kini; Reeta Varyani; Santhosh Satheesh; Mohit D Gupta; Girish M Palleda; Rishi Sethi; Satyavir Yadav; Sanjeev Asotra; Arun Gopalakrishnan; Aditya Kapoor; Chandra Bhan Meena; Ravi S Math; Sandeep Bansal; Nagendra Boopathy Senguttuvan; Shyamashree Biswas; Aman Rastogi; Manoj Soni; Vivekanand Jha; Romika Jhajhria; Birbal Kaushik; Nitya Wadhwa,2026-May-10,,,,10.1001/jama.2026.7335,
42106208,"Sinonasal mucosal melanoma: REFCOR guidelines for diagnosis, treatment and follow-up.","European annals of otorhinolaryngology, head and neck diseases",A Moya-Plana; M Khalaf; O Casiraghi; B Baujat; V Costes-Martineau; L de Gabory; L Digue; C Even; C Dupin; C Righini; C Rumeau; J Michel; T Radulesco; J Thariat; S Vergez; B Vérillaud; F NGuyen; H de Kermadec; C Robert,2026-May-08,,,,10.1016/j.anorl.2026.04.004,
42106207,REFCOR guidelines for sinonasal adenocarcinoma.,"European annals of otorhinolaryngology, head and neck diseases",L de Gabory; C Monnot; A-C Baglin; B Baujat; V Coste-Martineau; G de Bonnecaze; L Digue; C Dupin; C Even; F-R Ferrand; J Michel; A Moya-Plana; T Radulesco; J Thariat; S Vergez; B Vérillaud; M Kérimian; C Rumeau,2026-May-08,,,,10.1016/j.anorl.2026.04.007,
42106206,REFCOR guidelines for sinonasal adenoid cystic carcinoma.,"European annals of otorhinolaryngology, head and neck diseases",D Ebode; T Radulesco; J Michel,2026-May-08,,,,10.1016/j.anorl.2026.04.003,
42103700,Does Xylitol Have Additional Benefit Over Saline for Nasal Irrigation in Chronic Rhinosinusitis?,The Laryngoscope,Shahid Iqbal; Adam DeConde; Deborah Watson,2026-May-08,,,,10.1002/lary.70621,
42103557,Objective Structured Assessment of Technical Skills in Mastoidectomy Using 3D-Printed Temporal Bones.,The Laryngoscope,Vanessa Helou; Lucien Khalil; Philip L Perez; Andrew A McCall; Noel Jabbour,2026-May-08,,,,10.1002/lary.70583,
42103481,Effect of Smoking in Oropharyngeal Cancer Treated With TORS: Systematic Review and Meta-Analysis.,The Laryngoscope,Jane Y Tong; Neha Amin; Cailin Cruess; Emilie Ludeman; Kelly Moyer; Jeffrey Wolf; Rodney Taylor; Jason K Molitoris; Matthew J Ferris; Ranee Mehra; Kyle M Hatten,2026-May-08,,,,10.1002/lary.70605,
42101862,Syphilis Linked to Higher Risk of Some Cardiovascular Outcomes.,JAMA,Samantha Anderer,2026-May-08,,,,10.1001/jama.2026.2132,
42101861,Excessive Daytime Napping Tied to Mortality in Older Adults.,JAMA,Samantha Anderer,2026-May-08,,,,10.1001/jama.2026.2134,
42101860,"These Blood Tests May Detect Dozens of Cancers, but Will They Save Lives?",JAMA,Rita Rubin,2026-May-08,,,,10.1001/jama.2026.4742,
42101859,Virtual Neurology Visits Comparable With In-Person for Initial Evaluations.,JAMA,Samantha Anderer,2026-May-08,,,,10.1001/jama.2026.2135,
42101858,Alternative Medicine Use Rises Among US Children.,JAMA,Samantha Anderer,2026-May-08,,,,10.1001/jama.2026.2133,
42101834,Kratom Use and Severe Health Outcomes Surge in the US.,JAMA,Samantha Anderer,2026-May-08,,,,10.1001/jama.2026.2131,
42101833,New Study Finds No Link Between Acetaminophen Use in Pregnancy and Autism.,JAMA,Samantha Anderer,2026-May-08,,,,10.1001/jama.2026.2130,
42100961,Intravenous Tirofiban After Tenecteplase in Acute Ischemic Stroke: Research Summary.,JAMA,,2026-May-08,,,e265288,10.1001/jama.2026.5288,
42100960,Intravenous Tirofiban After Tenecteplase in Acute Ischemic Stroke: The INSTANT Randomized Clinical Trial.,JAMA,Xianghong Liu; Fan Zhang; Cong Zhang; Zongliang Li; Guangxiong Yuan; Deyan Kong; Shuhua Xie; Min Zhou; Jinchun Ye; Zhaohui Lai; Dan Li; Hailong Xu; Lei Chen; Fangqun Cheng; Yan Shi; Bin Chen; Weihua Hu; Huashi Liu; Yi Yin; Xinbo Deng; Zhiyong Xie; Chunying Li; Junfeng Shi; Donghuan Mei; Bin Liu; Bo Wang; Ruize Zhou; Jingjing Liu; Limin Shen; Hairong Hu; Genxiang Xiao; Xiaoyu Guan; Shanggui Yuan; Xunwei Lv; Shuiping Liang; Xiang Zeng; Yi Chen; Wenfeng Cao; Chong Zheng; Yuanlu Liu; Junda Li; Baozhu Guan; Tianmin Lai; Wei Sun; Hongliang Zeng; Jian Zhang; Shizhan Li; Hongfei Sang; Yamei Tang; Duolao Wang; Mengjie Lu; Johannes Kaesmacher; Vignan Yogendrakumar; Suyue Pan; Raul G Nogueira; Daojun Hong; Mayank Goyal; Götz Thomalla; Thanh N Nguyen; Jeffrey L Saver; Qingwu Yang; Zhongming Qiu; Guoyong Zeng,2026-May-08,,,,10.1001/jama.2026.5245,
42099212,Intravenous Tenecteplase Prior to Endovascular Treatment for Ischemic Stroke at 4.5 to 24 Hours: The TNK-PLUS Randomized Clinical Trial.,JAMA,Yunyun Xiong; Fengyuan Che; Hao Wang; Manjun Hao; Thanh N Nguyen; Marc Fisher; Aoming Jin; Zhixin Cao; Ziran Wang; Xiaoxi Yao; Ganghua Feng; Yuelong Xu; Shifeng Guo; Hao Qin; Xianjun Huang; Jianxin Xu; Zhongjun Chen; Jinglin Yuan; Wenshuai Li; Wei Hu; Xueyan Feng; Lixia Zong; Wanxing Ye; Chunmiao Duan; Liyuan Wang; Shuangzhe Wu; Bruce C V Campbell; Yongjun Wang,2026-May-08,,,,10.1001/jama.2026.4292,
42099209,Intravenous Tenecteplase Prior to Endovascular Treatment for Ischemic Stroke at 4.5 to 24 Hours: Research Summary.,JAMA,,2026-May-08,,,e264503,10.1001/jama.2026.4503,
42097991,How Should Thyroid Nodules and Risk of Thyroid Cancer Be Managed in Patients on GLP-1 Receptor Agonists?,The Laryngoscope,Cassidy Anderson; Richard V Smith; Carolyn Debiase,2026-May-07,,,,10.1002/lary.70604,
42096240,Reconsideration of Methods and Outcomes-Reply.,JAMA otolaryngology-- head & neck surgery,Alvaro Sanabria,2026-May-07,,,,10.1001/jamaoto.2026.0849,
42096239,Adjunctive Intra-Arterial Alteplase After Successful Thrombectomy for Acute Ischemic Stroke: The CHOICE-2 Randomized Clinical Trial.,JAMA,Arturo Renú; María Dolores Fernández-Couto; Patricia de la Riva; Raquel Delgado-Mederos; María Herrera; Ana Morales; Mikel Terceño; Nicolás López-Hernández; Mario Martínez-Galdámez; Laura Dorado; Pedro Vega; Lluis Morales-Caba; Eva González; Maitane Alonso; Pedro Barredo Benítez; Rebeca Bermejo; Andrea Cabero-Arnold; José María Cabrera-Maqueda; Martha Vargas; Ángel Calleja Bonilla; Sergio Calleja; José Díaz-Pérez; Salvatore Rudilosso; Antonio Doncel-Moriano; María José Feal; José Ignacio Gallego; Paola Hurtado; Carlos Laredo; Laura Llull; Inés Bartolomé; Alberto Martínez-Calvo; Álvaro Ortega-Sánchez; Alejandro Rodríguez-Vázquez; Isabel Rodríguez-Caamaño; Alba Singla; Yolanda Silva; Diana Tarruella Hernández; Laura Oleaga; Luis San Román Manzanera; Joaquín Serena; María Mar Freijo; Natalia Pérez de la Ossa; Mar Castellanos; Juan Francisco Arenillas-Lara; Ferran Torres; Enrique C Leira; Sergio Amaro; Xabier Urra; Ángel Chamorro,2026-May-07,,,,10.1001/jama.2026.5164,
42096238,Reconsideration of Methods and Outcomes.,JAMA otolaryngology-- head & neck surgery,Krishnakumar Thankappan,2026-May-07,,,,10.1001/jamaoto.2026.0843,
42096236,Mobile Application as a Digital Therapeutic for Chronic Tinnitus: A Randomized Clinical Trial.,JAMA otolaryngology-- head & neck surgery,Koichiro Wasano; Taiji Kawasaki; Fumiyuki Goto; Yoshihiko Hiraga; Shinji Nagai; Madoka Tominaga; Kaoru Ogawa,2026-May-07,,,,10.1001/jamaoto.2026.0858,
42096233,"Promoting Clinical Expertise in the Age of AI: No Struggle, No Mastery.",JAMA,Ron Keren; Bimal R Desai; Daniel C West,2026-May-07,,,,10.1001/jama.2026.6097,
42096230,Hearing Aid Efficacy-Timely Trial Finds Professional Guidance Trumps Costly Tech.,JAMA otolaryngology-- head & neck surgery,Jay F Piccirillo,2026-May-07,,,,10.1001/jamaoto.2026.0751,
42096229,Current Comment.,JAMA,,2026-May-07,,,,10.1001/jama.2025.15794,
42096228,Adjunctive Intra-Arterial Alteplase After Successful Thrombectomy for Acute Ischemic Stroke: Research Summary.,JAMA,,2026-May-07,,,e265292,10.1001/jama.2026.5292,
42096219,Reconsideration of Methods and Outcomes.,JAMA otolaryngology-- head & neck surgery,Keyu Shen; Ping Duo; Xiequn Xu,2026-May-07,,,,10.1001/jamaoto.2026.0846,
42096218,Best Treatment for Patients With Gastric Cancer Remains Uncertain.,JAMA,Qingchen Meng; Xiaohang Li,2026-May-07,,,,10.1001/jama.2026.3729,
42096217,Intra-arterial Alteplase After Thrombectomy for Acute Ischemic Stroke-The Right Choice for All Patients?,JAMA,Urs Fischer; Adrien Ter Schiphorst; Johannes Kaesmacher,2026-May-07,,,,10.1001/jama.2026.6140,
42096216,AI at the Policy Table.,JAMA,Yulin Hswen,2026-May-07,,,e2524327,10.1001/jama.2025.24327,
42096213,Best Treatment for Patients With Gastric Cancer Remains Uncertain-Reply.,JAMA,Anuj Kishor Patel; Nilay S Sethi; Haeseong Park,2026-May-07,,,,10.1001/jama.2026.3732,
42096212,Systematic Postdissection Vagal Stimulation and Surgical Strategy During Thyroidectomy.,JAMA otolaryngology-- head & neck surgery,Nadia H Van Den Berg; James Griffin; Patrick Sheahan,2026-May-07,,,,10.1001/jamaoto.2026.0747,
42096210,Persistent Epiglottic Swelling With Ulceration.,JAMA otolaryngology-- head & neck surgery,Lingkang Dong; Lina Gong; Dongzhen Yu,2026-May-07,,,,10.1001/jamaoto.2026.0828,
42096196,Cost-of-Care Conversations-Time to Break the Ice?,JAMA otolaryngology-- head & neck surgery,Shannon S Wu; Michelle M Chen,2026-May-07,,,,10.1001/jamaoto.2026.0840,
42096192,One-Year Mortality Among Opioid Overdose Survivors.,JAMA,Robert A Kleinman; Sarah Larney; Naheemot Olaoluwa Sule; Clement Ma; Tanya Hauck; Paul Kurdyak,2026-May-07,,,,10.1001/jama.2026.6469,
42093219,The Utility of Macrolide Therapy for Neutrophilic CRSsNP Based on Structured Histopathology.,The Laryngoscope,Alison J Yu; Sanjena Venkatesh; Jadyn Wilensky; Alan D Workman; Jeremy Chang; Maria Espinosa; Jennifer E Douglas; James N Palmer; Nithin D Adappa; Michael A Kohanski,2026-May-06,,,,10.1002/lary.70606,
42093077,Finite Element Analysis of Upper Airway in Ansa Cervicalis Stimulation for Obstructive Sleep Apnea.,The Laryngoscope,Mukund Gupta; Songrui Li; Haoxiang Luo; David T Kent; Yike Li,2026-May-06,,,,10.1002/lary.70603,
42093048,In Reference to Quantifying Dehydration Effects of Porcine Vocal Fold Attenuation With Optical Coherence Tomography.,The Laryngoscope,K V Vijay Kumar; Pankaj Kshirsagar; Mansi Mishra; Surbhi Panwar,2026-May-06,,,,10.1002/lary.70575,
42092344,Peri- and Post-Menopausal Hormone Replacement Therapy and Voice Disorder Risk: A TriNetX Study.,The Laryngoscope,David Kayekjian; Warren B Chun; Shaun A Nguyen; Ashli K O'Rourke; Kirsten D Meenan,2026-May-06,,,,10.1002/lary.70612,
42092329,Neighborhood Deprivation and Voice and Reflux Symptom Burden in a Tertiary Laryngology Cohort.,The Laryngoscope,Sandra Stinnett; Shirley X Liu; Katie M Carlson; Leah Helou; Libby Smith; Chloe Santa Maria; Angela L Mazul,2026-May-06,,,,10.1002/lary.70610,
42090234,Deep Learning-Based Cribriform Segmentation and Automated Olfactory Fossa Depth Estimation on Sinus CT.,International forum of allergy & rhinology,Jamie Oliver; Ann Weesner; Ryan Henn; Sterling Anderson; Alexandria Yao; Easton Attwood; Rahul Alapati; Vidur Bhalla; David Beahm; Jennifer Villwock; Andrés Bur,2026-May-06,,,,10.1002/alr.70180,
42090232,Dupilumab Alleviates IL-13-Induced Nasal Epithelial Barrier Dysfunction by Regulating Claudin-10 Expression.,International forum of allergy & rhinology,Zhi-Qun Huang; Jing Liu; Li-Ying Sun; Qing Luo; Jie-Qing Yu; Li Shen; Yi-Shan Xiong; Ran-Ran Yin; De-Yun Wang; Jing Ye,2026-May-06,,,,10.1002/alr.70179,
42090180,Patient Support Following Post-Intensive Care Syndrome.,JAMA,Marta Godoy-González; Josefina López-Aguilar; Sol Fernández-Gonzalo,2026-May-06,,,,10.1001/jama.2026.3608,
42090177,Treatment of Anterior Cruciate Ligament Rupture.,JAMA,Marc-Olivier Dubé; Rekha Ganeshalingam; Adam G Culvenor,2026-May-06,,,,10.1001/jama.2026.2926,
42090165,Patient Support Following Post-Intensive Care Syndrome.,JAMA,Sarah E Byrne-Martelli; Alice Bottussi; Jacopo D'Andria Ursoleo,2026-May-06,,,,10.1001/jama.2026.3605,
42090140,"AI Scribes Are Here, but Is Health Care Ready?: A Healthy Dialogue With Vincent X. Liu.",JAMA,Derek C Angus; Matthew B O'Connor,2026-May-06,,,e265859,10.1001/jama.2026.5859,
42090137,Patient Support Following Post-Intensive Care Syndrome-Reply.,JAMA,Brad W Butcher,2026-May-06,,,,10.1001/jama.2026.3611,
42090131,Elective MRI Screening of the General Public-Buyer Beware.,JAMA,Matthew S Davenport; Scott B Reeder,2026-May-06,,,,10.1001/jama.2026.5888,
42087463,Impact of Co-Morbid Immunocompromise in HPV-Associated Oropharyngeal Squamous Cell Carcinoma.,The Laryngoscope,Maxwell L Weng; Tereza Vitkovska; Song Hon Hwang; Lauran K Evans; Hong-Ho Yang; Christopher Dann; Dipti Sajed; Maie A St John,2026-May-05,,,,10.1002/lary.70584,
42086505,Structural Phenotype of High-Frequency Recurrent Facial Palsy.,The Laryngoscope,Yeso Choi; Il-Seok Park; Sung Jun Han; Jihae Lee; Jin Kim,2026-May-05,,,,10.1002/lary.70607,
42086497,Carbon Dioxide Laser-Assisted Stiffening for Primary Epiglottic Collapse: A Preliminary Experience.,The Laryngoscope,Francesco Giombi; Gian Marco Pace; Michele Cerasuolo; Giuseppe Spriano; Luca Malvezzi,2026-May-05,,,,10.1002/lary.70609,
42085505,Distribution of Eosinophils Across Multiple Paranasal Sinuses Within Patients With Chronic Rhinosinusitis With Nasal Polyps.,International forum of allergy & rhinology,Aris I Giotakis; Athanasios Ioannidis; Efthymios Kyrodimos; Efthymios Koniaris; Evangelos I Giotakis; Dimitra Riga,2026-May-05,,,,10.1002/alr.70176,
42084120,Location Matters for Proximal Hilar Submandibular Stone Removal: Position Relative to the Mylohyoid.,The Laryngoscope,Tiffany Husman; Ashley Stone; Jolie L Chang,2026-May-05,,,,10.1002/lary.70599,
42084107,Multi-Frequency Electrocochleography Results in Fewer Drop Alarms During Cochlear Implant Insertion.,The Laryngoscope,Mana Espahbodi; Ali Syed; Alex Tu; Michael D Seidman; Christopher J Danner; Kyle P Allen; Loren J Bartels; Syed F Ahsan; Courtney C J Voelker; Nicholas L Deep; Jacob B Hunter; Rebecca C Chiffer; Elias M Michaelides; Mohamed Elrakhawy; Matthew W Miller; Harrison W Lin; Hamid R Djalilian; Esther X Vivas; Simon I Angeli; Michael Hoa; H Jeffrey Kim; Mark H Widick; Katrina R Stidham; Neil S Patel; Richard K Gurgel; Karl W Doerfer; Kanthaiah Koka; Michael S Harris,2026-May-05,,,,10.1002/lary.70592,
42081318,Hepatitis B: A Review.,JAMA,Wen-Juei Jeng; Terry Cheuk-Fung Yip; Anna S Lok,2026-May-04,,,,10.1001/jama.2026.6070,
42081228,IgA Nephropathy-Reply.,JAMA,Sinead Stoneman; Jia Wei Teh; Michelle Marie O'Shaughnessy,2026-May-04,,,,10.1001/jama.2026.3579,
42081226,IgA Nephropathy.,JAMA,Enmanuel A Leiva-Murillo,2026-May-04,,,,10.1001/jama.2026.3576,
42081217,The Conundrum of Exercise for Weight Management in the GLP-1 Receptor Agonist Era.,JAMA,Daniel E Lieberman; Daniel H Aslan; Steven B Heymsfield,2026-May-04,,,,10.1001/jama.2026.5537,
42081210,"Changes in Nonprofit Hospitals' Finances, Operations, and Quality of Care After Using Management Consultants.",JAMA,Joseph Dov Bruch; Cal Chengqi Fang; Yan Bo Zeng; Avni Parthan; Ashvin D Gandhi,2026-May-04,,,,10.1001/jama.2026.5027,
42081208,The Price of Advice-Do Management Consultants Deliver Value to Nonprofit Hospitals?,JAMA,Thomas C Buchmueller; Helen G Levy,2026-May-04,,,,10.1001/jama.2026.4362,
42065905,Apolipoprotein B May Improve CVD Risk Assessment in Younger Adults.,JAMA,Samantha Anderer,2026-May-26,335,20,1744,10.1001/jama.2026.2124,
42065899,"Weight Loss, Adverse Effects With GLP-1 Medications May Be Influenced by Genetics.",JAMA,Samantha Anderer,2026-May-26,335,20,1739-1740,10.1001/jama.2026.6177,
42065898,Major Meta-Analysis Links Social Media to Worse Youth Mental Health.,JAMA,Kate Schweitzer,2026-May-26,335,20,1741-1743,10.1001/jama.2026.3974,
42065897,Diverticulitis May Peak Seasonally.,JAMA,Samantha Anderer,2026-May-26,335,20,1744-1745,10.1001/jama.2026.2128,
42065896,Birth After Uterus Transplant.,JAMA,Liza Johannesson; Anthony R Gregg; Kimia Samiee; Johanna Bayer; Benjamin K Kogutt; Zachary S Rubeo; Monica Chung; Paul Payne; Robert T Gunby; Giuliano Testa,2026-May-01,,,,10.1001/jama.2026.7351,
42065894,"Most US Health Care Workers Vaccinated for Flu, Less Than Half for COVID-19.",JAMA,Samantha Anderer,2026-May-26,335,20,1744,10.1001/jama.2026.2126,
42065884,Unvaccinated Blood Requests Linked to Care Delays and Patient Harm.,JAMA,Samantha Anderer,2026-May-26,335,20,1745,10.1001/jama.2026.2129,
42065876,CDC Reports Rise in Drug-Resistant Shigella Infections.,JAMA,Samantha Anderer,2026-May-26,335,20,1744,10.1001/jama.2026.2125,
42065875,HPV Vaccine Lowers Related Cancer Risk in Younger Males.,JAMA,Samantha Anderer,2026-May-26,335,20,1744,10.1001/jama.2026.2127,
42060286,Management of Chronic Subdural Hematoma With Adjunctive Embolization of Middle Meningeal Artery: Research Summary.,JAMA,,2026-May-26,335,20,e264965,10.1001/jama.2026.4965,
42060283,Management of Chronic Subdural Hematoma With Adjunctive Embolization of Middle Meningeal Artery: The EMMA-Can Randomized Clinical Trial.,JAMA,Jai Jai Shiva Shankar; Susan Alcock; Nima Kashani; Tim Darsaut; Bill Hao Wang; Marlise P Dos Santos; Geneviève Milot; Cian O'Kelly; Michael E Kelly; Daniela Iancu; Adela Cora; Tom Marotta; Brian van Adel; Kislay Kishore; Brian Drake; Howard Lesiuk; Sylvine Carrondo-Cottin; Jeremy Rempel; Uzair Ahmed; Chiraz Chaalala; Joseph Silvaggio; Zul Kaderali; James McEachern; Mohammed Suheel Abdul Salam; Namita Sinha; Roman Marin; Yan Sin Leung; Robert Balshaw; Ian Fleetwood; Depeng Jiang; Bijoy K Menon; Nishita Singh; Frederick A Zeiler,2026-May-26,335,20,1787-1795,10.1001/jama.2026.4910,
42054050,The Veterans Affairs' Whole Health Approach for Chronic Pain Management: Research Summary.,JAMA,,2026-May-26,335,20,e265038,10.1001/jama.2026.5038,
42054020,The Veterans Affairs' Whole Health Approach for Chronic Pain Management: The wHOPE Randomized Clinical Trial.,JAMA,Karen H Seal; Benjamin J Morasco; Aaron M Martin; Kavitha P Reddy; Theresa M Van Iseghem; Rendelle E Bolton; Barbara G Bokhour; Jennifer Murphy; Lauren M Denneson; Denise Esserman; Eugenia Buta; Natalie Purcell; Daniel Bertenthal; Jacob T Painter; Linda R Abadjian; Liliana C Moore; Allan C Chan; Nicole McCamish; Shira Maguen; Thomas C Neylan; Carolyn J Gibson; William C Becker,2026-May-26,335,20,1774-1786,10.1001/jama.2026.5006,
42054019,Artificial Intelligence Is Not the End of the Physician.,JAMA,Canio Martinelli; Vincenzo Carnevale; Alfredo Ercoli; Antonio Giordano,2026-May-26,335,20,1749-1750,10.1001/jama.2026.4356,
42054006,A Licensure Framework for Autonomous Clinical AI.,JAMA,Alon Bergman; Robert M Wachter; Ezekiel J Emanuel,2026-May-26,335,20,1751-1754,10.1001/jama.2026.5483,
42043915,Cardiac Resynchronization Therapy: A Review.,JAMA,Caique M Ternes; Jitae A Kim; Anirban Basu; Kenneth A Ellenbogen; Mihail G Chelu,2026-May-26,335,20,1796-1807,10.1001/jama.2026.4893,
42043834,Six-Month Outcomes of a Trial of Potassium Supplementation Thresholds After Cardiac Surgery.,JAMA,Niall G Campbell; Elizabeth Allen; Zahra Jamal; Richard Evans; Charles Opondo; Julie Sanders; Joanna Sturgess; Hugh E Montgomery; Diana Elbourne; Ben O'Brien,2026-May-26,335,20,1810-1812,10.1001/jama.2026.5357,
42043825,Accelerating Workforce Well-Being-Lessons From Safety.,JAMA,Liselotte N Dyrbye; Helen Burstin,2026-May-26,335,20,1755-1757,10.1001/jama.2026.5065,
42030063,CDC Warns About Medetomidine in the US Illegal Fentanyl Supply.,JAMA,Samantha Anderer,2026-May-19,335,19,1655,10.1001/jama.2026.2119,
42030062,Oral Semaglutide Sustains Long-Term CVD Risk Factor Reductions.,JAMA,Samantha Anderer,2026-May-19,335,19,1656,10.1001/jama.2026.2123,
42030061,Monthly Insulin Price Cap for Private Insurance Proposed.,JAMA,Samantha Anderer,2026-May-19,335,19,1655,10.1001/jama.2026.2117,
42030060,Higher Meat Consumption Tied to Better Cognitive Outcomes in Some Genotypes.,JAMA,Samantha Anderer,2026-May-19,335,19,1655-1656,10.1001/jama.2026.2121,
42030059,Poor Sense of Smell Linked to Physical Decline in Older Adults.,JAMA,Samantha Anderer,2026-May-19,335,19,1655,10.1001/jama.2026.2118,
42030058,FDA Approves Generic Dapagliflozin.,JAMA,Samantha Anderer,2026-May-19,335,19,1655,10.1001/jama.2026.2120,
42030057,"Shift From Meat to Plants, Heart Group Says in Updated Dietary Guidance.",JAMA,Jennifer Abbasi,2026-May-19,335,19,1651-1652,10.1001/jama.2026.5654,
42030042,Could a Common Antidepressant Help Treat Methamphetamine Use Disorder?,JAMA,Samantha Anderer,2026-May-19,335,19,1653-1654,10.1001/jama.2026.5755,
42024414,Editorials.,JAMA,,2026-May-26,335,20,1821,10.1001/jama.2025.15787,
42024412,AI Drug Safety in Pregnancy.,JAMA,Yulin Hswen,2026-May-19,335,19,e2524562,10.1001/jama.2025.24562,
42024410,Age-Adjusted D-Dimer Cutoffs to Exclude DVT.,JAMA,Alexis Marouk; Anne-Laure Feral-Pierssens; Frédéric Lapostolle,2026-May-26,335,20,1818,10.1001/jama.2026.2845,
42024407,Hospital at Home and Transforming US Health Care Delivery.,JAMA,Bruce Leff; Albert Siu; Linda V DeCherrie; David M Levine,2026-May-26,335,20,1747-1748,10.1001/jama.2026.4791,
42024403,Age-Adjusted D-Dimer Cutoffs to Exclude DVT.,JAMA,Zhang Cheng; Yiqi Jin,2026-May-26,335,20,1817,10.1001/jama.2026.2839,
42024377,Age-Adjusted D-Dimer Cutoffs to Exclude DVT-Reply.,JAMA,Marc Righini; Grégoire Le Gal,2026-May-26,335,20,1819,10.1001/jama.2026.2848,
42024371,Age-Adjusted D-Dimer Cutoffs to Exclude DVT.,JAMA,Carmine Siniscalchi; Pierpaolo Di Micco,2026-May-26,335,20,1817-1818,10.1001/jama.2026.2842,
42018332,Histone Deactylase Inhibition in R-CHOP-Treated Double-Expressor Diffuse Large B-Cell Lymphoma.,JAMA,Stephen M Ansell,2026-May-19,335,19,1669-1671,10.1001/jama.2026.4291,
42018318,Tucidinostat Plus R-CHOP vs R-CHOP in MYC/BCL2 Double-Expressor Diffuse Large B-Cell Lymphoma: A Randomized Clinical Trial.,JAMA,Peng-Peng Xu; Yu-Qin Song; Jian-Zhen Shen; Qing-Qing Cai; Hui Zhou; Li-Ling Zhang; Ying Xiang; Xiu-Hua Sun; Wei Yang; Zhi-Hua Yao; Hong-Mei Jing; Shu-Juan Wen; Jie Jin; Hong-Wei Xue; Hong Cen; Kai-Yang Ding; Zheng-Ming Jin; Li-Hong Liu; Xiao-Jing Xing; Lan-Fang Li; Ming Hou; Lin Liu; Ming-Zhi Zhang; Wen-Yu Li; Ou Bai; Ru Feng; Zun-Min Zhu; Hui-Jing Wu; Li-Ping Su; Li Gao; Fei Li; Wen-Rong Huang; Peng Liu; Xiao-Jing Yan; Ying Zhao; Hang Su; Xie-Lan Zhao; Rong Fu; Hong Liu; Wen-Yu Shi; Hui-Zhi Li; Bo Chen; Zhi-Qiang Ning; Jun Zhu; Wei-Li Zhao,2026-May-19,335,19,1684-1693,10.1001/jama.2026.4199,
42018317,Tucidinostat Plus R-CHOP vs R-CHOP in MYC/BCL2 Double-Expressor Diffuse Large B-Cell Lymphoma: Research Summary.,JAMA,,2026-May-19,335,19,e264329,10.1001/jama.2026.4329,
42018316,Spinal Manipulation and Biopsychosocial Self-Management for Back Pain.,JAMA,Noah H Goldstein; Zachary P Morehouse,2026-May-26,335,20,1815,10.1001/jama.2026.2704,
42018312,Suicide Mortality Among Adolescents and Young Adults After Launch of a Suicide and Crisis Lifeline.,JAMA,Vishal R Patel; Michael Liu; Anupam B Jena,2026-May-19,335,19,1721-1723,10.1001/jama.2026.5157,
42018302,"Autism-Understanding Diagnosis, Prevalence, and Treatment: A Healthy Dialogue With Jeremy Veenstra-VanderWeele and Dost Öngür.",JAMA,Derek C Angus,2026-May-19,335,19,e263415,10.1001/jama.2026.3415,
42018299,Spinal Manipulation and Biopsychosocial Self-Management for Back Pain-Reply.,JAMA,Gert Bronfort; Brent Leininger; John Licciardone,2026-May-26,335,20,1816-1817,10.1001/jama.2026.2710,
42018297,Spinal Manipulation and Biopsychosocial Self-Management for Back Pain.,JAMA,Jinling Qin; Haijun Zhang; Bo Zhang,2026-May-26,335,20,1814,10.1001/jama.2026.2701,
42018294,Spinal Manipulation and Biopsychosocial Self-Management for Back Pain.,JAMA,Ya-Ting Hu; Yung-Shuo Kao,2026-May-26,335,20,1815-1816,10.1001/jama.2026.2707,
42008284,Using Serious Games to Increase the Implementation of Trauma Triage Guidelines: Research Summary.,JAMA,,2026-May-19,335,19,e264133,10.1001/jama.2026.4133,
42008283,US State Actions Related to COVID-19 Vaccination Infrastructure and Access Amid Federal Shifts.,JAMA,Olurotimi M Kukoyi; Velda S Wang; Kristiana Yao; Chelsea B Cipriano; Chanelly Martinez Mayi; Susan M Kansagra; Manisha Juthani; Katelyn K Jetelina; Charlene A Wong,2026-May-19,335,19,1719-1721,10.1001/jama.2026.5148,
42008281,"GLP-1 Receptor Agonists, Gestational Weight Gain, and Pregnancy Outcomes.",JAMA,Jeremy Boujenah,2026-May-19,335,19,1727-1728,10.1001/jama.2026.2648,
42008277,Using Serious Games to Increase the Implementation of Trauma Triage Guidelines: A Randomized Clinical Trial.,JAMA,Deepika Mohan; Chung-Chou H Chang; Baruch Fischhoff; Jonathan Elmer; Kimberly J Rak; Jacqueline L Barnes; Andrew B Peitzman; Brad Bendesky; Casey Carr; Allyson C Chapman; Raquel M Forsythe; Frank X Guyette; Allyson M Hynes; Jonathan J Oskvarek; Scott D Weingart; Michael B Weinstock; Douglas B White; Derek C Angus,2026-May-19,335,19,1672-1683,10.1001/jama.2026.4079,
42008263,"GLP-1 Receptor Agonists, Gestational Weight Gain, and Pregnancy Outcomes.",JAMA,Karim Hnid,2026-May-19,335,19,1728-1729,10.1001/jama.2026.2651,
42008261,"GLP-1 Receptor Agonists, Gestational Weight Gain, and Pregnancy Outcomes-Reply.",JAMA,Jacqueline Maya; Tanayott Thaweethai; Camille E Powe,2026-May-19,335,19,1729,10.1001/jama.2026.2654,
42008260,Error in Denominators.,JAMA,,2026-May-12,335,18,1640,10.1001/jama.2026.4634,
42008245,Prepregnancy Care and Counseling: A Review.,JAMA,Kylie M Cooper; Linda M Szymanski; Paru S David; Summer V Allen; Daniel M Breitkopf,2026-May-19,335,19,1706-1716,10.1001/jama.2026.2888,
42003723,"Correspondence Regarding ""Early and Sustained Improvements in Sense of Smell With Tezepelumab Treatment in Patients With Chronic Rhinosinusitis With Nasal Polyps (WAYPOINT)"".",International forum of allergy & rhinology,Hongshuai Liu; Taotao Zhang; Linrong Wu; Zhisen Shen,2026-May,16,5,528-529,10.1002/alr.70170,
41999289,Amoxicillin-Clavulanate vs Amoxicillin for Acute Sinusitis in Adults.,JAMA,Timothy J Savage; Anne M Butler; Matthew P Kronman; Michael J Durkin; Sushama Kattinakere Sreedhara; Sarah Kabbani; Lauri A Hicks; Krista F Huybrechts,2026-May-19,335,19,1694-1705,10.1001/jama.2025.26902,
41999288,Fast Antimicrobial Susceptibility Testing for Gram-Negative Bacteremia: Research Summary.,JAMA,,2026-May-26,335,20,e265536,10.1001/jama.2026.5536,
41999287,Fast Antimicrobial Susceptibility Testing for Gram-Negative Bacteremia: The FAST Randomized Clinical Trial.,JAMA,Ritu Banerjee; Lauren Komarow; Yixuan Li; Donald Mau; Andrew Dodd; Holly Geres; Kerryl Greenwood-Quaintance; Amos Adler; Shrikala Baliga; Michal Chowers; George Chrysos; Olympia Zarkotou; Mical Paul; Spyros Pournaras; Dolores Sousa Regueiro; Scott Evans; Henry Chambers; Vance G Fowler; Robin Patel,2026-May-26,335,20,1762-1773,10.1001/jama.2026.5487,
41999286,Long-Term Cognitive Ability and Academic Achievement After Childhood Severe Malaria.,JAMA,Paul Bangirana; Kagan A Mellencamp; Jie Ren; Jacqueline A Nakitende; Andrea L Conroy; Dibyadyuti Datta; Christian Kautzman; Michael J Goings; Robert O Opoka; Ruth Namazzi; Bjarne Robberstad; Richard Idro; Chandy C John,2026-May-12,335,18,1596-1605,10.1001/jama.2026.0704,
41999283,Long-Term Neurocognitive Outcomes After Severe Malaria Infection: No Peace of MIND.,JAMA,Sesh A Sundararaman; Audrey R Odom John,2026-May-12,335,18,1575-1577,10.1001/jama.2026.4290,
41999281,A Multinational Trial of Rapid Antimicrobial Susceptibility Testing: Is FASTer Better?,JAMA,Arjun Srinivasan,2026-May-26,335,20,1760-1761,10.1001/jama.2026.5504,
41996125,FDA Approves Weekly Basal Insulin for Adults With Type 2 Diabetes.,JAMA,Samantha Anderer,2026-May-12,335,18,1564,10.1001/jama.2026.2111,
41996109,FDA Approves GLP-1 Obesity Pill Without Food or Water Restrictions.,JAMA,Samantha Anderer,2026-May-12,335,18,1564,10.1001/jama.2026.2113,
41996099,Influencer Prescription Drug Promotion May Spread Misinformation.,JAMA,Samantha Anderer,2026-May-12,335,18,1564-1565,10.1001/jama.2026.2115,
41996098,"What to Know About Cicada, or BA.3.2, the Latest SARS-CoV-2 Variant Under Monitoring.",JAMA,Rita Rubin,2026-May-12,335,18,1559-1560,10.1001/jama.2026.5535,
41996096,"Hypertension Burden Increasing Worldwide, With Stark Disparities.",JAMA,Samantha Anderer,2026-May-12,335,18,1564,10.1001/jama.2026.2114,
41996094,Metabolically Healthy Obesity in Children Still Raises Cardiometabolic Risk.,JAMA,Samantha Anderer,2026-May-12,335,18,1564,10.1001/jama.2026.2112,
41996093,WHO Releases New Tuberculosis Testing Guidelines.,JAMA,Samantha Anderer,2026-May-12,335,18,1565,10.1001/jama.2026.2116,
41996092,"Leading Autism Experts, Advocates Form an Independent Committee in Response to Federal Shifts.",JAMA,Kate Schweitzer,2026-May-12,335,18,1561-1563,10.1001/jama.2026.4001,
41995127,Early Olfactory Recovery With Tezepelumab in CRSwNP: Mechanistic and Clinical Considerations.,International forum of allergy & rhinology,Sushma Narsing Katkuri; Varshini Vadhithala; Sachin Kumar; Sushma Verma; Jeffrin Reneus Paul,2026-May,16,5,526-527,10.1002/alr.70167,
41995120,Reply to: S. N. Katkuri et al. and H. Liu et al. on Early and Sustained Improvements in Sense of Smell With Tezepelumab Treatment in Patients With Chronic Rhinosinusitis With Nasal Polyps (WAYPOINT).,International forum of allergy & rhinology,Joaquim Mullol; Joseph K Han; Tanya M Laidlaw; Claire Hopkins; Anju T Peters; Oliver Pfaar; Martin Desrosiers; Stella E Lee; Andrew P Lane; Claudia Chen; Yun Chon; Sandhia S Ponnarambil; Andrew Foster; Andrew W Lindsley; Christopher S Ambrose,2026-May,16,5,534-536,10.1002/alr.70168,
41989814,Restorative Reproductive Medicine Restricting Access to Care-In Reply.,JAMA,Caiyun Liao; Rachel Himel; Amanda N Kallen,2026-May-19,335,19,1727,10.1001/jama.2026.2478,
41989810,Restorative Reproductive Medicine Restricting Access to Care.,JAMA,Monica Minjeur; Tracey A Parnell; Joseph B Stanford,2026-May-19,335,19,1726-1727,10.1001/jama.2026.2475,
41989808,Mandatory Training Modules in Health Care-Time to Reassess.,JAMA,Michael Gottlieb,2026-May-12,335,18,1569-1570,10.1001/jama.2026.3969,
41989807,Saving Time in the Medical School.,JAMA,,2026-May-19,335,19,1731,10.1001/jama.2025.15780,
41989793,"More US Immigration Detention, Less Oversight, and More Deaths.",JAMA,Michele Heisler; Katherine R Peeler,2026-May-12,335,18,1578-1580,10.1001/jama.2026.4289,
41989789,Association of PHEX Gene Dosage With Meniere Disease and Related Audiovestibular Phenotypes in X-Linked Hypophosphatemia.,JAMA otolaryngology-- head & neck surgery,Paula Robles-Bolivar; David Bächinger; Arpan Bose; Kimberly Ramirez; Alison Brown; Amy F Juliano; Jose Antonio Lopez-Escamez; Sharon G Kujawa; Eva S Liu; Sami S Amr; Steven D Rauch; Andreas H Eckhard; Divya A Chari,2026-May-01,152,5,452-464,10.1001/jamaoto.2026.0021,
41989771,Mortality in US Immigration and Customs Enforcement Detention.,JAMA,Sanjay Basu; Benjamin Q Huynh; Mathew V Kiang; Elizabeth T Chin; Jason R Andrews,2026-May-12,335,18,1632-1635,10.1001/jama.2026.3719,
41989770,Inconsistencies Between Text and Table.,JAMA,,2026-May-12,335,18,1640,10.1001/jama.2025.20680,
41984463,A Love Letter to Clinical Trials: Introducing JAMA+ Trials.,JAMA,Alison J Huang; Kirsten Bibbins-Domingo,2026-May-12,335,18,1581-1582,10.1001/jama.2026.2446,
41984456,Incorrect Data and Reference.,JAMA,,2026-May-12,335,18,1640,10.1001/jama.2025.27265,
41984452,International Reference Pricing Across Medicare and Medicaid: Evaluating CMS Models.,JAMA,So-Yeon Kang; Michael J DiStefano,2026-May-12,335,18,1571-1572,10.1001/jama.2026.3536,
41984450,Intrawound Tobramycin Plus Vancomycin to Prevent Surgical Site Infection in Tibial Fractures: The TOBRA Randomized Clinical Trial.,JAMA,Robert V O'Toole; Nathan N O'Hara; Anthony R Carlini; Gregory M Schrank; Suna Chung; Joshua L Gary; William Obremskey; Paul Edward Matuszewski; David Teague; Roman M Natoli; Ida Leah Gitajn; Michael J Weaver; Christopher H Renninger; Ashley Elizabeth Levack; Yasmin Degani; Susan C Collins; Elias Weston-Farber; Andrea L Howe; Richard E Thompson; Renan C Castillo; Madhav A Karunakar; Laura Blum; Luke Harmer; Joseph R Hsu; Laurence B Kempton; Kevin D Phelps; Rachel B Seymour; Stephen H Sims; Maithili S Acharya; Hayden Callahan; Luz M Chavez-Araujo; Christine Churchill; Michael P Gambuzza; Kara R Haim; Enosh Ishman; Joshua S Kendall; Nicholas D Mullis; Catherine Young; Holly T Pilson; Eben A Carroll; James Brett Goodman; Martha B Holden; Alan L Jones; Charles Moon; Carol A Lin; Geoffrey S Marecek; Gable B Moffitt; Todd Conlan; Albert V George; Lillian Adelaide Fisher; Devin S Mullin; Chelsey L Recendez; Arun Aneja; Devon T Brameier; Marilyn Heng; Thuan V Ly; Derek S Stenquist; Nishant Suneja; Thirushan Wignakumar; Jacob S Borgida; Thomas J Policicchio; George R Hanson; Olutayo M Alese; William M Ricci; Steve B Behrens; Aleksey Dvorzhinskiy; Robert E Bilodeau; Craig E Klinger; Brian H Mullis; Yohan Jang; Luke A Lopas; Todd O McKinley; Dillon C O'Neill; Jan P Szatkowski; Walter W Virkus; Lauren C Hill; Greg Gaski; Robert A Hymes; James Ahn; Abraham M Goch; Michael Holzman; A Stephen Malekzadeh; Jeff E Schulman; Jessica C Rivera; Peter C Krause; Carolyn Bridgman; Joseph Cohen; Carlo Eikani; Maria Chavez; Michelle Kudulis; Stephen J Warner; Timothy S Achor; Andrew Choo; Jonathan G Eastman; Patrick J Kellam; Sterling J Boutte; Keyla Denniss Guevara; Kristoff R Reid; Heather A Vallier; Anna Vergon Tucci; Jana M Davis; Alice C Bell; Marissa E Bonyun; Kathleen Healey; Vivian Li; Natasha S McKibben; Jason Nascone; David Okhuereigbe; Marcus F Sciadini; Gerard Slobogean; Nicolas Zingas; Murali Kovvur; Joshua E Lawrence; Heather Phipps; Joshua Rudnicki; Kristin E Turner; Roman Hayda; Andrew R Evans; Stephen Quinnan; Alyha Benitez; Saqib Rehman; Melissa C Soderquist; Clay B Townsend; Cyrus Caroom; Angela C Collins; Ebubechi Okwumabua; Humza S Shaikh; Clay A Spitler; Abhinav Agarwal; Michael D Johnson; Justin M Haller; Lucas S Marchand; Nicholas A Alfonso; Melissa A Gorman; William Michael Charlton; Brandon R Scott; Kameron M Kraus; Sean J Meredith; Sneh Talwar; Patrick F Bergin; Aaradhana J Jha; Sheketha McGee; Priyanka V Nehete; Tyranny A Pryor; Isaac Spears; Andrew T Chen; Benjamin Kelley; Nevaeh R Nez; William J Ertl; Brandon R Hull; Sarah Blumenthal; Joseph T Patterson; Camille Flynn; Ryan C Ross; Animesh Agarwal; David B Weiss; Michael M Hadeed; Seth R Yarboro; Tina Daoud; Eric D McVey; Paul S Whiting; Christopher Domes; David C Goodspeed; Gabrielle R Kuhn; Robert Boyce; Andres Libos; Phillip M Mitchell; Andres Fidel Moreno-Diaz; Robert Brandon Ponce; Daniel J Stinner; Lauren M Tatman; Juanita Velasco-Castro; Karen Trochez; Jibanananda Satpathy; David A Zuelzer; Benjamin K Potter,2026-May-12,335,18,1586-1595,10.1001/jama.2026.4023,
41984445,Intrawound Tobramycin Plus Vancomycin to Prevent Surgical Site Infection in Tibial Fractures: Research Summary.,JAMA,,2026-May-12,335,18,e264070,10.1001/jama.2026.4070,
41984437,Virtual and Remotely Conducted Trials: Connection Without Contact.,JAMA,Alison J Huang; Gregory M Marcus; An-Wen Chan,2026-May-12,335,18,1583-1585,10.1001/jama.2026.2777,
41973540,2025 Year in Review and Vision for the Path Ahead.,JAMA,Kirsten Bibbins-Domingo; Stacy L Christiansen; Greg Curfman; Annette Flanagin; Hannah Park,2026-May-05,335,17,1487-1490,10.1001/jama.2026.6352,
41973461,PEEP for Postoperative Pulmonary Complications-Reply.,JAMA,Tom D Vermeulen; Marcus J Schultz; David M P van Meenen,2026-May-19,335,19,1725-1726,10.1001/jama.2026.2338,
41973451,What Is Endometrial Cancer?,JAMA,Kristin Walter,2026-May-12,335,18,1646,10.1001/jama.2026.3038,
41973450,Endometrial Cancer: A Review.,JAMA,Katherine L Mager; Karen McLean,2026-May-12,335,18,1616-1627,10.1001/jama.2026.2248,
41973449,PEEP for Postoperative Pulmonary Complications.,JAMA,Guanyu Yang; Liumei Li; Qinjun Chu,2026-May-19,335,19,1725,10.1001/jama.2026.2332,
41973443,The First AI Drug Prescriber.,JAMA,Daniel G Aaron; Christopher Robertson,2026-May-12,335,18,1567-1568,10.1001/jama.2026.3533,
41973436,PEEP for Postoperative Pulmonary Complications.,JAMA,Cristina Mietto; William G Tharp; Lorenzo Berra,2026-May-19,335,19,1723-1724,10.1001/jama.2026.2336,
41973431,Changes in Mifepristone Use at Pharmacies After Removal of the FDA In-Person Dispensing Requirement.,JAMA,Christopher Scannell; Pragya Kakani; Rebecca Myerson; Dima Mazen Qato,2026-May-12,335,18,1630-1632,10.1001/jama.2026.3419,
41973415,PEEP for Postoperative Pulmonary Complications.,JAMA,Ziheng Qi; Huan Zhang,2026-May-19,335,19,1724-1725,10.1001/jama.2026.2334,
41973411,Real-World Outcomes of Transcatheter Tricuspid Valve Replacement: Analysis From the STS/ACC TVT Registry.,JAMA,Raj R Makkar; Aakriti Gupta; Brian P O'Neill; Christina Lalani; Rahul P Sharma; Pradeep Yadav; Tiberio M Frisoli; Vinod Thourani; Moody Makar; Mackram F Eleid; James Lee; Vasilis C Babaliaros; Christiane Haeffele; Tanvir K Bajwa; Peter Flueckiger; Robert J Cubeddu; Laura J Davidson; Ratnasari Padang; Pedro Villablanca Spinetto; Suhail Allaqaband; Akhil Narang; Mathew Williams; Patrick Gleason; Gilbert H L Tang; Sahil Khera; John P Vavalle; Isida Byku; Jeremiah P Depta; Santiago Garcia; Samir Kapadia; Alan Zajarias; Jake M Chanin; Susheel K Kodali; Howard C Herrmann; M Andrew Morse; George Petrossian; Joseph A Sivak; Rebecca T Hahn; Yang Song; Martin B Leon; Robert W Yeh; Charles J Davidson,2026-May-12,335,18,1606-1615,10.1001/jama.2026.3446,
41961518,Sports Injuries May Cause Long-Term Damage to the Blood-Brain Barrier.,JAMA,Samantha Anderer,2026-May-05,335,17,1471-1472,10.1001/jama.2026.2109,
41961517,Healthy Lifestyle Lowers Cardiometabolic Risk in People With Hypertension.,JAMA,Samantha Anderer,2026-May-05,335,17,1472,10.1001/jama.2026.2110,
41961515,"PCSK9 Inhibitors in Diabetes, Tirzepatide's Cardiorenal Effects, Shingles Vaccine, and More From ACC.",JAMA,Jennifer Abbasi,2026-May-05,335,17,1468-1470,10.1001/jama.2026.2399,
41961513,Triple Agonist Reduces Hemoglobin A1C and Weight in Patients With Type 2 Diabetes.,JAMA,Samantha Anderer,2026-May-05,335,17,1471,10.1001/jama.2026.2107,
41961509,FDA Approves Once-Daily Psoriasis Pill.,JAMA,Samantha Anderer,2026-May-05,335,17,1471,10.1001/jama.2026.2105,
41961485,Warfarin Self-Management Safe and Effective for Patients.,JAMA,Samantha Anderer,2026-May-05,335,17,1471,10.1001/jama.2026.2108,
41961484,How mRNA Vaccines Could Help Treat Cancer.,JAMA,Rita Rubin,2026-May-05,335,17,1465-1467,10.1001/jama.2026.2088,
41961482,ADHD Drug Shortage Cause Identified.,JAMA,Samantha Anderer,2026-May-05,335,17,1471,10.1001/jama.2026.2106,
41961429,On the Interpretation of Long-Term Outcomes After Combined FESS and Mepolizumab in Severe CRSwNP.,International forum of allergy & rhinology,Francesca Pirola; Claire Hopkins,2026-May,16,5,524-525,10.1002/alr.70156,
41958403,Don't Collapse the Wave.,American journal of rhinology & allergy,Neal Rajan Godse,2026-May,40,3,180-182,10.1177/19458924261434308,
41954942,"""Hooch,"" ""Home Brew"" and Copper.",JAMA,,2026-May-12,335,18,1642,10.1001/jama.2025.15773,
41954931,Prevention of Respiratory Syncytial Virus-Related Hospitalization in Newborns-Reply.,JAMA,Marie-Joelle Jabagi; Marion Bertrand; Mahmoud Zureik,2026-May-12,335,18,1639-1640,10.1001/jama.2026.1324,
41954930,AI and the Epidemiology of Complex Disease.,JAMA,Yulin Hswen,2026-May-05,335,17,e2522367,10.1001/jama.2025.22367,
41954928,Colorectal Cancer and Mortality Risk Among Older Adults With vs Without Adenoma on Prior Colonoscopy.,JAMA,Samir Gupta; Lin Liu; Joshua Demb; Jiyue Qin; Ashley Earles; Mark Lamm; Xinyi Huang; Shailja C Shah; Neetu Chawla; Yi Le; Tamra Burns Loeb; Jason A Dominitz; Douglas J Robertson; Nancy L Schoenborn; Audrey H Calderwood; Theodore R Levin; Benjamin J Seligman; Folasade P May,2026-May-05,335,17,1499-1506,10.1001/jama.2026.3414,
41954914,Prevention of Respiratory Syncytial Virus-Related Hospitalization in Newborns.,JAMA,Paolo Manzoni; Matteo Riccò; Carlo Pietrasanta,2026-May-12,335,18,1638,10.1001/jama.2026.1321,
41954911,"Skinny Labels at the Supreme Court-Generic Competition, Patent Inducement, and Affordable Medicines.",JAMA,S Sean Tu; Frazer A Tessema; Aaron S Kesselheim,2026-May-05,335,17,1475-1476,10.1001/jama.2026.3526,
41954910,Sacred Spaces.,JAMA,James Donald Fortenberry,2026-May-26,335,20,1758-1759,10.1001/jama.2026.2567,
41954899,Assessing Colorectal Cancer and Mortality Risk in Older Adults.,JAMA,Christina P Wang; Brijen J Shah; Steven H Itzkowitz,2026-May-05,335,17,1483-1484,10.1001/jama.2026.2657,
41949881,Smoking Cessation Intervention for People With Tuberculosis-Reply.,JAMA,Maham Zahid; Mahmoud Danaee; Kamran Siddiqi,2026-May-12,335,18,1638,10.1001/jama.2026.1275,
41949879,"Cost-Effectiveness of ApoB, Non-HDL-C, and LDL-C Goals for Primary Prevention Lipid-Lowering Therapy.",JAMA,Samuel Luebbe; Allan D Sniderman; Andrew E Moran; John T Wilkins; Ciaran N Kohli-Lynch,2026-May-05,335,17,1507-1514,10.1001/jama.2026.2986,
41949874,ApoB and Resilient Cost-Effectiveness of Statin Intensity.,JAMA,Ankur Pandya; Jinyi Zhu,2026-May-05,335,17,1485-1486,10.1001/jama.2026.3531,
41949851,Smoking Cessation Intervention for People With Tuberculosis.,JAMA,Zhican Liu; Li Peng; Mingyan Jiang,2026-May-12,335,18,1637-1638,10.1001/jama.2026.1272,
41949850,Management of Crohn Disease in Adults.,JAMA,Tenzin Choden; Emma Levine; Andrew M Davis,2026-May-05,335,17,1525-1526,10.1001/jama.2026.1239,
41949848,Workflow Blocking in Clinical Care: The Usability Gap Beyond Information Blocking.,JAMA,Jacob T Kannarkat; Priyanka A Abraham; Jaime S King,2026-May-05,335,17,1477-1478,10.1001/jama.2026.3249,
41949842,US Trends in Long-Term Opioid Therapy.,JAMA,Thuy D Nguyen; Kao-Ping Chua; Amy Jiao; Mark C Bicket; Amy Bohnert; Pooja Lagisetty,2026-May-05,335,17,1529-1531,10.1001/jama.2026.3241,
41940435,"Small Business Grants Awarded by the National Institutes of Health for Rhinologic Diseases, 1985-2024.",International forum of allergy & rhinology,Jack Birkenbeuel; Mishek Thapa; Ericka L Erickson; Graham Pingree; Kai Zhao; Zachary Soler; Rodney J Schlosser; Vinay K Rathi,2026-May,16,5,512-515,10.1002/alr.70160,
41940432,Urinary Leukotriene E4 as a Biomarker of Disease Burden in Aspirin-Exacerbated Respiratory Disease: A Retrospective Cohort Study.,International forum of allergy & rhinology,Alaa Alhalabi; Isaac Elijah; Bastien A Valencia; Karol Avila-Castano; Ryan Goodman; Estephania Candelo Gomez; Angela M Donaldson,2026-May,16,5,508-511,10.1002/alr.70157,
41937748,"Response to ""Probabilistic Sensitivity and Net Benefit Reporting in the Cost-Utility Comparison of EDS-Fluticasone Versus Budesonide Irrigation for Postoperative CRSwNP "".",International forum of allergy & rhinology,Daniel Xiao; Martin J Citardi; William C Yao; Amber U Luong,2026-May,16,5,532-533,10.1002/alr.70155,
41930930,"Response to the Letter to the Editor by Pirola and Hopkins Regarding ""The Global Airways in Practice: Long-Term Effects of Mepolizumab with or without FESS on Type 2 Inflammation in Patients with CRSwNP"".",International forum of allergy & rhinology,Jens Tidemandsen; Vibeke Backer; Howraman Meteran; Peter G Gibson,2026-May,16,5,530-531,10.1002/alr.70159,
41930928,Probabilistic Sensitivity and Net Benefit Reporting in the Cost-Utility Comparison of EDS-Fluticasone versus Budesonide Irrigation for Postoperative CRSwNP.,International forum of allergy & rhinology,Wei-Zhe Hong,2026-May,16,5,522-523,10.1002/alr.70158,
41930922,Nasal Brushing Charcot-Leyden Crystal mRNA Level Correlates With Stapokibart Efficacy in Patients With Seasonal Allergic Rhinitis: Results From the MERAK Study.,International forum of allergy & rhinology,Zeyi Jin; Bing Yan; Yuan Zhang; Luo Zhang; Chengshuo Wang,2026-May,16,5,502-507,10.1002/alr.70154,
41926134,Determinants of Circulating Tumor HPV DNA in Surgically Treated Oropharyngeal Cancer.,JAMA otolaryngology-- head & neck surgery,Jack L Birkenbeuel; Christopher Noel; Sujith Baliga; Emile Gogineni; Dukagjin M Blakaj; Marcelo Bonomi; Lauren E Miller; Enver Ozer; Amit Agrawal; Kyle K VanKoevering; Stephen Y Kang; Nolan B Seim; Matthew O Old; James W Rocco; Catherine T Haring,2026-May-01,152,5,443-451,10.1001/jamaoto.2026.0015,
41926111,Purple Flowers.,JAMA,Huma Farid,2026-May-19,335,19,1667-1668,10.1001/jama.2026.2239,
41926109,Diagnostic Tonsillectomy and Surgical Margins After Completion Lateral Oropharyngectomy.,JAMA otolaryngology-- head & neck surgery,Micah K Harris; Akshaya Raman; Shivam D Patel; Joshua D Smith; Steven B Chinn; Seungwon Kim; Jessica Maxwell; Matthew E Spector; Shaum S Sridharan; Jose P Zevallos; Kevin J Contrera,2026-May-01,152,5,539-540,10.1001/jamaoto.2026.0159,
41926105,Treatment of Early Symptomatic Alzheimer Disease With Valacyclovir.,JAMA,Makoto Kosaka; Masahiro Kami,2026-May-05,335,17,1536,10.1001/jama.2026.1102,
41926104,Treatment of Early Symptomatic Alzheimer Disease With Valacyclovir-Reply.,JAMA,D P Devanand; Renjie Wei; Min Qian,2026-May-05,335,17,1536-1537,10.1001/jama.2026.1105,
41926098,Body Mass Index and Nutritional Status With Immunotherapy Response in Head and Neck Cancer.,JAMA otolaryngology-- head & neck surgery,Lauren Gabra; Alejandra Nitsch; Yifei Wang; Yu-Lun Liu; John M Truelson; Larry L Myers; Brittny Tillman; Andrew Day; Lenka Stankova; Dominic Moon; David Sher; Zainab Farzal; Natalia Swiatowiec; Randall Hughes; Yu Cao; Baran D Sumer,2026-May-01,152,5,523-529,10.1001/jamaoto.2026.0166,
41926096,Drugging in the Dark.,JAMA,,2026-May-05,335,17,1551,10.1001/jama.2025.15766,
41920531,Initial Resuscitation of Preterm Infants With Targeted Oxygen.,JAMA,Claus Klingenberg; Hans Jørgen Timm Guthe; Arjan B Te Pas,2026-May-05,335,17,1535,10.1001/jama.2026.1071,
41920529,Initial Resuscitation of Preterm Infants With Targeted Oxygen-Reply.,JAMA,Ju Lee Oei; Peter Davis; William Tarnow-Mordi,2026-May-05,335,17,1535-1536,10.1001/jama.2026.1074,
41915464,Bridging vs Filling in US Health Care Quality-Beyond the Chasm.,JAMA,Y Tony Yang; William M Sage,2026-May-19,335,19,1657-1658,10.1001/jama.2026.4353,
41915404,"Precision Immunotherapy, Community-Acquired Pneumonia, and Sepsis-Reply.",JAMA,Evangelos J Giamarellos-Bourboulis; Konstantina Dakou; Mihai G Netea,2026-May-05,335,17,1534-1535,10.1001/jama.2026.0810,
41915402,Perioperative Cardiovascular Medication Management for Noncardiac Surgery.,JAMA,David E Winchester; Jeet J Mehta; Jason T Alexander,2026-May-19,335,19,1717-1718,10.1001/jama.2026.0067,
41915387,"Precision Immunotherapy, Community-Acquired Pneumonia, and Sepsis.",JAMA,Shio-Shin Jean; Chih-Cheng Lai,2026-May-05,335,17,1533-1534,10.1001/jama.2026.0807,
41910981,Management of Acute Coronary Syndrome.,JAMA,Adam S Vohra; Jason T Alexander; Atman P Shah,2026-May-26,335,20,1808-1809,10.1001/jama.2026.1214,
41903128,Detection Limits and Biological Interpretation of Mucus Biomarkers in CRS Therapy Response.,International forum of allergy & rhinology,Wei-Zhe Hong,2026-May,16,5,520-521,10.1002/alr.70151,
41885912,Appropriate Medical Therapy and Selective Modulation of Inflammatory Endotypes in Chronic Rhinosinusitis.,International forum of allergy & rhinology,Sushma Narsing Katkuri; Varshini Vadhithala; Sachin Kumar; Sushma Verma; Jeffrin Reneus Paul,2026-May,16,5,518-519,10.1002/alr.70153,
41885883,Artificial Intelligence and Nasal Cytology: Toward a Comprehensive Cytological Endotyping of Rhinitis.,International forum of allergy & rhinology,Matteo Gelardi,2026-May,16,5,516-517,10.1002/alr.70152,
41885873,Trends in Olfaction and Sexual Activity: A National Health and Nutrition Examination Survey (NHANES) Database Study.,International forum of allergy & rhinology,Mishek Thapa; Missael Vasquez; Kyohei Itamura; Arthur W Wu; Christopher Roxbury; Dennis M Tang,2026-May,16,5,498-501,10.1002/alr.70143,
41885872,Dysfunction in Olfactory Identification and Physical Function Decline in Older Adults.,JAMA otolaryngology-- head & neck surgery,Yulu Pan; Honglei Chen; Yaqun Yuan; Jayant M Pinto; David Couper; Thomas H Mosley; Srishti Shrestha; Nicholas R Rowan; Anna Kucharska-Newton,2026-May-01,152,5,479-488,10.1001/jamaoto.2026.0072,
41885833,Refractory Progressive Facial Asymmetry in a Young Woman.,JAMA otolaryngology-- head & neck surgery,Jiayi Lai; Li Hu; Xiaoxi Lin,2026-May-01,152,5,537-538,10.1001/jamaoto.2026.0160,
41885828,Olfactory Function and Physical Function-Intertwined Signals of Biologic Vulnerability.,JAMA otolaryngology-- head & neck surgery,M Yanina Pepino,2026-May-01,152,5,488-489,10.1001/jamaoto.2026.0079,
41885808,The Language of Loss.,JAMA,Caroline P Meehan,2026-May-12,335,18,1573-1574,10.1001/jama.2026.2003,
41879418,National Prescribing Trends of Direct-Acting Antivirals for Hepatitis C.,JAMA,Sanjay Kishore; Margaret Hayden; Micah Johnson; Aaron S Kesselheim; Benjamin N Rome,2026-May-05,335,17,1531-1533,10.1001/jama.2026.3328,
41874454,Efficacy and Safety of a Three-Step Aspirin Challenge Protocol for Diagnosis of Aspirin-Exacerbated Respiratory Disease in a Monitored Clinic Setting.,International forum of allergy & rhinology,Alexandria L Irace; Isha Thapar; John V Bosso; Jennifer E Douglas,2026-May,16,5,495-497,10.1002/alr.70137,
41874443,Enhancing Operative Documentation in Rhinology: Surgical Navigation as a Practical Adjunct.,International forum of allergy & rhinology,Daniel B Spielman,2026-May,16,5,441-442,10.1002/alr.70150,
41870422,Reflections on FDA Draft Guidance on Bayesian Methods in Trials-Protecting Scientific Integrity and Evidentiary Standards.,JAMA,Scott R Evans; Thomas R Fleming; Holly Janes; Lori E Dodd,2026-May-19,335,19,1659-1661,10.1001/jama.2026.4175,
41854626,Reframing Palliative Care in Head and Neck Cancer-Reply.,JAMA otolaryngology-- head & neck surgery,Rui Fu; Noémie Villemure-Poliquin; Antoine Eskander,2026-May-01,152,5,541-542,10.1001/jamaoto.2026.0126,
41854621,Tumor and Flap Reconstruction Volumes and Functional Outcomes after Glossectomy.,JAMA otolaryngology-- head & neck surgery,Shannon S Wu; Anushka S Jetly; Heather M Starmer; Andrey Finegersh; F Christopher Holsinger; Michelle M Chen; Vasu Divi; Nancy Pham; Fred M Baik,2026-May-01,152,5,513-522,10.1001/jamaoto.2026.0099,
41854604,Reframing Palliative Care in Head and Neck Cancer.,JAMA otolaryngology-- head & neck surgery,Vinciya Pandian; Michael J Brenner,2026-May-01,152,5,540-541,10.1001/jamaoto.2026.0129,
41854602,Saachi.,JAMA,Jaya Mallidi,2026-May-05,335,17,1479-1480,10.1001/jama.2026.1515,
41854600,Temporal Trends and Geographic Variation in Frenotomy Procedures Among Infants.,JAMA otolaryngology-- head & neck surgery,Heidi Sonne; Anton Pottegård; Thomas Hjuler; Gitte Zachariassen; Helene Kildegaard,2026-May-01,152,5,530-534,10.1001/jamaoto.2026.0113,
41854598,Long-Term Outcomes of an Internet-Based Cognitive Behavior Therapy Intervention for Tinnitus: Follow-Up Analysis of a Nonrandomized Clinical Trial.,JAMA otolaryngology-- head & neck surgery,Eldre Beukes; Gerhard Andersson; Vinaya Manchaiah,2026-May-01,152,5,503-512,10.1001/jamaoto.2026.0094,
41854597,Analyzing the Risk of Osteoradionecrosis For Intensity-Modulated Photon vs Proton Therapy in Oropharyngeal Carcinoma.,JAMA otolaryngology-- head & neck surgery,Stephen Y Lai; C David Fuller; Steven J Frank,2026-May-01,152,5,542-543,10.1001/jamaoto.2026.0132,
41854594,"JAMA Otolaryngology-Head & Neck Surgery-The Year in Review, 2025.",JAMA otolaryngology-- head & neck surgery,Jay F Piccirillo,2026-May-01,152,5,439-442,10.1001/jamaoto.2026.0317,
41854590,Analyzing the Risk of Osteoradionecrosis For Intensity-Modulated Photon vs Proton Therapy in Oropharyngeal Carcinoma-Reply.,JAMA otolaryngology-- head & neck surgery,Edward Christopher Dee; Annu Singh; Nancy Y Lee,2026-May-01,152,5,543-544,10.1001/jamaoto.2026.0135,
41848693,Treatment of Helicobacter pylori Infection.,JAMA,Hannah C Matthews; Jason T Alexander,2026-May-12,335,18,1628-1629,10.1001/jama.2026.0663,
41817534,Neoadjuvant Chemoimmunotherapy in Resectable Head and Neck Cancers-Is It the Way Forward?,JAMA otolaryngology-- head & neck surgery,Parth Desai; Neil D Gross; Kevin Contrera,2026-May-01,152,5,501-502,10.1001/jamaoto.2026.0081,
41817520,Autoinflation After Tympanostomy Tube Extrusion in Otitis Media With Effusion: A Randomized Clinical Trial.,JAMA otolaryngology-- head & neck surgery,Han-Seul Na; Seokhwan Lee; Seok-Hyun Kim; Hyun Min Lee; Se-Joon Oh; Il-Woo Lee; Sung-Won Choi,2026-May-01,152,5,472-478,10.1001/jamaoto.2026.0044,
41817516,Neoadjuvant Immunotherapy and Chemoimmunotherapy Regimens in Head and Neck Cancer: A Systematic Review and Meta-Analysis.,JAMA otolaryngology-- head & neck surgery,Hannah Q Baratz; Cecelia Hidalgo; Daniel L Price; Kathryn M Van Abel; Scott C Lester; David M Routman; Jessica Wilson; Binav Baral; Harry E Fuentes Bayne; Patrick W McGarrah; Katharine R Price; Linda X Yin,2026-May-01,152,5,490-501,10.1001/jamaoto.2026.0080,
41817510,Rapidly Enlarging Facial Mass Following SARS-CoV-2 Infection.,JAMA otolaryngology-- head & neck surgery,Yuxi Chen; Jingwei Zhou; Chen Hua,2026-May-01,152,5,535-536,10.1001/jamaoto.2026.0029,
41811332,What Is Peanut Allergy?,JAMA,Kristin Walter,2026-May-05,335,17,1554,10.1001/jama.2026.1289,
41811307,Peanut Allergy.,JAMA,Aikaterini Anagnostou; Helen A Brough; Elissa M Abrams,2026-May-05,335,17,1527-1528,10.1001/jama.2026.0193,
41801734,FDA's Regulatory Reforms to Unlock Competition and Lower Drug Costs: Breaking the Biosimilar Bottleneck.,JAMA,Martin A Makary; Sarah Yim; Mustafa Ünlü; M Stacey Ricci,2026-May-05,335,17,1473-1474,10.1001/jama.2026.3088,
41784979,Lower Music Volume Levels in Fitness Class and Perceived Exercise Intensity.,JAMA otolaryngology-- head & neck surgery,Kaitlin Hori; Choo Phei Wee; Nicholas Liu; John Parsons; Janet S Choi,2026-May-01,152,5,465-471,10.1001/jamaoto.2026.0028,
41746615,What Is Metabolic Dysfunction-Associated Steatotic Liver Disease?,JAMA,Rebecca Voelker,2026-May-19,335,19,1734,10.1001/jama.2025.26689,
41725027,Real-World Outcomes Following the Implementation of ACR TI-RADS for Evaluation of Thyroid Nodules.,The Laryngoscope,Yun Zhao; Kai Xun Yew; Jing Ying See; Ivan En-Howe Tan; Nanda Venkatanarasimha; Chow Wei Too; Yuet Wah Wong; Hui Sei Koh; Heng Wai Yuen; Kwok Ann Ang; Marianne Kit Har Au; Constance Ee Hoon Teo; Kimberley Liqin Kiong,2026-May,136,5,2370-2378,10.1002/lary.70453,
41645936,The Subgaleal Pocket Approach for Cochlear Implant Surgery.,The Laryngoscope,Nihar Rama; Patrick Wang; Ethan Oliver; Joshua D Sevier; Michael B Gluth; Terence E Imbery,2026-May,136,5,2328-2331,10.1002/lary.70406,
41642584,Nitrous Oxide Misuse.,JAMA,Christopher D Raciti; Paul F Ehlers; Kathy T LeSaint,2026-May-26,335,20,1824,10.1001/jama.2025.25223,
41622562,Protecting Minors From Medical Malpractice Act: Implications for Otolaryngology-Head & Neck Surgery.,The Laryngoscope,Shiven Sharma; Margo K McKenna; Julina Ongkasuwan; Michael J Brenner,2026-May,136,5,1972-1973,10.1002/lary.70402,
41618707,Middle Turbinate Preservation Technique During Transpterygoid Approaches for Skull Base Surgery.,The Laryngoscope,Axel E Renteria; Maxime Fieux; Bruna Castro Silva; Lirit Levi; Alyssa Azevedo; Michael T Chang; Juan Carlos Fernandez-Miranda; Jayakar V Nayak,2026-May,136,5,2140-2144,10.1002/lary.70381,
41567107,Unilateral Nasopharyngeal Endoscopic Resection Type III: Technical Notes.,The Laryngoscope,Carlo Conti; Gabriele Testa; Davide Mattavelli; Vittorio Rampinelli; Claudia Lodovica Modesti; Aurora Pinacoli; Alberto Schreiber; Cesare Piazza,2026-May,136,5,2101-2106,10.1002/lary.70378,
41553831,Prescription Patterns and Outcomes of Topical Antibiotic Irrigations in Difficult-to-Treat Chronic Rhinosinusitis.,American journal of rhinology & allergy,Bastien A Valencia-Sanchez; Christopher Jabbour; Prishae Wilson; Natasha Najmi; Alaa Alhalabi; Jacqueline Squire; Janalee Stokken; Angela M Donaldson,2026-May,40,3,230-238,10.1177/19458924251413671,
41544007,Preoperative Nasoseptal-Lacrimal Fossa Distance as a Predictor of Endoscopic DCR Failure: A Retrospective Analysis.,American journal of rhinology & allergy,Kalena Liu; Christopher Valentini; Kelsey Limage; Henry Moss; Ava Whitlark; Tiffany Cheng; Henry Bair; Charlotte Marous; Adam Flanders; Marc Rosen; Gurston Nyquist; Elina Toskala; Karine Shebaclo; Alison Watson; Mindy Rabinowitz,2026-May,40,3,222-229,10.1177/19458924251410664,
41529095,Steroid-Sparing Effects of Biologics in Chronic Rhinosinusitis with Nasal Polyps: Systematic Review and A Meta-Analysis of Randomized Controlled Trials.,American journal of rhinology & allergy,Ali M Alsudays; Yasser G Alarimah; Khaled A Almanea; Ahmad Alroqi,2026-May,40,3,245-256,10.1177/19458924251414922,
41525427,Diagnostic Accuracy of Office Biopsy for Inverted Papilloma.,American journal of rhinology & allergy,Alison J Yu; Iulia Tapescu; Sanjena Venkatesh; Kathleen Montone; Maria C Espinosa; Jennifer E Douglas; James N Palmer; Michael A Kohanski; Nithin D Adappa,2026-May,40,3,239-244,10.1177/19458924251414779,
41521399,Multicentricity of Type II First Branchial Cleft Anomalies.,The Laryngoscope,Kyle J Kozak; Nitin Wadhwani; Douglas Johnston; John Maddalozzo,2026-May,136,5,2356-2361,10.1002/lary.70364,
41518064,Feasibility of Awake In-Office Transnasal Double Balloon Dilation of the Pharyngoesophageal Segment.,The Laryngoscope,Christine M Clark; Can Doruk; Valentina Mocchetti; Anaïs Rameau,2026-May,136,5,2107-2112,10.1002/lary.70362,
41493192,Early and Sustained Improvements in Sense of Smell With Tezepelumab Treatment in Patients With Chronic Rhinosinusitis With Nasal Polyps (WAYPOINT).,International forum of allergy & rhinology,Joaquim Mullol; Joseph K Han; Tanya M Laidlaw; Claire Hopkins; Anju T Peters; Oliver Pfaar; Martin Desrosiers; Stella E Lee; Andrew P Lane; Claudia Chen; Yun Chon; Sandhia S Ponnarambil; Andrew Foster; Andrew W Lindsley; Christopher S Ambrose,2026-May,16,5,484-494,10.1002/alr.70090,
41482826,Perineural Invasion and Survival in Pembrolizumab-Treated Head and Neck Squamous Cell Carcinoma.,The Laryngoscope,Angeline A Truong; Savinnie Ho; Rex H Lee; Xin Wu; Hyunseok Kang; Ivan H El-Sayed; Jonathan R George; Chase M Heaton; Ilya Likhterov; Mary Jue Xu; Patrick K Ha; Alain P Algazi; Katherine C Wai,2026-May,136,5,2199-2205,10.1002/lary.70350,
41479307,A 76-Year-Old Man With Episodic Vestibular Syndrome and Skew Deviation.,The Laryngoscope,Yassine Balhi; Syed Ameen Ahmad; Daniel Ludwig; Bryan K Ward; John P Carey,2026-May,136,5,2324-2327,10.1002/lary.70312,
41468034,Middle Turbinate Medialization With Absorbable Packing After Trans-sphenoidal Skull Base Surgery: Outcomes and Significance of a Simple Technique.,American journal of rhinology & allergy,Mark T Liu; Joyce Lee; Matthew J Kabalan; Christopher R Roxbury; Raj Sindwani,2026-May,40,3,214-221,10.1177/19458924251409273,
41467308,Asthma Outcomes Following Early Versus Delayed Sinus Surgery in Chronic Rhinosinusitis With Nasal Polyps.,International forum of allergy & rhinology,Jamie R Oliver; Christopher L Crafton; Easton W Attwood; Nathan Farrokhian; Sanjeet Rangarajan; Jennifer A Villwock,2026-May,16,5,477-483,10.1002/alr.70091,
41454675,Lipofuscin: The Missing Link in the Worsening of Obstructive Sleep Apnea.,The Laryngoscope,Kristine Fahl; Carlos Modesto Vera Palomino; Mauricio da Silva Baptista; Adriano Polican Ciena; Danielle Andrade da Silva Dantas; Luiz Ubirajara Sennes; Marucia Chacur; Michel Burihan Cahali,2026-May,136,5,2362-2369,10.1002/lary.70344,
41450226,Anterior Commissure Position Relative to the Thyroid Cartilage for Safe Chondrolaryngoplasty.,The Laryngoscope,Jahnavi; James P Thomas,2026-May,136,5,2278-2283,10.1002/lary.70325,
41449846,Long-Term Average Spectrum Analysis of Voice After Endoscopic Vocal Fold Shortening and Therapy.,The Laryngoscope,Ümit Daşdöğen; David Stavin; Johan Sundberg; Mark Courey,2026-May,136,5,2284-2290,10.1002/lary.70326,
41449844,Predictors of Loss to Follow-Up After Operative Facial Trauma.,The Laryngoscope,Aileen Z Cui; Sabrina S Goyal; Adaora A Okigbo; Viraj N Govani; Grant S Gillman; Shaum S Sridharan; Matthew E Spector; Eric W Wang; Kevin J Contrera; Christina M Yver,2026-May,136,5,2145-2153,10.1002/lary.70330,
41445509,Validation of Narrow Band Imaging in Recurrent Respiratory Papillomatosis Using Severity Scales.,The Laryngoscope,Hanna Klimza; Bartosz Zakrzewski; Andrzej Porębski; Małgorzata Wierzbicka,2026-May,136,5,2263-2269,10.1002/lary.70328,
41431858,Predicting Different Recurrence Risk in HNSCC Using Circulating Inflammatory and T-Cell Biomarkers.,The Laryngoscope,Riccardo Gili; Paola Lovino Camerino; Luca Lalli; Elisa Bellini; Chiara Tagliaferri; Filippo Bruno Lanza; Stefania Vecchio; Simone Caprioli; Giorgio Peretti; Lucia Del Mastro; Filippo Marchi,2026-May,136,5,2189-2198,10.1002/lary.70334,
41424184,Placental-Derived Connective Tissue Matrix Mediates Murine Recurrent Laryngeal Nerve Regeneration.,The Laryngoscope,Sunjay Anekal; Ananya Tadikonda; Gabriel Sobczak; Lena W Chen; Aditya Bhatt; Troy Wesson; Patrick R Finnegan; Stacey Halum,2026-May,136,5,2220-2231,10.1002/lary.70313,
41424130,Automated Creak Identifies Laryngeal Dystonia During Conversational Speech.,The Laryngoscope,Daria A Dragicevic; Cara E Sauder; Daniel P Buckley; Laura E Toles; Lauren F Tracy; J Pieter Noordzij; Gregory A Grillone; Ted Mau; John Paul Giliberto; Tanya K Meyer; Albert L Merati; Tanya L Eadie; Cara E Stepp; Katherine L Marks,2026-May,136,5,2270-2277,10.1002/lary.70332,
41416815,Mechanisms of Mitochondrial Toxicity and Cytotoxicity Caused by Pseudomonas aeruginosa Pyocyanin in Human Nasal Epithelial Cells.,International forum of allergy & rhinology,Joel C Thompson; April Park; Yobouet Ines Kouakou; Zoey A Miller; Nabil F Darwich; Nithin D Adappa; James N Palmer; Ryan M Carey; Robert J Lee,2026-May,16,5,451-466,10.1002/alr.70084,
41416798,Inflammatory Effects of Microplastics and Nanoplastics on Nasal Airway Epithelial Cells.,International forum of allergy & rhinology,Maayan S Kahan; Hoang C B Nguyen; Pallavi Madhusudanan; Margaret B Mitchell; Di Huang; Benjamin S Bleier; Mansoor M Amiji; Alan D Workman,2026-May,16,5,467-476,10.1002/alr.70086,
41416791,Effect and Threshold of Endoscopic Findings for CRS Control Status and Long-Term Outcome Prediction.,International forum of allergy & rhinology,Steven Chun-Kang Liao; Aditi Agarwal; Junqin Bai; Zhidi Luo; Siyuan Dong; Regan L Harmon; Brooke N Gleason; Julia Huang; David B Conley; Kevin C Welch; Stephanie Shintani-Smith; Robert C Kern; Atsushi Kato; Lutfiyya N Muhammad; Bruce K Tan,2026-May,16,5,443-450,10.1002/alr.70083,
41416663,The Balancing Act: Ergonomic Challenges for Pregnant Microvascular Surgeons in the Operating Room.,The Laryngoscope,Nina Patel; Aarti Agarwal; P Daniel Knott; Andrea M Park,2026-May,136,5,2161-2168,10.1002/lary.70291,
41416639,Maxillary Sinus Papillary Edema as a Predictor of Odontogenic Sinusitis.,The Laryngoscope,Hussein Mackie; Japnam Jassal; Carl Wilson; Wamidh Alkhoory; Jacob G Eide; Edward D McCoul; John R Craig,2026-May,136,5,2082-2091,10.1002/lary.70323,
41411067,Association Between Exposure to Phenols and Parabens and Allergy-Related Outcomes.,American journal of rhinology & allergy,Caishan Fang; Xiangjun Qi; Qinwei Fu; Shipeng Zhang; Xi Chen; Qinxiu Zhang,2026-May,40,3,197-206,10.1177/19458924251408169,
41410286,Patterns of Clinical Presentations for Voice Care Among Professional and Student Singers.,The Laryngoscope,Sarah R Kervin; Scott Sussman; Rachel Coleman; Brady Rippon; Ariana Seidman; Alexandra Quantz; Lucian Sulica,2026-May,136,5,2232-2241,10.1002/lary.70318,
41403135,Nationwide Survey on Recurrent Respiratory Papillomatosis in Japan: Analysis of Long-Term Patients.,The Laryngoscope,Shigeyuki Murono; Tomotaka Kawase; Yusuke Watanabe; Rumi Ueha; Hiroumi Matsuzaki; Yuri Hirai; Kiyohito Hosokawa; Yoshikazu Kikuchi; Taizo Yokokawa; Ai Hirano; Hiroki Takeda; Yasushi Toh; Nobuhiko Oridate; Akihiro Shiotani; Yukio Katori,2026-May,136,5,2255-2262,10.1002/lary.70314,
41401021,Impact of Topical Levofloxacin Rinses on Chronic Rhinosinusitis.,American journal of rhinology & allergy,Ali M Baird; Russell Whitehead; Vidit Talati; Grant S Owen; Romney Hansen; Peter Filip; Bobby A Tajudeen; Pete S Batra; Peter Papagiannopoulos,2026-May,40,3,207-213,10.1177/19458924251408176,
41400180,Otorhinolaryngology-Themed Autonomous Sensory Meridian Response (ASMR) Videos on YouTube: Clinical Representation and Viewer Engagement.,The Laryngoscope,İbrahim Emir Yeşil,2026-May,136,5,2129-2139,10.1002/lary.70317,
41400164,Postoperative Loss of Independence in Geriatric Head and Neck Cancer Patients: A Database Study.,The Laryngoscope,Alexa J Kacin; Valentina Montanez-Azcarate; Zoha Syed; Kaique Filardi; Brett Campbell; Scharukh Jalisi,2026-May,136,5,2169-2179,10.1002/lary.70315,
41392719,GERD and Upper Aerodigestive Tract Cancer Risk: A Systematic Review and Meta-Analysis.,The Laryngoscope,Janice Huang; Nicolas Jo; Garret Forman; Tonya Aaron; Sophia Peifer; Soumil Prasad; Luke van Leeuwen; Laura Wild; Nicholas DiStefano; Zhibin Chen; Elizabeth Franzmann,2026-May,136,5,2008-2017,10.1002/lary.70303,
41388706,Botulinum Toxin Treatment for Adductor Laryngeal Dystonia Reduces Speech-Related Cognitive Load.,The Laryngoscope,Joseph Chang; Nede Ovbiebo; Christine H Lo; Madeline Knutson; Cara Sauder; Emily Wilson; Tanya K Meyer; Tanya L Eadie,2026-May,136,5,2242-2247,10.1002/lary.70310,
41388644,The Natural History of Vocal Fold Motion Recovery in Unilateral Vocal Fold Paralysis.,The Laryngoscope,Rishi Suresh; Lesley F Childs; Ted Mau,2026-May,136,5,2212-2219,10.1002/lary.70308,
41388488,Orbital Complications of Acute Rhinosinusitis in Adulthood: Predictors of Outcome and Management.,The Laryngoscope,Alessandro Vinciguerra; Vittorio Rampinelli; Mario Turri-Zanoni; Marco Ferrari; Marco Valentini; Alberto Daniele Arosio; Federico Raimondi; Florian Chatelet; Stefano Taboni; Davide Mattavelli; Alberto Schreiber; Fabio Sovardi; Matteo Barucco; Lorena Di Girolami; Piergiorgio Gaudioso; Antonio Daloiso; Giulia Danè; Umberto Tanzini; Nicola Tessari; Jessica Zuppardo; Kays Burak Cakir; Yetkin Zeki Yilmaz; Yasar Unlu; Andrea Ronchi; Stefania Gallo; Francesca De Bernardi; Vasileios Chatzinakis; Argyro Leventi; Fabio Pagella; Benjamin Verillaud; Giuseppe Mercante; Apostolos Karligkiotis; Mario Bussi; Cesare Piazza; Alperen Vural; Paolo Castelnuovo; Piero Nicolai; Maurizio Bignami; Christos Georgalas; Iacopo Dallan; Philippe Herman; Paolo Battaglia,2026-May,136,5,2073-2081,10.1002/lary.70309,
41386775,The Impact of Neck Circumference and BMI on Upper Airway Collapsibility and Risk of Complete Concentric Collapse in OSA.,The Laryngoscope,Harsh Patel; Thomas Chapman; Russell Whitehead; Yanyu Zhang; Ethan Ritz; Babak Mokhlesi; Michael J Hutz,2026-May,136,5,2113-2121,10.1002/lary.70301,
41367208,"Kissing Cochlea: An Extreme Inner Ear Malformation, Novel Surgical Approach via Cystic Vestibule.",The Laryngoscope,Secaattin Gülşen; Sercan Çikrikci; Halit Vicdan,2026-May,136,5,2319-2323,10.1002/lary.70311,
41367127,Association Between Weather and Sudden Sensorineural Hearing Loss: A Nationwide Study in South Korea.,The Laryngoscope,Eun Kyung Lee; Min Hee Kim,2026-May,136,5,2309-2318,10.1002/lary.70302,
41363209,Endoscopic Versus Open Surgery in the Management of Sinonasal Glomangiopericytoma: A Systematic Review.,The Laryngoscope,Ryan Jin Hern Lee; Maxine Cassandra Lau; Teo Mou Wen; Aloysius Sheng Ting Leow; Jian Li Tan; Ernest Wei Zhong Fu,2026-May,136,5,1991-2000,10.1002/lary.70299,
41363178,The Influence of Race and Socioeconomic Status on Growth in Children Who Undergo Palatoplasty.,The Laryngoscope,Abdiasis Abdilahi; Seth Ramin; Noelle Morrell; Robert Tibesar; Sivakumar Chinnadurai; Brianne Roby,2026-May,136,5,2340-2348,10.1002/lary.70295,
41358543,Evaluating Risk Factors for Severe Renin-Angiotensin-Aldosterone System Inhibitor Induced Angioedema.,The Laryngoscope,Govind Bindra; Debendra Pattanaik; Anthony Sheyn; M Boyd Gillespie; Rabin Shrestha; Dipen Kadaria; Amik Sodhi,2026-May,136,5,2034-2047,10.1002/lary.70306,
41358535,A Scoping Review of Recurrent Post-Tonsillectomy Hemorrhage in Children.,The Laryngoscope,Kathleen R Billings; Saied Ghadersohi; Andrea J Fawcett; Inbal Hazkani,2026-May,136,5,2026-2033,10.1002/lary.70304,
41351437,Optimizing Dizziness Management: Impact of Audiology Triage on Care Efficiency.,The Laryngoscope,Sanjena Venkatesh; Daniel S Talian; Kim Le; Archer R Schaeffer; Keshav Shah; Tanvi Garneni; Christian Jung; Sherrie Davis; Michael J Ruckenstein; Douglas C Bigelow; Tiffany P Hwa,2026-May,136,5,2122-2128,10.1002/lary.70305,
41351436,In-Office Steroid Injections for Idiopathic Subglottic Stenosis: A Systematic Review.,The Laryngoscope,Eric Delgado Rendon; Nawfal Saleem; Natalie Weiss; Amy Rutt,2026-May,136,5,2018-2025,10.1002/lary.70300,
41351435,In Response to Thyroid Cartilage Fracture Following Endotracheal Intubation.,The Laryngoscope,Robert Wang; Taimur Khalid,2026-May,136,5,E74-E75,10.1002/lary.70276,
41351429,In Reference to Thyroid Cartilage Fracture Following Endotracheal Intubation.,The Laryngoscope,P S Kishen Khanna; S Vijayasundaram; Kiruthika Sekaran; Aparna Das,2026-May,136,5,E72-E73,10.1002/lary.70278,
41348527,Association Between Ultra-Processed Food Intake and Sinusitis.,American journal of rhinology & allergy,Anthony Thai; Noel F Ayoub,2026-May,40,3,191-196,10.1177/19458924251404161,
41347666,DISE Findings Across Comorbidity Groups and Surgical Status in Pediatric Sleep-Disordered Breathing.,The Laryngoscope,Elise Krippaehne; Andrea Hildebrand; Thuan Nguyen; Derek J Lam,2026-May,136,5,1978-1990,10.1002/lary.70289,
41342403,Optical Coherence Tomography as an Emerging Technique for Identifying Pediatric Middle Ear Effusion.,The Laryngoscope,Roger Neuberger; Jeffrey Carter; Adriana Dives; Ana Sofia C Ibarrola; Maritsa Ixba; Elton Lambert; Yi-Chun Liu; Anna H Messner,2026-May,136,5,2349-2355,10.1002/lary.70296,
41342366,Elexacaftor-Tezacaftor-Ivacaftor Reduces Revision Sinus Surgery in People With Cystic Fibrosis.,The Laryngoscope,Amy Lin; Makanko Komara; Isaac Kistler; Zheng Hong Tan; Meredith Lind; Kavitha Kotha; Tendy Chiang,2026-May,136,5,2048-2053,10.1002/lary.70283,
41335007,Influence of Adipose Mesenchymal Stem Cell-Derived Exosomes on the Th2/Treg Cells in Peripheral Blood of the Patients with Allergic Rhinitis and its Mechanism.,American journal of rhinology & allergy,Feiyan Han; Xiaojie Xu; Ying Wang,2026-May,40,3,183-190,10.1177/19458924251401732,
41328027,Dermal Metastasis From Head and Neck Squamous Cell Carcinoma: Systematic Review and Pooled Analysis.,The Laryngoscope,Luke Stanisce; Sabrina R Comess; Raymond Chai; Mohemmed N Khan; Margaret Brandwein-Weber; Mark L Urken,2026-May,136,5,2001-2007,10.1002/lary.70298,
41327913,In Reference to Increased Risk of Cholesteatoma in Individuals With Alpha-1 Antitrypsin Deficiency: A Cohort Study.,The Laryngoscope,Zhi Wang; Leping Shao,2026-May,136,5,E76-E77,10.1002/lary.70277,
41327903,In Response to Increased Risk of Cholesteatoma in Individuals With Alpha-1 Antitrypsin Deficiency: A Cohort Study.,The Laryngoscope,Abdulla Ali; Helene Andresen Ravn; Sine Voss David; Morten Dahl; Bjarki Ditlev Djurhuus,2026-May,136,5,E78-E79,10.1002/lary.70279,
41327812,Effect of Functional Endoscopic Sinus Surgery on Eustachian Tube Function.,The Laryngoscope,Wan-Cian Lin; Jing-Jie Wang; Rong-San Jiang,2026-May,136,5,2064-2072,10.1002/lary.70294,
41321233,The Laryngology Fellowship Crisis: Rising Training Capacity Amidst Declining Applicant Interest.,The Laryngoscope,Jason Silvestre; Ashli K O'Rourke,2026-May,136,5,2248-2254,10.1002/lary.70293,
41318223,Prevalence of Hearing Loss in Adult Patients With Sickle Cell Disease: A Retrospective Cohort Study.,The Laryngoscope,Murilo de Santana Hager; Taylor D Brown; Andrew E Sopchak; Gaayathri Varavenkataraman; Michele M Carr,2026-May,136,5,2291-2298,10.1002/lary.70290,
41316736,Diagnostic and Prognostic Value of Systemic Inflammatory Markers and Serum Vitamin D in CRS.,The Laryngoscope,Junming Ma; Xiaohong Chen; Yanjie Jiang; Jianqi Wang; Weiqiang Huang; Yue Li; Xia Li; Haotian Wu; Donglin Li; Xiaoping Lai; Xifu Wu; Zizhen Huang; Yana Zhang; Lihong Chang; Gehua Zhang,2026-May,136,5,2054-2063,10.1002/lary.70286,
41311275,In Response to Early Surgery Reduces Psychiatric and Learning Disorder Risk in Pediatric Sleep-Disordered Breathing.,The Laryngoscope,Daniel J Campbell; Leonard E Estephan; W Jack Palmer,2026-May,136,5,E82-E83,10.1002/lary.70281,
41311266,In Reference to Early Surgery Reduces Psychiatric and Learning Disorder Risk in Pediatric Sleep-Disordered Breathing.,The Laryngoscope,Wanqing Tu; Xiaohong Xie,2026-May,136,5,E80-E81,10.1002/lary.70275,
41311202,L-Shaped Relationship Between Ketogenic Diet and High-Frequency Hearing Loss.,The Laryngoscope,Qiwei Zeng; Yu Xiao; Ming Sheng; Bin Liu,2026-May,136,5,2299-2308,10.1002/lary.70287,
41311123,Diagnosing Eosinophilic Chronic Rhinosinusitis in Excised Tissue Using Optical Coherence Tomography.,The Laryngoscope,Ido Badash; Michael Serafino; Adrian Correa; John S Oghalai; Bozena Wrobel; Brian E Applegate; Kevin Hur,2026-May,136,5,2092-2100,10.1002/lary.70285,
41311113,In Reference to NAD+ Enhanced on Hearing Recovery in Sudden Sensorineural Hearing Loss: Randomized Controlled Trial.,The Laryngoscope,Aurenzo Gonçalves Mocelin; Lucas Resende Lucinda Mangia; Rogério Hamerschmidt,2026-May,136,5,E70-E71,10.1002/lary.70292,
41305853,Changes in Lower Eyelid Appearance Following Zygomaticomaxillary Complex Fractures.,The Laryngoscope,Samin Rahbin; Ola Sunnergren; Hatef Darabi; Babak Alinasab,2026-May,136,5,2154-2160,10.1002/lary.70288,
41305852,Transoral Robotic Lingual Tonsillectomy for Pediatric Obstructive Sleep Apnea.,The Laryngoscope,Daniel J Campbell; Daron Excel; W Jack Palmer; Heather C Nardone; Douglas R Johnston,2026-May,136,5,2332-2339,10.1002/lary.70267,
41294016,Comparative Outcomes of Transoral Versus Transcervical Approach for Extrapharyngeal Foreign Body Removal.,The Laryngoscope,Yunteng Zhao; Xiaohong Peng; Xiaoxing Huang; Wendong Tian; Xiong Liu; Xia Xu; Huaihong Chen,2026-May,136,5,2180-2188,10.1002/lary.70271,
41293890,Prevalence of Esophageal Dysmotility and Reflux in Muscle Tension Dysphonia Patients.,The Laryngoscope,Megan Brianne Saltsgaver; Madison Cheung; Theo Covello; Weihai Zhan; Inna A Husain,2026-May,136,5,2206-2211,10.1002/lary.70274,
40631785,Should All Patients With Recurrent Respiratory Papillomatosis Be Vaccinated for HPV?,The Laryngoscope,Jena Yun; Clint T Allen; Daniel Faden; Phillip C Song,2026-May,136,5,1976-1977,10.1002/lary.32382,
40600247,What Is the Role of Sentinel Lymph Node Biopsy in Recurrent Head and Neck Melanoma?,The Laryngoscope,Christian Wooten; Pranati Pillutla; Maie A St John,2026-May,136,5,1974-1975,10.1002/lary.32393,
