PMID,Title,Journal,Authors,PublicationDate,Volume,Issue,Pages,DOI,Abstract
42536388,"Ischemic Heart Disease Deaths Increasingly Tied to BMI, Hyperglycemia.",JAMA,Samantha Anderer,2026-Jul-31,,,,10.1001/jama.2026.9497,
42536382,FDA Approves First Oral PCSK9 Inhibitor to Lower LDL Cholesterol.,JAMA,Samantha Anderer,2026-Jul-31,,,,10.1001/jama.2026.9491,
42536380,FDA Approves At-Home Starting Dose for Anti-Amyloid Therapy.,JAMA,Samantha Anderer,2026-Jul-31,,,,10.1001/jama.2026.9495,
42536379,"Soccer Players' Brains, P-Tau217 Blood Tests, Lifestyle and Dementia Risk, and More From AAIC 2026.",JAMA,Rita Rubin,2026-Jul-31,,,,10.1001/jama.2026.14334,
42536367,ACOG Releases New HIV Screening and Prevention Guidelines.,JAMA,Samantha Anderer,2026-Jul-31,,,,10.1001/jama.2026.9494,
42536365,HHS Launches Voluntary Pledge for More Nutritious Hospital Food.,JAMA,Samantha Anderer,2026-Jul-31,,,,10.1001/jama.2026.9496,
42536359,Infections Linked to Increased Risk of Psychiatric and Neurological Disorders.,JAMA,Samantha Anderer,2026-Jul-31,,,,10.1001/jama.2026.9493,
42536021,Initial HIV Therapy for Adults and Treatment-Associated Weight Gain: Research Summary.,JAMA,,2026-Jul-31,,,e2614955,10.1001/jama.2026.14955,
42536019,Initial HIV Therapy for Adults and Treatment-Associated Weight Gain: The Opti-DOR Randomized Clinical Trial.,JAMA,Joana Woods; Limakatso Lebina; Karlien Möller; Willem Daniel Francois Venter; Godspower Akpomiemie; Ncomeka Manentsa; Ineeleng Taukobong; Philadelphia Macholo; Ngundu Osee Behuhuma; Samanta Tresha Lalla-Edward; Jen Manne-Goehler; Mark Jacob Siedner; Tarryn Collings; Nkuli Mashabane; Andrew Hill; Simiso Mandisa Sokhela,2026-Jul-31,,,,10.1001/jama.2026.14762,
42535390,In Reference to Balloon Dilation of the Eustachian Tube (BDET)-A Pooled Analysis in Pediatric Patients.,The Laryngoscope,Richard M Rosenfeld; Adrian James,2026-Jul-31,,,,10.1002/lary.70743,
42533849,Intravascular Placement of A Nasogastric Tube: Clinical Presentation and Surgical Management.,The Laryngoscope,Matteo Alicandri-Ciufelli; Daniele Marchioni; Alice Ruggieri; Samuele Baldelli; Lesley De Pietri,2026-Jul-31,,,,10.1002/lary.70773,
42533380,Crushing Versus Resection of Concha Bullosa as an Adjunct to FESS: Long-Term Randomized Controlled Trial.,The Laryngoscope,Mario Järvekülg; Paula Virkkula; Johanna Wikstén; Ahmed Geneid; Aaro Haapaniemi; Maija Hytönen; Markus Lilja,2026-Jul-30,,,,10.1002/lary.70778,
42532727,Simultaneous cochlear implantation during retrosigmoid resection of a large vestibular schwannoma under continuous electrically evoked auditory brainstem response monitoring.,"Auris, nasus, larynx",Kohei Kanaya; Ayana Imai; Hidekane Yoshimura; Mariko Kasuga; Tomoya Shigehara; Akifumi Yokota; Yutaka Takumi; Tetsuyoshi Horiuchi,2026-Jul-30,,,,10.1016/j.anl.2026.07.005,
42532726,Conversion surgery after BRAF-directed therapy for unresectable papillary thyroid carcinoma with severe tracheal invasion.,"Auris, nasus, larynx",Ryoga Ichikawa; Masato Yamada; Keitaro Ae; Hidenari Yanagi; Haruhiko Nigauri,2026-Jul-30,,,,10.1016/j.anl.2026.07.004,
42532720,Neuroborreliosis complicated by severe bilateral sensorineural hearing loss.,"European annals of otorhinolaryngology, head and neck diseases",E Zuccarelli; C Leclerc; C Sain Oulhen; L Broder; J-B Lecanu,2026-Jul-30,,,,10.1016/j.anorl.2026.07.003,
42532681,Large Language Models Improve Operative Note Coding Accuracy and Financial Outcomes in Neurotology.,The Laryngoscope,Stephanie Younan; Pearl Doan; Vanessa S Reyes; Jolie L Chang; Yew Song Cheng; Nicole T Jiam,2026-Jul-30,,,,10.1002/lary.70777,
42530954,Between-Regimen Claims in a Single-Arm Meta-Analysis-Reply.,JAMA otolaryngology-- head & neck surgery,Linda X Yin,2026-Jul-30,,,,10.1001/jamaoto.2026.2114,
42530951,Dapagliflozin to Reduce the Risk of Perioperative Acute Kidney Injury in Elective Cardiac Surgery.,JAMA,Wolfgang C Winkelmayer; Glenn M Chertow,2026-Jul-30,,,,10.1001/jama.2026.7477,
42530947,Circulating Tumor DNA in Head and Neck Cancer: A Review From the American Head and Neck Society.,JAMA otolaryngology-- head & neck surgery,Sagar Kansara; Kevin Contrera; Scott Roof; Anne C Kane; Rula Mualla; Eleni Rettig; Nishant Agrawal; Barry Wenig; Joseph Curry; Daniel Faden; Chris Holsinger,2026-Jul-30,,,,10.1001/jamaoto.2026.2045,
42530946,What Are Nicotine Pouches?,JAMA,Kristin L Walter,2026-Jul-30,,,,10.1001/jama.2026.12580,
42530923,Changes in Clinician Time Expenditure and Visit Quantity With Artificial Intelligence-Powered Scribes.,JAMA,Ko Un Park; Mary Brindle,2026-Jul-30,,,,10.1001/jama.2026.10778,
42530922,Dapagliflozin and Acute Kidney Injury Following Cardiac Surgery: Research Summary.,JAMA,,2026-Jul-30,,,e269483,10.1001/jama.2026.9483,
42530920,Between-Regimen Claims in a Single-Arm Meta-Analysis.,JAMA otolaryngology-- head & neck surgery,Chang Yue,2026-Jul-30,,,,10.1001/jamaoto.2026.2111,
42530917,Changes in Clinician Time Expenditure and Visit Quantity With Artificial Intelligence-Powered Scribes.,JAMA,Afsaneh Shirani,2026-Jul-30,,,,10.1001/jama.2026.10775,
42530911,Physician Advice on E-Cigarettes for Smoking Cessation: Differentiating Evidence From Values.,JAMA,Jamie Hartmann-Boyce,2026-Jul-30,,,,10.1001/jama.2026.14359,
42530910,Dapagliflozin and Acute Kidney Injury Following Cardiac Surgery: A Randomized Clinical Trial.,JAMA,Maartina J P Oosterom-Eijmael; Abraham H Hulst; Nelson P Monteiro de Oliveira; Ed D Niesten; Nicobert E Wietsma; Bastiaan M Gerritse; Thierry V Scohy; Thijs C D Rettig; Ferdinand T F Snellen; Magiel F Voogd; Marc B Godfried; Rients N de Boer; Jeroen Wink; Lisa M M van der Werff; Christa M Cobbaert; L Renee Ruhaak; Susanne Eberl; Benedikt Preckel; Markus W Hollmann; Jimmy Schenk; Jeroen Hermanides; Daniel H van Raalte,2026-Jul-30,,,,10.1001/jama.2026.9268,
42530909,Cancer Medicine Approvals in the US.,JAMA,Brian Shkabari; Nicole I Vorko; Wesley M Geerlinks; Elizaveta Purh; Claire M Diana-Gonsalves; Svasti Sutaria; Bishal Gyawali,2026-Jul-30,,,,10.1001/jama.2026.12089,
42530908,Nicotine Pouches.,JAMA,Thomas M Piasecki; Megan E Piper; Hasmeena Kathuria,2026-Jul-30,,,,10.1001/jama.2026.11806,
42530900,Nicotine E-Cigarettes for Cigarette Smoking Cessation: Recommendations to US-Based Clinicians.,JAMA,Eleanor L S Leavens; Kinsey Pebley; Tracy T Smith; Jasjit S Ahluwalia; Mariel S Bello; Krysten W Bold; Jennifer Cantrell; Matthew J Carpenter; Patricia A Cioe; Nicholas J Felicione; Alys Havard; Larry W Hawk; Jesse T Kaye; Elias M Klemperer; Bethea A Kleykamp; Nicola Lindson; Erin A McClure; Hayden McRobbie; Cara M Murphy; Nancy A Rigotti; Natalie K Walker; Min-Jeong Yang; Alana M Rojewski; Adrienne L Johnson,2026-Jul-30,,,,10.1001/jama.2026.13087,
42530899,Changes in Clinician Time Expenditure and Visit Quantity With Artificial Intelligence-Powered Scribes-Reply.,JAMA,Lisa S Rotenstein; Rebecca Mishuris; A Jay Holmgren,2026-Jul-30,,,,10.1001/jama.2026.10781,
42530540,Histopathological Evidence of Persistent Remodeling in Recurrent Acute Rhinosinusitis.,American journal of rhinology & allergy,Hen Chaushu; Ran Bilaus; Narin-Nard Carmel Neiderman; Avraham Abergel; Timur Pestrikov; Yaniv Hadi; Roni Vass; Leonor Leider Trejo; Nidal Muhanna; Liyona Kampel; Forsan Jahshan,2026-Jul-30,,,19458924261471648,10.1177/19458924261471648,
42530539,Microbial Diversity in Odontogenic Sinusitis: Next-Generation Sequencing Versus Culture.,American journal of rhinology & allergy,Abdurrahman Abdurrob; Do-Yeon Cho; Jacob G Eide; Amrita Ray; Jacob S Ancira; Craig Tipton; Zachary Hanna; John Craig,2026-Jul-30,,,19458924261474104,10.1177/19458924261474104,
42530351,Quantifying Patient Demand for Otolaryngologists in the United States.,The Laryngoscope,Aravind Sreeram; Christine G Gourin; Anirudh Saraswathula,2026-Jul-30,,,,10.1002/lary.70770,
42530290,A Scoping Review of Laryngeal Edema Rating Scales for Extubated Acute Respiratory Failure Survivors.,The Laryngoscope,Lalita Sabat; Winston Liu; Michael H Ieong; Lauren F Tracy; Gintas P Krisciunas,2026-Jul-30,,,,10.1002/lary.70781,
42530155,How I Do It: Modified Vertical Pharyngeal Flap for Unilateral High Vagal Injury.,The Laryngoscope,Shreyas G Krishnapura; J Paul Willging; Rebecca J Howell,2026-Jul-30,,,,10.1002/lary.70766,
42530134,Inter- and Intra-Rater Reliability of 4D-CT Versus Bronchoscopy in Diagnosing and Grading Tracheomalacia.,The Laryngoscope,Hannah F Case; Shaunak Amin; Xing Wang; Michael Barbour; Michael Bindschadler; Tanya Meyer; Seth Friedman; Alberto Aliseda; John P Dahl; Randall A Bly,2026-Jul-30,,,,10.1002/lary.70774,
42528018,Treatment of Locally Advanced Layngohypopharyngeal Cancers: A Network Meta-Analysis.,The Laryngoscope,Vincenzo Capriotti; Elisa Dal Cin; Agostina De Stefani; Massimiliano Nardone; Alessandro Abramo; Vinidh Paleri; Fausto Petrelli,2026-Jul-29,,,,10.1002/lary.70780,
42525496,Tezepelumab in Chinese Patients With Severe Chronic Rhinosinusitis With Nasal Polyps: A Prespecified Subgroup Analysis of the Phase 3 WAYPOINT Trial.,International forum of allergy & rhinology,Li Hu; Houyong Li; Xicai Sun; Quan Liu; Yu Xu; Jiangang Fan; Andrew Foster; Claudia Chen; Yun Chon; Dehui Wang,2026-Jul-29,,,,10.1002/alr.70208,
42525428,Immigration and Customs Enforcement Detention-Reply.,JAMA,Sanjay Basu; Benjamin Q Huynh; Jason R Andrews,2026-Jul-29,,,,10.1001/jama.2026.10772,
42525425,Immigration and Customs Enforcement Detention.,JAMA,Sandra Ohaghuenyi; Shari Schwabowski; Kenneth Soyemi,2026-Jul-29,,,,10.1001/jama.2026.10769,
42525406,Global Low-Density Lipoprotein Cholesterol-Leveraging Estimation for Action.,JAMA,Mark D Huffman; Victor G Dávila-Román; Anubha Agarwal,2026-Jul-29,,,,10.1001/jama.2026.10083,
42525403,Global Burden of Elevated LDL-C: Findings From the Global Burden of Disease Study 2023.,JAMA,Christian Razo; Nicole K DeCleene; Catherine O Johnson; Benjamin A Stark; Kate LeGrand; Hasan Aalruz; Ukachukwu O Abaraogu; Samar Abd ElHafeez; Michael Abdelmasseh; Mahmoud Abdelnabi; Sherief Abd-Elsalam; Rasha Abdelsalam Elshenawy; Siddig Ibrahim Abdelwahab; Ali Abdolizadeh; Arash Abdollahi; Meriem Abdoun; Mostafa M Abdrabou; Deldar Morad Abdulah; Auwal Abdullahi; Toufik Abdul-Rahman; Melese Shenkut Abebe; Habtamu Abebe Getahun; Olugbenga Olusola Abiodun; Olumide Abiodun; Shady Abohashem; Ulric Sena Abonie; Nagah M Abourashed; Dmitry Abramov; Mohammed Mehdi Abrar; Dariush Abtahi; Rana Kamal Abu Farha; Bilyaminu Abubakar; Ahmad Y Abuhelwa; Hana J Abukhadijah; Salahdein Aburuz; Dina Abushanab; Lisa C Adams; Nuhu Lawan Lawan Adamu; Mesafint Molla Adane; Isaac Yeboah Addo; Kamoru Ademola Adedokun; Oluwatobi E Adegbile; Nurudeen A Adegoke; Saheed Ayodeji Adekola; Olumide Thomas Adeleke; Miracle Ayomikun Adesina; Molalign Aligaz Adisu; Mohd Adnan; Clifford Afoakwah; Aanuoluwapo Adeyimika Afolabi; Fatemeh Afrashteh; Ebenezer Afrifa-Yamoah; Saira Afzal; Percival Delali Agordoh; Williams Agyemang-Duah; Aqeel Ahmad; Khabir Ahmad; Sajjad Ahmad; Suhaib Ahmad; Asma Ahmed; Gasha Salih Ahmed; Luai A Ahmed; Mehrunnisha Sharif Ahmed; Meqdad Saleh Ahmed; Mohamed Sherif Ali Ahmed; Mushood Ahmed; Nesredin Ahmed; Syed Anees Ahmed; Zohra Ahmed; Aishwarya Aiyer; Marjan Ajami; Kasuni H M Akalanka; Muhammad Nadeem Akhtar; Mukadas Oyeniran Akindele; Mohammed Ahmed Akkaif; Ashley E Akrami; Ralph Kwame Akyea; Syed Mahfuz Al Hasan; Mohammad Ahmmad Mahmoud Al Zoubi; Fares Alahdab; Mohammad M Al-Ahmad; Stephen Alajajian; Muaaz M Alajlani; Tariq A Alalwan; Ziyad Al-Aly; Issa Sulaiman Al-Amri; Turki M Alanzi; Abdullah Alarifi; Fahmi Y Al-Ashwal; Ahmad Al-Azayzih; Sayer Al-Azzam; Ahmad M Al-Bashaireh; Mohammed Albashtawy; Nader Al-Dewik; Shereen M Aleidi; Fahad D Algahtani; Abdelazeem M Algammal; Khalid F Alhabib; Fadwa Naji Alhalaiqa; Abid Ali; Asgar Ali; Bassam R Ali; Mohammad Daud Ali; Mohammed Usman Ali; Rafat Ali; Syed Shujait Ali; Montaha Al-Iede; Sheikh Mohammad Alif; Morteza Alipour; Samah W Al-Jabi; Syed Mohamed Aljunid; Mayson H Alkhatib; Sameer Abdulmalik Alkubati; Raad Hatim Allawi; Khaled S Allemailem; Mohammed Z Allouh; Wesam Taher Almagharbeh; Wael Almahmeed; Sabah Al-Marwani; Joseph Uy Almazan; Mohmmad Minwer Alnaeem; Hasan Yaser Alniss; Mahmoud A Alomari; Haifa F F Alotaibi; Saleh A Alqahtani; Mohammad AlQudah; Mohammad R Alqudimat; Ahmad Rajeh Al-Qudimat; Rajaa M Al-Raddadi; Intima Alrimawi; Sahel Majed Alrousan; Mohammed Alsbou; Najim Z Alshahrani; Ali Salman Al-Shami; Zaid Altaany; Awais Altaf; Malik A Althobiani; Diala Altwalbeh; Hassan Alwafi; Yaser Mohammed Al-Worafi; Hany Aly; Abdulmohsen Hamdan Al-Zalabani; Abdallah Alzoubi; Karem H Alzoubi; Adel S Al-Zubairi; Joy Amafah; Masoud Aman Mohammadi; Amr Amin; Saeed Amini; Ehsan Amini-Salehi; Ganiyu Adeniyi Amusa; Roshan A Ananda; Robert Ancuceanu; Song Peng Ang; Ebuka Miracle Anieto; Abhishek Anil; Prapti Anjana; Boluwatife Stephen Anuoluwa; Saeid Anvari; Sumadi Lukman Anwar; Anayochukwu Edward Anyasodor; Walter Appati; Jalal Arabloo; Elshaimaa A Arafa; Mosab Arafat; Aleksandr Y Aravkin; Demelash Areda; Reza Arefnezhad; Brhane Berhe Aregawi; Jorge Arias de la Torre; Timur Aripov; Jesu Arockiaraj; Gustavo Aires de Arruda; Syed Mohammed Basheeruddin Asdaq; Mohammad Asghari-Jafarabadi; Saad Ashraf; Syed Amir Ashraf; Tahira Ashraf; Bernard Kwadwo Yeboah Asiamah-Asare; Omer Atac; Mohammad Athar; Seyyed Shamsadin Athari; Prince Atorkey; Khursheed Aurangzeb; Sana Javaid Awan; Usman Ayub Awan; Kemal Lemnuro Lemnuro Awol; Adedapo Wasiu Awotidebe; Camila Ospina Ayala; Berrak Itir Ayli; A K M Azad; Alireza Azarboo; Sadat Abdulla Aziz; Ahmed Y Azzam; Domenico Azzolino; Rasha Babiker; Abraham Samuel Babu; Giridhara Rathnaiah Babu; Muhammad Badar; Ashish D Badiye; Alaa Aboelnour Badran; Khlood K Baghlaf; Atif Amin Baig; Mohamad Amin Bakhshali; Marina Balabekova; Senthilkumar Balakrishnan; Ovidiu Constantin Baltatu; Maciej Banach; Palash Chandra Banik; Hiba Jawdat Barqawi; Amadou Barrow; Lingkan Barua; Muhammad Irfan Bashir; Shahid Bashir; Azadeh Bashiri; Mohammad-Mahdi Bastan; Mahdis Bayat; Mulat Tirfie Bayih; Narasimha M Beeraka; Tahmina Begum; Priyamadhaba Behera; Surama Manjari Behera; Babak Behnam; Diana Fernanda Bejarano Ramirez; Melesse Belayneh; Abdulrahman Babatunde Bello; Luis Belo; Abiye Assefa Berihun; Sonu Bhaskar; Priyadarshini Bhattacharjee; Gurjit Kaur Bhatti; Jasvinder Singh Bhatti; Atanu Biswas; Bijit Biswas; Bruno Bizzozero-Peroni; Mahmut Bodur; Sitotaw Kerie Bogale; Lucimere Bohn; Archith Boloor; Paria Bolourinejad; Aime Bonny; Alejandro Botero Carvajal; Souad Bouaoud; Sofiane Boudalia; Gabrielle Britton; Raffaele Bugiardini; Felix Busch; Yasser Bustanji; Zahid A Butt; Luciana Aparecida Campos; Yu Cao; Alberico L Catapano; Luca Cegolon; Francieli Cembranel; Edina Cenko; Ester Cerin; Joshua Chadwick; Chiranjib Chakraborty; Rama Mohan Chandika; Eeshwar K Chandrasekar; Baskaran Chandrasekaran; Vijay Kumar Chattu; Lam Duc Chau; Anis Ahmad Chaudhary; Sirshendu Chaudhuri; Asad Ali Ahmed Cheema; An-Tian Chen; Hana Chen; Haowei Chen; Haojin Cheng; Ka Ching Cheung; Nicholas W S Chew; Gerald Chi; Fatemeh Chichagi; Patrick R Ching; William C S Cho; Dong-Woo Choi; Bryan Chong; Deepti Chopra; Hitesh Chopra; Shivani Chopra; Sonali Gajanan Choudhari; Dinh-Toi Chu; Chidozie Williams Chukwu; Sheng-Chia Chung; Sunghyun Chung; Arrigo Francesco Giuseppe Cicero; Claudia Cosma; Michael H Criqui; Natalia Cruz-Martins; Omid Dadras; Lina Dahabiyeh; Bishal Dahal Khatri; Xiaochen Dai; Zhaoli Dai; Mayank Dalakoti; Emanuele D'Amico; Endalamaw Tesfa Damtie; Lalit Dandona; Rakhi Dandona; Lucio D'Anna; Pojsakorn Danpanichkul; Samuel Demissie Darcho; Latefa Ali Dardas; Sayan Kumar Das; Dimash Davletov; Kairat Davletov; Tadesse Asmamaw Dejenie; Cristian Del Bo'; Ivan Delgado-Enciso; Edgar Denova-Gutiérrez; Ismail Dergaa; Hunegnaw Almaw Derseh; Emina Derviševic; Aragaw Tesfaw Desale; Vinoth Gnana Chellaiyan Devanbu; Devananda Devegowda; Syed Masudur Rahman Dewan; Arkadeep Dhali; Meghnath Dhimal; Bibha Dhungel; Diana Dias da Silva; Kimia Didehvar; Xueting Ding; Thanh Chi Do; Thao Huynh Phuong Do; Sushil Dohare; Dachuan Dong; Mario D'Oria; Fariba Dorostkar; Ojas Prakashbhai Doshi; Rajkumar Prakashbhai Doshi; Paulo Magno Martins Dourado; Robert Kokou Dowou; Menayit Tamrat Dresse; Mi Du; Bruce B Duncan; Andre Rodrigues Duraes; Osamudiamen Ebohon; Lamiaa Labieb Mahmoud Ebraheim; Cynthia Edeh; Behrad Eftekhari; Ashkan Eighaei Sedeh; Michael Ekholuenetale; Rabie Adel El Arab; Mohamed Ahmed Eladl; Ahmed Eldaboush; Faris El-Dahiyat; Islam Y Elgendy; Muhammed Elhadi; Mohamed Elhoumed; Waseem El-Huneidi; Omar Abdelsadek Abdou Elmeligy; Mohamed A Elmonem; Adel B Elmoselhi; Mohamed Hassan Elnaem; Abdelgawad Salah Eltahawy; Farshid Etaee; Natalia Fabin; Adewale Oluwaseun Fadaka; Adeniyi Francis Fagbamigbe; Ildar Ravisovich Fakhradiyev; Sodiq Fakorede; Abdullah Farasani; Mohammad Fareed; Aisha Farhana; MoezAlIslam Ezzat Mahmoud Faris; Farima Farsi; Zareen Fatima; Mohammad Fayaz; Timur Fazylov; Ginenus Fekadu; Rodrigo Fernandez-Jimenez; Nuno Ferreira; Florian Fischer; Federica Fogacci; Marco Fonzo; Matteo Foschi; Muktar A Gadanya; Márió Gajdács; Yaseen Galali; Balasankar Ganesan; Balasubramanian Ganesh; Shivaprakash Gangachannaiah; Dingwei Gao; David Garcia-Azorin; Paarth Garg; Danijela Gasevic; Rupesh K Gautam; Bamba Gaye; Mizan Habtemichael Gebresilassie; Lemma Getacher; Kalab Yigermal Gete; Fataneh Ghadirian; Kazem Ghaffari; Amir Ghaffari Jolfayi; Arin Ghamkhar; Lobna Gharaibeh; Mohammadreza Ghasemi; Ramy Mohamed Ghazy; Sailaja Ghimire; Nermin Ghith; Artyom Urievich Gil; Syed Abdullah Gilani; Paramjit Singh Gill; Elena V Gnedovskaya; Lay Hoon Goh; Kimiya Gohari; Megha Nishith Gohil; Mahaveer Golechha; Pouya Goleij; Melika Golmohammadi; Alessandra C Goulart; Aman Goyal; Ayman Grada; Ashna Grover; Long Gu; Mohammed Ibrahim Mohialdeen Gubari; Zenawi Hagos Gufue; Avirup Guha; Damitha Asanga Gunawardane; Zheng Guo; Rajeev Gupta; Sapna Gupta; Filippo Luca Gurgoglione; Jose Guzman-Esquivel; Eduardo Guzmán-Muñoz; Arian Haghtalab; Nguyen Hai Nam; Kirubel Tesfaye Hailu; Pritam Halder; Nadia M Hamdy; Hossein Hamidi; Samer Hamidi; Eman A Hammad; Rifat Hamoudi; Asif Hanif; Nasrin Hanifi; Graeme J Hankey; Sara Harsini; Phillipp Hartmann; Ikramul Hasan; Mohammad Hashem Hashempur; Md Saquib Hasnain; Amr Hassan; Ibrahim Nagmeldin Hassan; Ikrama Hassan; Nageeb Hassan; Treska S Hassan; Omed Hassan Ahmed; Khezar Hayat; Jeffrey J Hebert; Yosra A Helmy; Kamal Hezam; Yuta Hiraike; Ramesh Holla; Mehdi Hoseinzadeh; Mihaela Hostiuc; Sorin Hostiuc; Priya Hotwani; Mila Nu Nu Htay; Yifei Hu; Junjie Huang; Yu-Song Huang; Kiavash Hushmandi; Dursa Hussein; Mohammed Asif Hussein; Bing-Fang Hwang; Segun Emmanuel Ibitoye; Ismail A Ibrahim; Khalid S Ibrahim; Anel Ibrayeva; Adalia Ikiroma; Jibran Ikram; Olayinka Stephen Ilesanmi; Irena M Ilic; Milena D Ilic; Mohammad Tarique Imam; Masoud Imani; Sikiru Opeyemi Imodoye; Lucius Chidiebere Imoh; Leeberk Raja Inbaraj; Andreea Iuliana Ionescu; Radu Tudor Ionescu; Muhammad Iqhrammullah; Lalu Muhammad Irham; Azfar Athar Ishaqui; Duygu Islek; Nahlah Elkudssiah Ismail; Yerlan Ismoldayev; Gaetano Isola; Masao Iwagami; Mahalaxmi Iyer; Juan S S Izquierdo-Condoy; Jaison Jacob; Ali Jafari-Khounigh; Ali Jahanshahi; Haitham Jahrami; Mihajlo Jakovljevic; Armaan Jamal; Navid Jamali; Jazlan Jamaluddin; Jerin James; Masoud Jamshidi; Robin Jansen; Esmaeil Jarrahi; Syed Sarmad Javaid; Talha Jawaid; Yovanthi Anurangi Jayasinghe; Felix K Jebasingh; Mohammed Jemal; Seogsong Jeong; Bijay Mukesh Jeswani; Zixiang Ji; Nathan T Jibat; Wenyi Jin; Mohammad Jokar; Tamas Joo; Akaninyene Paul Joseph; Mickael Antoine Joseph; Nitin Joseph; Jesu Vijay Sheldon Joseph Michael Raj; Krupal Joshi; Charity Ehimwenma Joshua; Sang-Hyuk Jung; Mikk Jürisson; Vaishali K; Dler H Hussein Kadir; Farima Kahe; Ashish Kumar Kakkar; Rizwan Kalani; Khalil Kalavani; Sanjay Kalra; Saltanat Kamenova; Ramat T Kamorudeen; Oleksandr Kamyshnyi; Saddam Fuad Kanaan; Kehinde Kazeem Kanmodi; Subham Kansal; Rami S Kantar; Neeti Kapoor; Debasish Kar; Mehrdad Karajizadeh; Paschalis Karakasis; Reema A Karasneh; Aliasghar Karimi; Arman Karimi Behnagh; Sadanand Karun; Faizan Zaffar Kashoo; Manoj Kumar Kashyap; Mohd Adnan Kausar; Sina Kazemian; Yabets Tesfaye Kebede; Emmanuelle Kesse-Guyot; Reza Khademi; Yousef Saleh Khader; Himanshu Khajuria; Anas Khaleel; Nauman Khalid; Sidra Khalid; Anees Ahmed Khalil; Anita Khalili; Pantea Khalili; Ajmal Khan; Maseer Khan; Md Abdullah Saeed Khan; Mohammad Idreesh Khan; Moien A B Khan; Muhammad Hamza Khan; Serab Khan; Sumaiya Khan; Yusuf Saleem Khan; Sameer Uttamaro Khasbage; Moawiah Mohammad Khatatbeh; Khalid A Kheirallah; Samira Khoshvaght; Pavan Khosla; Sepehr Khosravi; Hye Jun Kim; Kwanghyun Kim; Ruth W Kimokoti; Adnan Kisa; Ladli Kishore; Mika Kivimäki; Michail Kokkorakis; Ali-Asghar Kolahi; Farzad Kompani; Aida Kondybayeva; Oleksii Korzh; Karel Kostev; Sindhura Lakshmi Koulmane Laxminarayana; Kewal Krishan; Chong-Han Kua; Mohammed Kuddus; Mukhtar Kulimbet; Vishnutheertha Kulkarni; Chandan Kumar; Dewesh Kumar; G Anil Kumar; Jogender Kumar; Laksh Kumar; Nitesh Kumar; Sanjay Kirshan Kumar; Amartya Kundu; Satyajit Kundu; Setor K Kunutsor; Maria Dyah Kurniasari; Krishna Prasad Kurpad; Dian Kusuma; Ville Kytö; Chandrakant Lahariya; Daphne Teck Ching Lai; Hanpeng Lai; Timo Lajunen; Balzhan Lakanova; Tea Lallukka; Tamás Lantos; Yilma Markos Larebo; Anders O Larsson; Savita Lasrado; Duc Tin Le; Thao Thi Thu Le; Thoa Le; Trang Thi Bich Le; Caterina Ledda; Hayeon Lee; Hwamin Lee; Sang-Woong Lee; Sergey Vadimovich Lee; Seung Won Lee; Wei-Chen Lee; Vasileios Leivaditis; Gebretsadik Kiros Lema; Dawit Alemu Lemma; Jimma Lenjisa; Mitchelle Shilpa Lewis; Chengfeng Li; Ming-Chieh Li; Qiang Li; Shaojie Li; Xingang Li; Yongze Li; Lee-Ling Lim; Daniel Lindholm; Haipeng Liu; Xianliang Liu; Xuefeng Liu; Yubo Liu; Katherine M Livingstone; Erand Llanaj; Madeeha Shahzad Lodhi; Niroshan Chandrajith Lokunarangoda; José Francisco López-Gil; Stefan Lorkowski; Giancarlo Lucchetti; Pauline Po Yee Lui; Peng Luo; Lei Lv; Ellina Lytvyak; Hawraz Ibrahim M Amin; Kevin Sheng-Kai Ma; Mahmoud Mabrok; Monika Machoy-Rakoczy; Seyed Ataollah Madinehzad; Pasquale Maffia; Javier A Magaña Gómez; Mehrdad Mahalleh; Nozad Hussein Mahmood; Ahmad Azam Malik; Md Zubbair Malik; Tabarak Malik; Deborah Carvalho Malta; Doste Rashid Mamand; Muhammad Talha Maniya; Kamaruddeen Mannethodi; Farheen Mansoor; Marjan Mansourian; Shaista Manzoor; Kaleem Maqsood; Hamid Reza Marateb; Basma Hamed Marghani; Mirko Marino; Ramon Martinez-Piedra; Daniela Martini; Santi Martini; Miquel Martorell; Winfried März; Sammer Marzouk; Stefano Masi; Soroush Masrouri; Neeta Mathur; Fernanda Penido Matozinhos; Rita Mattiello; Richard James Maude; Georgios Mavrovounis; Steven M McPhail; Subhash Mehto; Hadush Negash Meles; Walter Mendoza; Godfred Antony Menezes; Ritesh G Menezes; Emiru Ayalew Mengistie; Tara P Menon; George A Mensah; Giovanni Merlino; Tomislav Mestrovic; Chamila Dinushi Kukulege Mettananda; Sachith Mettananda; Mohamed M M Metwally; Junmei Miao Jonasson; Muhammad Agus Naufal Mikrajab; Abdul Mannan Khan Minhas; Erkin M Mirrakhimov; Sayan Mitra; Tridip Mitra; Madhukar Mittal; Dhruti Modi; Mona Gamal Mohamed; Nouh Saad Mohamed; Khabab Abbasher Hussien Mohamed Ahmed; Ameen Mosa Mohammad; Taj Mohammad; Abbas Mohammadi; Mokhtar Mohammadi; Saeed Mohammadi; Abdollah Mohammadian-Hafshejani; Omer Mohammed; Syam Mohan; Yazan Mohsen; Tewodros Shibabaw Molla; Mariam Molokhia; Amirabbas Monazzami; Mohammad Ali Moni; Sara Montazeri Namin; AmirAli Moodi Ghalibaf; Mahdis Morovvati; Reza Mosaddeghi Heris; Rohith Motappa; Seyed Ahmad Mousavi; Seyed Mohamad Sadegh Mousavi Kiasary; Mehrdad Mozafar; Kimia Mozahheb Yousefi; Sumaira Mubarik; Jibran Sualeh Muhammad; Yanjinlkham Munkhsaikhan; Anjana Munshi; Sani Musa; Sathish Muthu; Julius C Mwita; Woojae Myung; SeyedAli Nabipoorashrafi; Ahamarshan Jayaraman Nagarajan; Ganesh R Naik; Hiten Naik; Firzan Nainu; Shumaila Nargus; Yvonne Nartey; Amir Nasrollahizadeh; Mahmoud Nassar; Zuhair S Natto; Javaid Nauman; Zakira Naureen; Samidi Nirasha Kumari Navaratna; Hala Khaled Nawaiseh; Biswa Prakash Nayak; Vinod C Nayak; Mojdeh Nazari; Andrew Kamsoko Ndakotsu; Amanuel Tebabal Nega; Mulata H Nega; Abigia Ashenafi Negash; Ionut Negoi; Reza Nejad Shahrokh Abadi; Mohammad Hadi Nematollahi; Cao Duy Nguyen; Cuong Tat Nguyen; Hau Thi Hien Nguyen; Nghia Phu Nguyen; Phat Tuan Nguyen; Van Thanh Nguyen; Robina Khan Niazi; Luciano Nieddu; Richmond Nketia; Shuhei Nomura; Mamoona Noreen; Nawsherwan; Jean Jacques Noubiap; Chisom Adaobi Nri-Ezedi; Mpiko Ntsekhe; Fred Nugen; Aqsha Nur; Bogdan Oancea; Ramez M Odat; Fabio Massimo Oddi; Saheed Adeyinka Odediji; Oluwaseyi Samson Ogunmodede; In-Hwan Oh; Olusegun Olatunji Ojedoyin; Oluwafemi Adeleke Ojo; Hassan Okati-Aliabad; Akinkunmi Paul Okekunle; Osaretin Christabel Okonji; Gláucia Maria Moraes Oliveira; Abdulhakeem Abayomi Olorukooba; Qi Chwen Ong; Michal Ordak; Hans Orru; Atakan Orscelik; Alberto Ortiz; Esteban Ortiz-Prado; Augustus Osborne; George Nkrumah Osei; John W Ostrominski; Uchechukwu Levi Osuagwu; Abdu Oumer; Amel Ouyahia; Mayowa O Owolabi; Kolapo Oyebola; Ilker Ozsahin; Mahesh Padukudru Anand; Alicia Padron-Monedero; Jagadish Rao Padubidri; Tamás Palicz; Sujogya Kumar Panda; Seithikurippu R Pandi-Perumal; Georgios D Panos; Mario Virgilio Papa; Ilias Papadimopoulos; Shahina Pardhan; Pragyan Paramita Parija; Romil R Parikh; Eleonora Pascucci; Maja Pasovic; Roberto Passera; Kunal Nitinkumar Patel; Mitesh Patel; Neel Navinkumar Patel; Niki Rut Patel; Satyananda Patel; Ashlesh Patil; Shankargouda Patil; Dimitrios Patoulias; Snigdha Pattnaik; Hamidreza Pazoki Toroudi; Jarmila Pekarcikova; Prince Peprah; Gavin Pereira; Norberto Perico; Simone Perna; Fanny Petermann-Rocha; Edoardo Pirera; Habibollah Pirnejad; Evgenii Plotnikov; Dimitri Poddighe; Ramesh Poluru; Thantrira Porntaveetus; Pranil Man Singh Pradhan; Manya Prasad; Akila Prashant; Elton Junio Sady Prates; Nicola Riccardo Pugliese; Jagadeesh Puvvula; Xiang Qi; Jia-Yong Qiu; Ali Qureshi; Venkatraman Radhakrishnan; Pankaja Raghav; Yashpal Singh Raghav Raghav; Pracheth Raghuveer; Sheu Kadiri Rahamon; Fakher Rahim; Hawbash Mohammed-Amin Rahim; Sajjad Rahimi; Fryad Majeed Rahman; Md Mosfequr Rahman; Mohammad Hifz Ur Rahman; Mosiur Rahman; Muhammad Aziz Rahman; Jeffrey Pradeep Raj; Adarsh Raja; Judah Rajendran; Prashant Rajput; Mahmoud Mohammed Ramadan; Chitra Ramasamy; Shakthi Kumaran Ramasamy; Asad Gul Rao; Mithun Rao; Sowmya J Rao; Vahid Rashedi; Ashkan Rasouli-Saravani; Shree Rath; Isha Rathi; Devarajan Rathish; Santosh Kumar Rauniyar; David Laith Rawaf; Salman Rawaf; Reza Rawassizadeh; Asit Ray; Murali Mohan Rama Krishna Reddy; Elrashdy M Redwan; Najeeb Ur Rehman; Giuseppe Remuzzi; Mina Rezaei; Nazila Rezaei; Mohsen Rezaeian; Jefferson Antonio Buendia Rodriguez; Leonardo Roever; Debby Syahru Romadlon; Michele Romoli; Moustaq Karim Khan Rony; Allen Guy Patrick Ross; Sharmistha Roy; Shubhanjali Roy; Polani Rubeshkumar; Michele Russo; Godfrey Mutashambara Rwegerera; Aly M A Saad; Maha Mohamed Saber-Ayad; Cameron John Sabet; Kabir P Sadarangani; Seyed Kiarash Sadat Rafiei; Muhammad Nabeel Saddique; Bashdar Abuzed Sadee; Ehsan Sadeghi; Erfan Sadeghi; Masoumeh Sadeghi; Bassem Sadek; Mustafa Sadek; Hossein Sadr; Mohammad Reza Saeb; Mohd Saeed; Umar Saeed; Maryam Saeedi; Muhammad Safiullah; Amene Saghazadeh; Dominic Sagoe; Ashok Kumar Sah; Fatemeh Saheb Sharif-Askari; Amirhossein Sahebkar; S Mohammad Sajadi; Mirza Rizwan Sajid; Morteza Saki; Joseph W Sakshaug; Afeez Abolarinwa Salami; Rahman Shah Zaib Saleem; Mohamed A Saleh; Mahdi Salehi; Abubakar Tijjani Salihu; Sohrab Salimi; Saad Samargandy; Yoseph Leonardo Samodra; Abdallah M Samy; Aswini Saravanan; Jacob Owusu Sarfo; Mohammad Sarmadi; Gargi Sachin Sarode; Sachin C Sarode; Nizal Sarrafzadegan; Michele Sassano; Brijesh Sathian; Mukesh Kumar Sathya Narayanan; Mehrdad Savabi Far; Markus P Schlaich; Art Schuermans; Ghil Schwarz; Anita Sejben; Siddharthan Selvaraj; Mohammad H Semreen; Yigit Can Senol; Dragos Serban; Francesco Sessa; Yashendra Sethi; Christianus Heru Setiawan; Christian Sewor; Allen Seylani; Samiah Shahid; Endrit Shahini; Fatemeh Shahrahmani; Moyad Jamal Shahwan; Sunder Sham; Muhammad Aaqib Shamim; Anas Shamsi; Dan Shan; Mohd Shanawaz; Mohammed Shannawaz; Nadim Sharif; Amin Sharifan; Bhoopesh Kumar Sharma; Bunty Sharma; Kamal Sharma; Manoj Sharma; Ravi Kumar Sharma; Ujjawal Sharma; Vishal Sharma; Shamee Shastry; Somia Shehzadi; Ali Sheidaei; Rekha Raghuveer Shenoy; Mahabalesh Shetty; Pavanchand H Shetty; Fanchao Shi; Hui-Zhong Shi; Yongfeng Shi; Tariku Shimels; Rahman Shiri; Aminu Shittu; Ivy Shiue; Ambreen Shoaib; Sina Shool; Seyed Afshin Shorofi; Sunil Shrestha; Kerem Shuval; Ching-Hui Sia; Emmanuel Edwar Siddig; Ahmed Kamal Siddiqi; Ayesha Siddiqua; Diego Augusto Santos Silva; Luís Manuel Lopes Rodrigues Silva; Padam Prasad Simkhada; Amit Singh; Baljinder Singh; Harmanjit Singh; Harpreet Singh; Jasvinder A Singh; Lucky Singh; Paramdeep Singh; Poornima Suryanath Singh; Puneetpal Singh; Siddharth Singh; Sunil Kumar Singh; Surjit Singh; Vanshika Singh; Mukesh Kumar Sinha; Ratnesh Sinha; Valentin Yurievich Skryabin; Balamrit Singh Sokhal; Prashant Sood; Soroush Soraneh; Reed J D Sorensen; Michele Sorrentino; Michael Spartalis; Prateek Srivastav; Panagiotis Stachteas; Muhammad Haroon Stanikzai; Antonina V Starodubova; Sebastian Straube; Peter Stubbs; Chen-Yang Su; Vetriselvan Subramaniyan; Alisha Suhag; Oksana Sulaieva; Sahabi K Sulaiman; Muritala Suleiman Odidi; Desy Sulistiyorini; Jing Sun; Zhong Sun; Chandan Kumar Swain; Lukasz Szarpak; Sree Sudha Ty; Payam Tabaee Damavandi; Rafael Tabarés-Seisdedos; Seyyed Mohammad Tabatabaei; Seyed-Amir Tabatabaeizadeh; Shima Tabatabai; Celine Tabche; Afework Tadele; Balamurugan Tagiisuran; Eman Taha Osman Ali; Moslem Taheri Soodejani; Jabeen Taiba; Shima Tajabadi; Stella Talic; Ashis Talukder; Seyed Saeed Tamehri Zadeh; Dessalegn Tamiru Adugna; Mircea Tampa; Jianye Tan; Dariga Tanabayeva; Mohammad Tanashat; Jiahao Tang; Ekamol Tantisattamo; Mengistie Kassahun Tariku; Saba Tariq; Seyed Mohammad Tavangar; Mebrahtu G Tedla; Reem Temsah; Masayuki Teramoto; Wegen Beyene Tesfamariam; Azimeraw Arega Tesfu; Jay Tewari; Vidhi Thakar; Lakshmi Thangavelu; Ismaeel Tharwat; Samar Tharwat; Friedrich Thienemann; Muthu Thiruvengadam; Nikhil Kenny Thomas; Jansje Henny Vera Ticoalu; Tenaw Yimer Tiruye; Krishna Tiwari; Madi Tleshev; Sojit Tomo; Marcello Tonelli; Roman Topor-Madry; Mathilde Touvier; Marcos Roberto Tovani-Palone; An Thien Tran; Thang Huu Tran; Nguyen Tran Minh Duc; Domenico Trico; Christopher Daniel Tristan; Gary Tse; Vasilis-Spyridon Tseriotis; Abdul Rohim Tualeka; Sok Cin Tye; Aniefiok John Udoakang; Atta Ullah; Riaz Ullah; Saeed Ullah; Muhammad Umair; Lawan Umar; Dinesh Upadhya; Era Upadhyay; Jibrin Sammani Usman; Dilber Uzun Ozsahin; Hande Uzunçibuk; Asokan Govindaraj Vaithinathan; Omid Vakili; Jef Van den Eynde; Joe Varghese; Tommi Juhani Vasankari; Balachandar Vellingiri; Narayanaswamy Venketasubramanian; Akshaya Kumar Verma; Poonam Verma; Victor E Villalobos-Daniel; Vasily Vlassov; Jin-Yi Wan; Cong Wang; Nelson Wang; Qingzhi Wang; Shaopan Wang; Shu Wang; Wanzhou Wang; Wei Wang; Wei Wang; Yanzhong Wang; Youxin Wang; Zhihua Wang; Tanveer A A Wani; Ahmed Bilal Waqar; Melissa Y Wei; Robert G Weintraub; Yohanes Cakrapradipta Wibowo; Anggi Lukman Wicaksana; Dakshitha Praneeth Wickramasinghe; Nuwan Darshana Wickramasinghe; Angga Wilandika; William Kwame Witts; Tewodros Eshete Wonde; Utoomporn Wongsin; Peng Wu; Guangqin Xiao; Wanqing Xie; Site Xu; Suowen Xu; Wanqing Xu; Xiaoyue Xu; Vikas Yadav; Amirhossein Yadegar; Saba Yahoo; Kazumasa Yamagishi; Hanwen Yang; Yuichiro Yano; Haiqiang Yao; Amir Yarahmadi; Habib Yaribeygi; Subah Abderehim Yesuf; Dehui Yin; Yazachew Engida Yismaw; Dong Keon Yon; Naohiro Yonemoto; Chuanhua Yu; Elaine A Yu; Hairui Yu; Yong Yu; Quan Yuan; Emad Yuzbashian; Mubashir Zafar; Manijeh Zaghampour; Giulia Zamagni; Nelson Zamora; Aurora Zanghì; Seema Zargar; Mohammed Zawiah; Mohammed G M Zeariya; Eyael M Zeru; Beijian Zhang; Casper J P Zhang; Hanyu Zhang; Julio Min Fei Zhang; Yunquan Zhang; Zhichang Zhang; Murat Zhanuzakov; Zhongyi Zhao; Ming-Hua Zheng; Anthony Zhong; Claire Chenwen Zhong; Hao Zhou; Jiayan Zhou; Xiao-Dong Zhou; Zhengyang Zhu; Abzal Zhumagaliuly; Osama A Zitoun; Ghazal Zoghi; Mohamed Ali Zoromba; Alimuddin Zumla; Ahed H Zyoud; Sa'ed H Zyoud; Shaher H Zyoud; Simon I Hay; Ali H Mokdad; Christopher J L Murray; Gregory A Roth,2026-Jul-29,,,,10.1001/jama.2026.8628,
42525392,Sleep Health and Obesity.,JAMA,Atul Malhotra; Avnee J Kumar; Omar A Mesarwi,2026-Jul-29,,,,10.1001/jama.2026.9551,
42522064,Cochleovestibular Function of Trans-Mastoid Occlusion for Superior Semicircular Canal Dehiscence.,The Laryngoscope,Omer J Ungar; Ross O'Shea; Fatemeh Hassannia; John A Rutka,2026-Jul-28,,,,10.1002/lary.70775,
42521987,Slow-Phase Nystagmus Velocity as a Risk Factor for Lateral Canal BPPV Recurrence.,The Laryngoscope,Chung Yoh Kim; Woo Jin Kim,2026-Jul-28,,,,10.1002/lary.70769,
42521565,"Corrigendum to ""Examination of whether intercapsular resection for cervical schwannoma is a total tumor resection technique that preserves nerve function"" [Auris Nasus Larynx 53 (2026), 275-279].","Auris, nasus, larynx",Tatsuya Kitajima; Yurie Otani; Risa Miyaji; Mio Takeuchi; Mayumi Honma; Yoshiko Yamochi; Toshikazu Shimane,2026-Jul-28,,,,10.1016/j.anl.2026.07.001,
42517281,Trends in Choking-Related Deaths After Introduction of the Heimlich Maneuver.,The Laryngoscope,Christian M Turner; Neeti Gandra; John D Cramer,2026-Jul-28,,,,10.1002/lary.70767,
42509074,Post-cholesteatoma Lemierre syndrome: An emergency not to be overlooked.,"European annals of otorhinolaryngology, head and neck diseases",F Micaletti; E Caillaud; D Bakhos,2026-Jul-27,,,,10.1016/j.anorl.2026.02.006,
42507466,Multidomain Intervention for Growth in Term Small-for-Gestational-Age Infants: Research Summary.,JAMA,,2026-Jul-27,,,e2612150,10.1001/jama.2026.12150,
42507429,Trends in Alcohol Consumption During Pregnancy in the US.,JAMA,Emilie Bruzelius; Gretchen Bandoli; Silvia S Martins,2026-Jul-27,,,,10.1001/jama.2026.11864,
42507426,Nurturing Care for Term Small-for-Gestational-Age Infants.,JAMA,Aisha K Yousafzai,2026-Jul-27,,,,10.1001/jama.2026.13846,
42507396,Restrictive vs Liberal Physical Restraint Use.,JAMA,Ambika Tejpal; Michael C Sklar,2026-Jul-27,,,,10.1001/jama.2026.10581,
42507395,Restrictive vs Liberal Physical Restraint Use-Reply.,JAMA,Romain Sonneville; Renaud Cornic; Lila Bouadma,2026-Jul-27,,,,10.1001/jama.2026.10587,
42507387,Multidomain Intervention for Growth in Term Small-for-Gestational-Age Infants: A Randomized Clinical Trial.,JAMA,Ranadip Chowdhury; Rukman Manapurath; Ravi Prakash Upadhyay; Ingvild Fossgard Sandøy; Saijuddin Shaikh; Harish Chellani; Abhinav Jain; Neeta Dhabhai; Savita Sapra; Afreen Khan; Tarun Shankar Choudhary; Kiran Bhatia; Jose Martines; Nita Bhandari; Tor A Strand; Sunita Taneja,2026-Jul-27,,,,10.1001/jama.2026.12117,
42507385,Restrictive vs Liberal Physical Restraint Use.,JAMA,Sihan Chen; Jiabao Liu; Yixuan Ma,2026-Jul-27,,,,10.1001/jama.2026.10584,
42507375,The iPatient Meets the iDoctor.,JAMA,David I Rosenthal; Abraham Verghese,2026-Jul-27,,,,10.1001/jama.2026.13582,
42503446,Cranial Vault and Scalp Reconstruction Utilizing Anterolateral Thigh Free Tissue Transfer.,The Laryngoscope,Conrad Blunck; Stephen P Hadford; Lacey Magee; Derek Vos; Dane J Genther; Sarah W Liu; Michael A Fritz; Peter J Ciolek,2026-Jul-26,,,,10.1002/lary.70726,
42503445,MEK Inhibitor Associated Airway Injury in an Infant With Noonan Syndrome: A Case Report.,The Laryngoscope,Veronica Drozdowski-Nuccio; Rachel D Yoon; Steven Tomasi; Dana M Thompson; Inbal Hazkani,2026-Jul-26,,,,10.1002/lary.70749,
42503437,Effect of Preferred Language on Rate of Postoperative Tonsillectomy Revisit.,The Laryngoscope,Chloe Marie Jones; Bailey Balouch; Krystal Hunter; Donald Solomon,2026-Jul-26,,,,10.1002/lary.70768,
42496997,FDA Approves Gene Therapy for Younger Children With Sickle Cell Disease.,JAMA,Samantha Anderer,2026-Jul-24,,,,10.1001/jama.2026.9488,
42496996,WHO Releases Global Status Report on Cancer.,JAMA,Samantha Anderer,2026-Jul-24,,,,10.1001/jama.2026.9490,
42496990,Flu Vaccine Remains Highly Effective Against Pediatric Mortality.,JAMA,Samantha Anderer,2026-Jul-24,,,,10.1001/jama.2026.9486,
42496988,"A Decade After the CDC's Opioid Prescribing Guidelines, Have Clinicians Struck the Right Balance?",JAMA,Samantha Anderer,2026-Jul-24,,,,10.1001/jama.2026.14333,
42496987,Wild West or Gold Rush: How Long-Neglected Menopause Care Has Spawned a Booming Marketplace.,JAMA,Kate Schweitzer,2026-Jul-24,,,,10.1001/jama.2026.13202,
42496984,US Death Rates Reach All-Time Low in 2025.,JAMA,Samantha Anderer,2026-Jul-24,,,,10.1001/jama.2026.9485,
42496982,"Metals Found in Tampons Within Margin of Safety, FDA Study Finds.",JAMA,Samantha Anderer,2026-Jul-24,,,,10.1001/jama.2026.9489,
42496971,GLP-1 Medications May Improve Health in People With PAD and Diabetes.,JAMA,Samantha Anderer,2026-Jul-24,,,,10.1001/jama.2026.9487,
42490118,Mechanisms Underlying an Enhanced Navigation-Based Intervention to Improve Timely Adjuvant Therapy: A Secondary Analysis of the NDURE Randomized Clinical Trial.,JAMA otolaryngology-- head & neck surgery,Maya N Elhage; Emily Kistner-Griffin; Reid DeMass; Bhisham S Chera; Katherine R Sterba; Chanita Hughes Halbert; Elizabeth G Hill; Brian Nussenbaum; Anthony J Alberg; Megan T Nguyen; Jason G Newman; W Greer Albergotti; Alexandra E Kejner; Judith M Skoner; Dauren Adilbay; Michael Bobian; Jennifer L Harper; John Kaczmar; Savannah A Zimmerman; Stacy Stewart; Taylor McLeod; Vlad C Sandulache; David J Hermandez; Ryan S Jackson; Sidharth V Puram; Russel Kahmke; Nosayaba Osazuwa-Peters; Gail Jackson; Garrett T Wasp; Sue S Yom; Evan M Graboyes,2026-Jul-23,,,,10.1001/jamaoto.2026.1891,
42490104,How Generative AI Should Transform Clinical Decision Support.,JAMA,Siru Liu; Josh F Peterson; Adam Wright,2026-Jul-23,,,,10.1001/jama.2026.13187,
42490103,My Tendon Will Tell Me When.,JAMA,Samir S Shah,2026-Jul-23,,,,10.1001/jama.2026.11940,
42490101,Street Risk of Carbon Monoxide Poisoning.,JAMA,,2026-Jul-23,,,,10.1001/jama.2025.16018,
42490090,Evolocumab to Reduce Cardiovascular Events in Patients With Diabetes Without Known Significant Atherosclerosis.,JAMA,Jian Huang,2026-Jul-23,,,,10.1001/jama.2026.10549,
42490087,Evolocumab to Reduce Cardiovascular Events in Patients With Diabetes Without Known Significant Atherosclerosis.,JAMA,Chester B Good; Steven Do; Samuel Peasah,2026-Jul-23,,,,10.1001/jama.2026.10552,
42490085,More Prompt Aid for Automobilists.,JAMA,,2026-Jul-23,,,,10.1001/jama.2026.9254,
42490082,Safe Sleep Video Intervention via Text Messaging to Low-Income Families: The SMARTER Randomized Clinical Trial.,JAMA,Rachel Y Moon; Eve R Colson; Fern R Hauck; Ann L Kellams; Margaret G Parker; Stephen M Kerr; Nicole L Geller; Katherine E Boguszewski; Scarlett L Bellamy; Marc T Kiviniemi; Michael J Corwin,2026-Jul-23,,,,10.1001/jama.2026.9119,
42490080,What Is Male Hypogonadism?,JAMA,Kristin L Walter,2026-Jul-23,,,,10.1001/jama.2026.11900,
42490076,Evolocumab to Reduce Cardiovascular Events in Patients With Diabetes Without Known Significant Atherosclerosis-Reply.,JAMA,Nicholas A Marston; Erin A Bohula; Marc S Sabatine,2026-Jul-23,,,,10.1001/jama.2026.10555,
42490074,Postoperative Oral Dexamethasone and Pediatric Tonsillectomy Morbidity: A Randomized Clinical Trial.,JAMA otolaryngology-- head & neck surgery,Amber D Shaffer; Mahmoud Omar; Raymond C Maguire; Joseph E Dohar; Amanda L Stapleton; Dennis J Kitsko; Allison B J Tobey; Reema Padia; Jeffrey P Simons; Rachel L Whelan; Noel Jabbour; Jennifer L McCoy; Marina V Rushchak; Khoa Nguyen; Denise M Hall-Burton; David H Chi,2026-Jul-23,,,,10.1001/jamaoto.2026.1910,
42489673,"Reply to: Comment on ""Female-Specific Risk of TAS2R Variants in Chronic Rhinosinusitis: A Hospital-Based Cohort Study From the Taiwan Precision Medicine Initiative"".",International forum of allergy & rhinology,Rong-San Jiang; Yi-Chen Chen,2026-Jul-23,,,,10.1002/alr.70225,
42486732,"Pseudohypacusis: Audiometric progression, psychological and speech therapy assessment. Toward multidisciplinary management? A cohort study.","European annals of otorhinolaryngology, head and neck diseases",P Petolat; P Reynard; R Hermann; G Lina-Granade,2026-Jul-22,,,,10.1016/j.anorl.2026.07.002,
42485161,Gastroparesis: A Review.,JAMA,Michael Camilleri,2026-Jul-22,,,,10.1001/jama.2026.12181,
42485053,Mechanical Thrombectomy in Ischemic Stroke With a Medium or Distal Arterial Occlusion: Research Summary.,JAMA,,2026-Jul-22,,,e269146,10.1001/jama.2026.9146,
42485034,Breast Density Masking and Precision Screening-Reply.,JAMA,Danielle B Holt,2026-Jul-22,,,,10.1001/jama.2026.9600,
42485029,Breast Density Masking and Precision Screening.,JAMA,Thomas Engels; Eliza Heppner; Ann Sheehy,2026-Jul-22,,,,10.1001/jama.2026.9597,
42485028,Ulcerative Colitis Management in Adults.,JAMA,Lauren P Loeb; Andrew M Davis; Jami A Kinnucan,2026-Jul-22,,,,10.1001/jama.2026.8803,
42485027,Why and How Should the Government Fund Biomedical Research?: A Healthy Dialogue With Jeremy Berg.,JAMA,Derek C Angus; Matthew B O'Connor,2026-Jul-22,,,e2612849,10.1001/jama.2026.12849,
42485024,Mechanical Thrombectomy in Ischemic Stroke With a Medium or Distal Arterial Occlusion: The DISCOUNT Randomized Clinical Trial.,JAMA,Frédéric Clarençon; Fouzi Bala; Amandine Baptiste; Marco Pasi; Gaultier Marnat; Igor Sibon; Benjamin Gory; Sébastien Richard; Raoul Pop; Valérie Wolff; Cédric Fauché; Matthias Lamy; Vincent Costalat; Caroline Arquizan; Christine Rodriguez-Régent; Guillaume Turc; Christophe Cognard; Louis Fontaine; Federico Di Maria; Bertrand Lapergue; Nicolas Bricout; Hilde Henon; Titien Tuilier; Aymeric Wittwer; Pierre Louis Alexandre; Solène De Gaalon; Laurent Spelle; Christian Denier; Emmanuel Chabert; Anna Ferrier; Aymeric Rouchaud; Francisco Macian-Montoro; Sébastien Soize; Solène Moulin; William Boisseau; Candice Sabben; Charlotte Barbier; Marion Boulanger; Omer Faruk Eker; Tae-Hee Cho; Jean-Christophe Gentric; Serge Timsit; Marc-Antoine Labeyrie; Peggy Reiner; Fernando Pico; Isabelle Durand-Zaleski; Sonia Alamowitch; Agnès Dechartres,2026-Jul-22,,,,10.1001/jama.2026.8977,
42482421,Does Creatine Improve Corticosteroid-Mediated Facial Nerve Healing in a Rat Model?,The Laryngoscope,Emre Apaydin; Sumeyra Doluoglu; Elif Dagli; Sevinc Bayrak; Ekrem Said Kankilic; Z Aybuke Gazeloglu; Hilal Nakkas; Ozge Konak; Aydin Acar; Emre Ocak; Belgin Can,2026-Jul-21,,,,10.1002/lary.70762,
42481257,"Endoscopic surgery: A narrative review of history, safety, and future perspectives, with lessons for transcanal endoscopic ear surgery (TEES).","Auris, nasus, larynx",Yu Matsumoto; Kunio Mizutari,2026-Jul-22,,,,10.1016/j.anl.2026.06.012,
42479794,Correlation of Local Nasal Biomarkers and Olfactory Dysfunction in Chronic Rhinosinusitis: A Systematic Review and Meta-Analysis.,International forum of allergy & rhinology,David Kayekjian; Neeti Gandra; Shaun A Nguyen; Shaina W Twardus; Rodney J Schlosser,2026-Jul-21,,,,10.1002/alr.70223,
42479478,What Is Cyclosporiasis?,JAMA,Kathleen A Linder; Preeti N Malani,2026-Jul-21,,,,10.1001/jama.2026.14866,
42478881,The Early Regenerative Events in the Human Tympanic Membrane After In Vivo Traumatization.,The Laryngoscope,Elnaz Sepehri; Cecilia Engmér Berglin; Yan Liu; Per Olof Eriksson; Magnus von Unge; Julia Arebro,2026-Jul-21,,,,10.1002/lary.70717,
42478532,Nasal endoscopic indocyanine green fluorescence imaging guided surgery for recurrent nasopharyngeal carcinoma.,Rhinology,T Liang; J Li; X Hu; Y He; X Li; Z Zhu; K He; H Zhang; C Yu,2026-Jul-21,,,,10.4193/Rhin25.558,
42477296,Is Surgery During Pregnancy Necessary for Well-Differentiated Thyroid Cancer?,The Laryngoscope,Grace Materne; Richard V Smith; Barbara A Dill,2026-Jul-20,,,,10.1002/lary.70735,
42476951,CT Assessment of Laryngotracheal Changes After Surgical and Percutaneous Tracheostomy.,The Laryngoscope,Sapir Pinhas; Noam Bartov; Meital Adi; Yael Shapira-Galitz; David Kiderman; Raviv Allon,2026-Jul-20,,,,10.1002/lary.70756,
42475109,Prevalence of LDL-C Above 2026 Dyslipidemia Guideline Goals Among US Adults.,JAMA,Shady Abohashem; Seth S Martin; Ibrahim Hassan; Samia Mora; Pam R Taub; Dinesh K Kalra,2026-Jul-20,,,,10.1001/jama.2026.10529,
42475090,New Dyslipidemia Guidelines Lower the Lipid Treatment Goals and Raise the Bar for Clinical Practice.,JAMA,Philip Greenland; Karen E Lasser,2026-Jul-20,,,,10.1001/jama.2026.11091,
42475087,Cardiovascular Risk Reclassification With the 2026 Dyslipidemia Guideline.,JAMA,Allison W Peng; Sohail Zahid; Sui Zhang; Anjali Bhatla; Seth S Martin; Roger S Blumenthal; Michael J Blaha,2026-Jul-20,,,,10.1001/jama.2026.11152,
42475084,Review of Diagnosis and Management of Resistant Hypertension.,JAMA,Stephen P Juraschek; Lara C Kovell; Timothy B Plante,2026-Jul-20,,,,10.1001/jama.2026.9409,
42475077,Review of Diagnosis and Management of Resistant Hypertension.,JAMA,Salvatore Corrao,2026-Jul-20,,,,10.1001/jama.2026.9403,
42475073,Review of Diagnosis and Management of Resistant Hypertension.,JAMA,Aozi Feng; Guoliang Chen; Daning Li,2026-Jul-20,,,,10.1001/jama.2026.9406,
42475072,Dyslipidemia Evaluation and Management.,JAMA,Anum Saeed; Andrew M Davis; Amber E Johnson,2026-Jul-20,,,,10.1001/jama.2026.11314,
42475062,Implications of the 2026 Dyslipidemia Guideline for Primary Prevention Statin Therapy.,JAMA,Timothy S Anderson; Linnea M Wilson; Jeremy B Sussman,2026-Jul-20,,,,10.1001/jama.2026.11246,
42475052,Review of Diagnosis and Management of Resistant Hypertension-Reply.,JAMA,Michel Azizi; Ajay K Kirtane,2026-Jul-20,,,,10.1001/jama.2026.9412,
42475028,Persistent Smell and Taste Disorders in the Post-COVID-19 Pandemic Era: A Cross-National Study of Prevalence and Quality of Life in the UK and the USA.,International forum of allergy & rhinology,Umar Rehman; Zi Jian Lau; Carl Philpott; Valerie J Lund; Nicholas Eynon-Lewis; Jens Peter Klussmann; R Peter Manes; Benjamin L Judson; Adam J Kimple; Wendell G Yarbrough; Jayakar V Nayak; Peter H Hwang; Zara M Patel; Matt Lechner,2026-Jul-20,,,,10.1002/alr.70226,
42475020,Assessing Surgical Extent Before Biologic Therapy for CRSwNP.,International forum of allergy & rhinology,Alison J Yu; Kristina A LaPointe; Kaitlyn Ann Roberts; Michelle Yu; James N Palmer; Alan D Workman; Jose L Mattos; Rodney J Schlosser; Zachary M Soler,2026-Jul-20,,,,10.1002/alr.70220,
42474927,"Comment on ""Female-Specific Risk of TAS2R Variants in Chronic Rhinosinusitis: A Hospital-Based Cohort Study From the Taiwan Precision Medicine Initiative"".",International forum of allergy & rhinology,RuPeng Qu; HuaWei Wang,2026-Jul-20,,,,10.1002/alr.70224,
42473733,Maxillomandibular Advancement Outcomes in Obstructive Sleep Apnea by Age and Gender.,The Laryngoscope,Matthew O Herbst; Lucas C Licaj; Ethan M Kallenberger; Shaun A Nguyen; Courtney Chou; Allen Huang; Emily A Brennan; Mohamed Abdelwahab,2026-Jul-20,,,,10.1002/lary.70748,
42473707,Laryngeal Nocardia: A Case Report.,The Laryngoscope,Olivia Singleton; Grant Owen; Emily Wright; Alexa Marie Robbins,2026-Jul-20,,,,10.1002/lary.70744,
42472667,Single-Port Robotic Postauricular Neck Dissection With Transoral Anastomosis for Oral Cancer.,The Laryngoscope,Shaofei Ma; Jialu He; Anand Gupta; Chang Cao; Ruochong Wang; Heyi Tang; Chunjie Li; Guiquan Zhu,2026-Jul-19,,,,10.1002/lary.70758,
42470510,Sex Steroid Hormones and Olfactory Dysfunction in US Adults.,American journal of rhinology & allergy,Chubo Xie; Pinning Feng; Zhiqing He; Shaobing Xiong; Miaofang Wu; Yunyun Liu; Yuewu Wang; Qianhui Qiu,2026-Jul-18,,,19458924261469381,10.1177/19458924261469381,
42470451,Predictors of Success and Long-Term Outcome in Endoscopic Dacryocystorhinostomy: Single-Center Study.,American journal of rhinology & allergy,Stephen Jacques Alzuphar; Kazumichi Yamamoto; Roland Giger; Jean-Jacques Tritten; Jean Paul Friedrich; Samuel Tschopp; Yves Jaquet,2026-Jul-18,,,19458924261469353,10.1177/19458924261469353,
42470432,Unintentional Weight Loss Does Not Predict Poor Outcomes in Zenker Diverticulum.,The Laryngoscope,Ari D Schuman; Jacqui Allen; Mekibib Altaye; Milan R Amin; Semirra L Bayan; Peter C Belafsky; Brad W DeSilva; Shumon I Dhar; Dale C Ekbom; Aaron D Friedman; Mark Fritz; Glendon M Gardner; Elizabeth A Guardiani; Christopher Johnson; Jan Kasperbauer; Brandon Kim; Brittany N Krekeler; Maggie A Kuhn; Yue Ma; Lyndsay L Madden; Laura Matrka; Ross M Mayerhoff; Cyrus Piraka; Apoorva Ramaswamy; Clark A Rosen; Haley C Sibley; Meredith Tabangin; Carter Wright; Z Mike Yang; Vyvy N Young; Gregory Postma; Rebecca J Howell,2026-Jul-18,,,,10.1002/lary.70734,
42470085,Taste Dysfunction and Bell's Palsy: A Scoping Review.,The Laryngoscope,Sherina R Thomas; Samuel L Oyer; Steven D Munger,2026-Jul-17,,,,10.1002/lary.70759,
42469051,The laryngofissure approach for near-infrared photoimmunotherapy in laryngeal cancer: A novel larynx-preservation strategy.,"Auris, nasus, larynx",Naoki Nishio; Mayu Shigeyama; Akihisa Wada; Seiya Goto; Sayaka Yokoi; Michihiko Sone,2026-Jul-17,,,,10.1016/j.anl.2026.07.002,
42467456,FDA Authorizes 20 Nicotine Pouches to Be Marketed With Modified Risk Claim.,JAMA,Samantha Anderer,2026-Jul-17,,,,10.1001/jama.2026.9478,
42467446,What to Know About the First CKM Syndrome Guidelines.,JAMA,Jennifer Abbasi,2026-Jul-17,,,,10.1001/jama.2026.12081,
42467445,Breast Cancer Recommendations Fuel Debate Over Who Should Write Screening Guidelines.,JAMA,Rita Rubin,2026-Jul-17,,,,10.1001/jama.2026.7095,
42467444,Global Cardiology Groups Issue New Universal Definition of Heart Failure.,JAMA,Samantha Anderer,2026-Jul-17,,,,10.1001/jama.2026.9477,
42467443,Goal-Focused Rehabilitation May Improve Cognitive Outcomes of Long COVID.,JAMA,Samantha Anderer,2026-Jul-17,,,,10.1001/jama.2026.9479,
42467441,"Healthy Dietary Patterns Linked to Lower Dementia Risk, Study Finds.",JAMA,Samantha Anderer,2026-Jul-17,,,,10.1001/jama.2026.9481,
42467428,FDA Approves Hypertriglyceridemia Drug That May Reduce Pancreatitis Risk.,JAMA,Samantha Anderer,2026-Jul-17,,,,10.1001/jama.2026.9480,
42467422,"ACIP's New Charter Shifts Focus and Structure, Concerns IDSA.",JAMA,Samantha Anderer,2026-Jul-17,,,,10.1001/jama.2026.9482,
42467066,Subepithelial ALOX15+ macrophage niches orchestrate eosinophil recruitment in chronic rhinosinusitis with nasal polyps via the ALOX15-ERK-CCL13 axis.,Rhinology,Y Cui; C Liu; K Wang; W Liu; W Wen; J Shi; Y Sun,2026-Jul-17,,,,10.4193/Rhin26.124,
42467018,Dupilumab in chronic rhinosinusitis without nasal polyps: randomized phase 2 trial (ORION).,Rhinology,S E Lee; A T Peters; P Gevaert; J K Han; C Bachert; F Moreira da Silva; A Rosenblüt; C C Hu; J Maloney; P Caferra; A Michalak; A P Fontenot; L B Robinson; N A Phadke; N A Phadke,2026-Jul-17,,,,10.4193/Rhin25.660,
42463429,In Response to Safety Profile of Nebulized Ciprofloxacin-Dexamethasone After Pediatric Airway Surgery.,The Laryngoscope,Abbey L Landini; Cyrus W Abrahamson; Maya Frost; David Spielberg; Inbal Hazkani; Dana M Thompson; Jonathan B Ida; Sarah Maurrasse; Taher Valika,2026-Jul-16,,,,10.1002/lary.70754,
42463360,"Corrigendum to ""Effects of spatial separation with better-ear listening on N1-P2 complex"" [Auris Nasus Larynx 48/6 (2021) 1067-1073].","Auris, nasus, larynx",Atılım Atılgan; Ayça Çiprut,2026-Jul-16,,,,10.1016/j.anl.2026.07.003,
42463359,Pediatric meningocele with cerebrospinal fluid drainage into the subcutaneous tissue of the external auditory canal.,"Auris, nasus, larynx",Takaki Akita; Masaya Matsuda; Kentaro Ichijo; Hajime Koyama; Kenji Kondo; Akinori Kashio,2026-Jul-16,,,,10.1016/j.anl.2026.06.008,
42463341,Vocal rehabilitation by voice prosthesis after total (pharyngo)laryngectomy: A STROBE study.,"European annals of otorhinolaryngology, head and neck diseases",A Pelissier; S Aho-Ludwig; M Folia; C Guigou,2026-Jul-16,,,,10.1016/j.anorl.2026.07.001,
42463294,In Reference to Safety Profile of Nebulized Ciprofloxacin-Dexamethasone After Pediatric Airway Surgery.,The Laryngoscope,Mikhail Kazachkov,2026-Jul-16,,,,10.1002/lary.70752,
42461843,Deep Learning Improves Sensitivity to Change in Sinus Computed Tomography: Evidence From Two Randomized Controlled Trials.,International forum of allergy & rhinology,James W MacKay; Lars H Nordenmark; Sofia Necander; David Cohen; Viktoria Werkström; Maria Jison; Rohit Sood; David Lynch; Stephen M Humphries,2026-Jul-16,,,,10.1002/alr.70218,
42461823,Parosmia Beyond Olfactory Loss: A Propensity Score-Matched Study of Central Sensitization-Associated Comorbidities.,International forum of allergy & rhinology,Elay Amidor; Nidal Muhanna; Avraham Abergel; Narin-Nard Carmel Neiderman; David Rosen; Gurston Nyquist; Emma Anisman; Udi Shapira; Hen Chaushu,2026-Jul-16,,,,10.1002/alr.70222,
42461662,Estimating Intervention Effects With Difference-in-Differences.,JAMA,Alyssa Bilinski; Shuo Feng; Laura A Hatfield,2026-Jul-16,,,,10.1001/jama.2026.12551,
42461654,Lead Exposure and the Coronary Heart Disease Epidemic.,JAMA,Jing Yuan; Xiangxiang Jiang; Z Kevin Lu,2026-Jul-16,,,,10.1001/jama.2026.9341,
42461651,Hypoglossal Nerve Stimulation and the Incidence of Cardiovascular Disease.,JAMA otolaryngology-- head & neck surgery,Neil Kondamuri; Max J Hyman; Yi Cai; Phillip S LoSavio; Ted A Skolarus,2026-Jul-16,,,,10.1001/jamaoto.2026.1777,
42461649,Causal Language for Studies Using Difference-in-Differences Analyses.,JAMA,Issa J Dahabreh; Roger J Lewis,2026-Jul-16,,,,10.1001/jama.2026.12553,
42461646,Consecratio Medici.,JAMA,,2026-Jul-16,,,,10.1001/jama.2025.16010,
42461644,Would Anyone Notice?,JAMA,Jenna Taglienti,2026-Jul-16,,,,10.1001/jama.2026.10977,
42461643,Hip Fractures: A Review.,JAMA,Fjola Johannesdottir; Jimmie E Roberts; Douglas P Kiel; Joy N Tsai,2026-Jul-16,,,,10.1001/jama.2026.11895,
42461641,Patient Perceptions of Telehealth Use in Head and Neck Cancer Surveillance.,JAMA otolaryngology-- head & neck surgery,Harleen K Sethi; Nina Diamond; Wassim Najjar; Samuel R Shing; Alexzandra T Gentsch; Nathan R Handley; Adam F Binder; Richard W Hass; Kristin L Rising; Christopher E Fundakowski; Leila J Mady,2026-Jul-16,,,,10.1001/jamaoto.2026.1784,
42461640,Spontaneous Cerebrospinal Fluid Leak as the Initial Presentation of Sinonasal Glomangiopericytoma.,JAMA otolaryngology-- head & neck surgery,Charo Béjar-Puerta; Miguel Lucas Herrera; Mª Elena Argente Del Castillo; Salvadora Martínez Vidal; Antonio Jesús Sánchez Guirao,2026-Jul-16,,,,10.1001/jamaoto.2026.1846,
42461639,Lead Exposure and the Coronary Heart Disease Epidemic-Reply.,JAMA,Bruce P Lanphear,2026-Jul-16,,,,10.1001/jama.2026.9344,
42461623,What Is Prepregnancy Care and Counseling?,JAMA,Kristin L Walter,2026-Jul-16,,,,10.1001/jama.2026.11808,
42461243,Diagnostic Delay of Unilateral Facial Paralysis Caused by Occult Malignancy: A Scoping Review.,The Laryngoscope,Kai C Kokesh; Gabrielle Cahill; Irene Kim; Babak Azizzadeh; G Nina Lu,2026-Jul-16,,,,10.1002/lary.70757,
42461216,Choanal Atresia Repair Using Mucoperiosteal Flaps Without Stenting: 10-Year Experience.,The Laryngoscope,Saartje Uyttebroek; Laura Abella Bartrolí; Maurizio Levorato; Johan Leon; Martí Adroher Muñoz; Ariadna Valldeperes Vilanova; Antonio Veneri; Oliver Haag; Cristobal Langdon,2026-Jul-16,,,,10.1002/lary.70751,
42458842,Effect of Notch1 on Vocal Fold Re-Epithelization After Acute Injury.,The Laryngoscope,Jie Cai; Susan L Thibeault; Vlasta Lungova,2026-Jul-15,,,,10.1002/lary.70760,
42457570,Effects of Intubation Duration on Trachea: A Histopathological Study.,The Laryngoscope,Osman Kilic; Serdal Celik; Cemal Gundogdu; Berina Slipcevic; Ayse Yasemin Gunduz; Hamdi Sirac Gundogdu; M Tayyar Kalcioglu,2026-Jul-15,,,,10.1002/lary.70753,
42457563,The Musculoskeletal Consequences of Mouth Breathing in Adults: A Systematic Review.,The Laryngoscope,Raewyn G Campbell; Joshua R Zadro; Nicholas J Campion; Cliffton L Chan; Martin G Mackey; Gabriel Osie; Lu Hui Png; Richard G Douglas; Katlego Mosito; Erin K Reilly; Cedric Thiel; Robert C Kern; Timothy L Smith; Evangelos Pappas,2026-Jul-15,,,,10.1002/lary.70755,
42455594,Erosion of Professional Medical Standards by the Supreme Court.,JAMA,Nicole Huberfeld; Claudia E Haupt,2026-Jul-15,,,,10.1001/jama.2026.12865,
42455548,Tumor Debulking Plus Chemotherapy in Multiorgan Metastatic Colorectal Cancer-Reply.,JAMA,Anviti A Adhin; Cornelis Verhoef; Henk M W Verheul,2026-Jul-15,,,,10.1001/jama.2026.8955,
42455538,Tumor Debulking Plus Chemotherapy in Multiorgan Metastatic Colorectal Cancer.,JAMA,René Adam; Takashi Matsumoto; Marc Antoine Allard,2026-Jul-15,,,,10.1001/jama.2026.8952,
42455535,Human Papillomavirus Screening and Self-Collected Vaginal Samples.,JAMA,Brianna Lambert; Jason T Alexander,2026-Jul-15,,,,10.1001/jama.2026.8791,
42455531,Savings Under Most-Favored-Nation Pricing for Prescription Drugs in Medicaid.,JAMA,Thomas J Hwang; Lisa Clemans-Cope; Aaron S Kesselheim,2026-Jul-15,,,,10.1001/jama.2026.9973,
42455527,Tumor Debulking Plus Chemotherapy in Multiorgan Metastatic Colorectal Cancer.,JAMA,Tom Treasure; Fergus Macbeth,2026-Jul-15,,,,10.1001/jama.2026.8949,
42454566,"In Response to ""Endoscopic-Assisted Transcervical Excision of Second Branchial Cleft Anomalies in Young Children"".",The Laryngoscope,Thinh Kieu; Hosam H Alkhatib; Shaunak Amin; Sheng Zhou; Kaalan Johnson,2026-Jul-15,,,,10.1002/lary.70746,
42454522,"In Reference to ""Endoscopic-Assisted Transcervical Excision of Second Branchial Cleft Anomalies in Young Children"".",The Laryngoscope,Mirza Ayesha Baig; Humna Minhas,2026-Jul-15,,,,10.1002/lary.70745,
42449502,Predicting Risk of Cognitive Impairment With Alzheimer Disease Blood Biomarkers.,JAMA,Suzanne E Schindler; David A Wolk,2026-Jul-14,,,,10.1001/jama.2026.13322,
42449500,Prognostic Value of Blood-Based P-Tau217 Levels for Progression to Cognitive Impairment.,JAMA,Rachel F Buckley; Diana L Townsend; Colin J Birkenbihl; Madison Cuppels; Gillian T Coughlan; Mabel T Seto; Jane A Brown; Michael J Properzi; Merle C Hönig; Annie Li; Aaron P Schultz; Jasmeer Chhatwal; Hyun-Sik Yang; Steven Arnold; Pia Kivisäkk; Bryan D James; Sid O'Bryant; Robert A Rissman; Melissa Petersen; Jessica Z K Caldwell; Tobey Betthauser; Julie Elisabeth Oomens; Maria Carrigan; Brian Healy; Jorge Garcia Condado; Sterling C Johnson; Wai-Ying Wendy Yau; Oliver Langford; Michelle Farrell; Rebecca E Amariglio; Dorene M Rentz; Kathryn V Papp; Ron Brookmeyer; Timothy J Hohman; Michael Donohue; Paul S Aisen; Keith A Johnson; Reisa A Sperling,2026-Jul-14,,,,10.1001/jama.2026.12556,
42447602,Airway obstruction as curable oncologic emergency in treatment-naïve head and neck cancer patients.,"Auris, nasus, larynx",Hideoki Uryu; Ryosuke Kuga; Ryutaro Uchi; Torahiko Nakashima,2026-Jul-14,53,4,657-662,10.1016/j.anl.2026.06.004,
42446525,Upper airway disease in Jeju Haenyeo: the aging and resilience cohort (JH-ARC) study.,Rhinology,S W Chang; M Kang; J Lee; M J Suh; J H Kim; E Park; S Ji; E Lee; C Yang; A Ha; J K Rhim; J Cho; J D Joo,2026-Jul-14,,,,10.4193/Rhin26.196,
42446510,Nasal biopsy in ANCA-associated vasculitis: a game changer or a false friend?,Rhinology,L Gazzini; I Girolami; S Niederbacher; L Calabrese; M Bond,2026-Jul-14,,,,10.4193/Rhin26.217,
42443056,Outcomes of Recurrent Laryngeal Nerve Reinnervation for Pediatric Unilateral Vocal Fold Paralysis.,The Laryngoscope,Theodore A Gobillot; Linda M Carroll; Karen B Zur,2026-Jul-13,,,,10.1002/lary.70750,
42442981,Post-extubation dysphagia in intensive care: The role of the otorhinolaryngologist.,"European annals of otorhinolaryngology, head and neck diseases",A-L Potier; T Vanderhaegen; F Mouawad,2026-Jul-13,,,,10.1016/j.anorl.2026.06.002,
42442268,Titanium bridge wing fracture after type II thyroplasty for adductor spasmodic dysphonia: No adverse effect on long-term vocal function.,"Auris, nasus, larynx",Marin Yoshida; Kazuhiro Nakamura; Kana Suzuki; Yasunori Maeda; Reona Yoshida; Hisashi Hasegawa; Takeshi Oshima,2026-Jul-13,53,4,652-656,10.1016/j.anl.2026.05.008,
42442267,Macroscopic and radiologic classification of hypopharyngeal squamous cell carcinoma.,"Auris, nasus, larynx",Ryosuke Kuga; Hideoki Uryu; Torahiko Nakashima,2026-Jul-13,53,4,646-651,10.1016/j.anl.2026.04.007,
42442266,Sleep disturbance mediates the impact of pediatric allergic rhinitis on caregiver burden: A large-scale structural analysis.,"Auris, nasus, larynx",Yukiyoshi Hyo; Hironori Miyake; Ayaka Yokoyama; Yujiro Fukuda; Eiichiro Kanda; Shin Kariya; Hirotaka Hara,2026-Jul-13,53,4,639-645,10.1016/j.anl.2026.05.013,
42441398,Ceperognastat in Alzheimer Disease: Lessons From a Negative Clinical Trial.,JAMA,Gil D Rabinovici; Joshua D Grill,2026-Jul-13,,,,10.1001/jama.2026.12323,
42441396,Ceperognastat in Early Symptomatic Alzheimer Disease: A Randomized Clinical Trial.,JAMA,Adam S Fleisher; Leanne Munsie; Michele Mancini; Yun-Ju Cheng; Jiaying Guo; Hugh Nuthall; Diana Svaldi Otero; Vikas Kotari; William Kielbasa; Michael Hutton; Miroslaw Brys; Dustin J Mergott; Mark Mintun; Oskar Hansson,2026-Jul-13,,,,10.1001/jama.2026.12768,
42441393,Threshold in Focus-Defining Amyloid Positivity on the Centiloid Scale.,JAMA,Ilya M Nasrallah; Christopher A Brown,2026-Jul-13,,,,10.1001/jama.2026.12565,
42441390,Amyloid PET Quantitation and Centiloid Thresholds in the Diagnosis of Alzheimer Disease: An Individual Participant Data Meta-Analysis.,JAMA,Ganna Blazhenets; David N Soleimani-Meigooni; Konstantinos Chiotis; Isabel E Allen; Gil D Rabinovici; Renaud La Joie; Liana G Apostolova; Breton M Asken; Alexandre Bejanin; Tammie L S Benzinger; Tobey J Betthauser; Marina Bluma; Stephanie Bombois; Pierrick Bourgeat; Vincent Bouteloup; Meredith N Braskie; Matthias Brendel; Adam M Brickman; Natalie Bryant; Santiago Bullich; Maria C Carrillo; Kaitlin Casaletto; David M Cash; Chiung-Chih Chang; Hsin-I Chang; Yishu Chao; Genevieve Chêne; Gaël Chételat; William Coath; Lyduine E Collij; Lise Colmant; Maria M Corrada; Suzanne Craft; Bradford C Dickerson; Bruno Dubois; Carole Dufouil; Alfonso Fajardo; Gill Farrar; Juan Fortea; Lars Frings; Giovanni B Frisoni; Raquel C Gardner; Valentina Garibotto; Johannes S Gnörich; Brian A Gordon; Yuna Gu; Yihui Guan; Tengfei Guo; Bernard J Hanseeuw; Oskar Hansson; Theresa M Harrison; Qi Huang; Shu-Hua Huang; Leonardo Iaccarino; Kazunari Ishii; Kenji Ishi; William J Jagust; Sterling C Johnson; Takashi Kato; Yuta Katsumi; Jeffrey Kaye; Robert A Koeppe; Guilherme D Kolinger; Joel H Kramer; Susan M Landau; Brigitte Landeau; Patrick J Lao; Sangwon Lee; Alberto Lleó; Brian J Lopresti; Val J Lowe; Jose A Luchsinger; Maura Malpetti; Xiaoxie Mao; Andrew March; Colin L Masters; Philipp T Meyer; Florence Mezenge; Elizabeth C Mormino; Maria Franquesa-Mullerat; Akinori Nakamura; Agneta Nordberg; John T O'Brien; Sid E O'Bryant; Ioannis Pappas; Debora E Peretti; Lisa Quenon; Christopher C Rowe; James B Rowe; Marc D Rudolph; Gemma Salvadó; Jonathan M Schott; Daniel L Schwartz; Christopher G Schwarz; Sang Won Seo; Mahnaz Shekari; Lisa C Silbert; Ruben Smith; Heather M Snyder; Andrzej Sokolowski; Reisa A Sperling; Pan Sun; Jacinda Z Taggett; Arthur W Toga; Alexandra Touroutoglou; David E Vaillancourt; Elsmarieke van de Giessen; Jort Vijverberg; Prashanthi Vemuri; Nicolas Villain; Victor L Villemagne; Sylvia Villeneuve; Wei-En Wang; Michael Weiner; Davis Woodworth; Cally Xiao; Fang Xie; Yeojun Yoon; Christina B Young; Mijin Yun,2026-Jul-13,,,,10.1001/jama.2026.13116,
42441387,Ceperognastat in Early Symptomatic Alzheimer Disease: Research Summary.,JAMA,,2026-Jul-13,,,e2612911,10.1001/jama.2026.12911,
42440329,Radiation Dose in Coronary Artery Disease Diagnostic Imaging-Reply.,JAMA,Andrew J Einstein; Diana Paez,2026-Jul-13,,,,10.1001/jama.2026.8929,
42440310,Radiation Dose in Coronary Artery Disease Diagnostic Imaging.,JAMA,Shenglong Li; Runze Jiang,2026-Jul-13,,,,10.1001/jama.2026.8926,
42440307,Cutting Medicaid for Children-A Bet Against the Future.,JAMA,Andrew D Racine; Jonathan H Gruber,2026-Jul-13,,,,10.1001/jama.2026.12868,
42439582,Vocal Outcomes After Cell-Based Outer Vocal Fold Implant in Porcine Bilateral Vocal Fold Resection.,The Laryngoscope,Keer Zhang; Georgia Crane; Mateo Ruiz Alvarez; Alexandra Klomhaus; Yazeed Alhiyari; Bhavani Gowda; Michael Döllinger; Jennifer Long,2026-Jul-13,,,,10.1002/lary.70738,
42439301,Revision Medialization Thyroplasty for Glottic Insufficiency Amid Rapid Weight Loss on Semaglutide.,The Laryngoscope,Katherine Xu; Rachel Weitzman; Michelle Yu; Babak Sadoughi,2026-Jul-13,,,,10.1002/lary.70732,
42439219,Chronic Rhinosinusitis and Nasal Polyps in Eosinophilic Granulomatosis With Polyangiitis: A Scoping Review.,International forum of allergy & rhinology,Alisha Sharma; Alyssa Y Li; Teruko Kishibe; Dennis Wong; Kevin M Sanders; Maggie Jiang; Heedo Lee; Christine Song; Kieran Mcintyre; Christian Pagnoux; Yvonne Chan; John M Lee; Daniel J Lee,2026-Jul-13,,,,10.1002/alr.70217,
42439197,Angular Variations of the Lateral Nasal Wall as Independent Predictors of Primary Acquired Nasolacrimal Duct Obstruction: A Computed Tomography Study.,American journal of rhinology & allergy,Oğuzhan Dikici; Ismail Alkan; Osman Durgut; Fevzi Solmaz; Malik Afifoğlu,2026-Jul-13,,,19458924261469364,10.1177/19458924261469364,
42439048,Compensatory Inferior Turbinate RFA and Lateralization in Septorhinoplasty: A Randomized Study.,The Laryngoscope,Zülküf Küçüktağ; Aykut Özdoğan; Gökçe Saygı Uysal; Esma Altan,2026-Jul-13,,,,10.1002/lary.70728,
42437499,Clinicopathologic Evaluation of Amyloid Clearance in Alzheimer Disease.,JAMA,Christopher A Brown; John L Robinson; Sandhitsu R Das; Emily McGrew; EunRan Suh; Viviana M Van Deerlin; David J Irwin; Ilya M Nasrallah; Dawn Mechanic-Hamilton; Paul A Yushkevich; David A Wolk; Edward B Lee,2026-Jul-12,,,,10.1001/jama.2026.13058,
42437447,Phenotypic and Polysomnographic Features of Children With Very Severe and Extreme OSA.,The Laryngoscope,Dhillon R Advano; Seckin O Ulualp; Anna Wani; Daniel Rongo; Romaine F Johnson; Ron B Mitchell,2026-Jul-12,,,,10.1002/lary.70727,
42437408,Chemoradiation (CCRT) Effects on Head and Neck Muscles: Insights Into CCRT-Induced Dysphagia.,The Laryngoscope,Milan R Amin; Marilla Gould; Elizabeth Severa; Adam Kravietz; Stratos Achlatis; Naomi Tesema; K Arielle Best; David Garber; David Strum; Jackie Yang; Aaron M Johnson,2026-Jul-12,,,,10.1002/lary.70722,
42437324,YEARS Algorithm for Diagnosis of Suspected Pulmonary Embolism in Patients With Cancer: Research Summary.,JAMA,,2026-Jul-12,,,e2610855,10.1001/jama.2026.10855,
42437323,Ruling Out PE in Cancer-Can YEARS Reduce CT Imaging?,JAMA,Henry B Han; Joshua A Beckman,2026-Jul-12,,,,10.1001/jama.2026.12480,
42437322,YEARS Algorithm for Diagnosis of Suspected Pulmonary Embolism in Patients With Cancer: A Randomized Clinical Trial.,JAMA,Bram Akerboom; Emily S L Martens; Milou A M Stals; Rolf E Brouwer; Michiel Coppens; Giorgio Costantino; Francis Couturaud; Yordi P A van Dooren; René van der Griend; Olivier Hugli; David Jiménez; Pieter W Kamphuisen; Ouiam El Kharbouchi; Lucia J M Kroft; Jenneke Leentjens; Martje L Maas; Thijs E van Mens; Isabelle Mahé; Oene A van Meer; Mattijs Out; Roberto Pola; Jo Raskin; Marc Righini; Reinier A Sprenger; Fleur H J Kaptein; Rosa Talerico; Tobias Tritschler; Marije Ten Wolde; Frederikus A Klok; Menno V Huisman,2026-Jul-12,,,,10.1001/jama.2026.10676,
42434913,Abnormal Expression of has-miR-664b-5p in Allergic Rhinitis and Its Possible Impact on the Progression of the Disease.,American journal of rhinology & allergy,Juanjuan Feng; Rui Da; Yongming Yu; Yuyong Huang; Guangming Lou; Junchun Wu; Rui Li,2026-Jul-11,,,19458924261457978,10.1177/19458924261457978,
42431178,Peripheral blood eosinophils as an adjunctive biomarker for eosinophilic otitis media: Supporting the validity of current diagnostic criteria.,"Auris, nasus, larynx",Yukiko Iino; Saori Kikuchi; Yasushi Ota; Sachiko Tomioka-Matsutani; Atsushi Matsubara; Takashi Nakagawa; Manabu Nonaka,2026-Jul-09,53,4,633-638,10.1016/j.anl.2026.06.013,
42430183,FDA Approves First Generic Single-Dose Flu Treatment.,JAMA,Samantha Anderer,2026-Jul-10,,,,10.1001/jama.2026.9476,
42430176,"US Youth Tobacco Use Declines, but Flavored Products Remain Popular.",JAMA,Samantha Anderer,2026-Jul-10,,,,10.1001/jama.2026.9472,
42430154,"Sugary Drink Consumption May Raise Hypertension Risk, Starting in Childhood.",JAMA,Samantha Anderer,2026-Jul-10,,,,10.1001/jama.2026.9475,
42430153,Testosterone Therapy: Does New Evidence Warrant Broader Prescribing?,JAMA,Kate Schweitzer,2026-Jul-10,,,,10.1001/jama.2026.13149,
42430152,FDA Approves First Oral Carbapenem for Complicated UTIs.,JAMA,Samantha Anderer,2026-Jul-10,,,,10.1001/jama.2026.9474,
42430145,Approval of Respiratory Biologics Linked to Decline in Asthma Exacerbations.,JAMA,Samantha Anderer,2026-Jul-10,,,,10.1001/jama.2026.9473,
42430144,"Acetaminophen Use During Pregnancy Is Unlikely to Cause Autism or ADHD, New Study Reaffirms.",JAMA,Samantha Anderer,2026-Jul-10,,,,10.1001/jama.2026.13150,
42430142,GLP-1 Drugs Associated With Smell and Taste Disruptions.,JAMA,Samantha Anderer,2026-Jul-10,,,,10.1001/jama.2026.9471,
42425765,Increased Pediatric Head and Neck Abscesses Following the COVID-19 Pandemic.,The Laryngoscope,Marco DiBlasi; Ryan C Higgins; Nicole Welch; Dwight Jones; Arthur J Chang,2026-Jul-09,,,,10.1002/lary.70742,
42424077,Hypoglossal Nerve Stimulation.,JAMA otolaryngology-- head & neck surgery,Armita Norouzi; Megan L Durr,2026-Jul-09,,,,10.1001/jamaoto.2026.1774,
42424076,Alzheimer Disease Biomarkers and Assisted Dying: When Diagnosis Becomes a Deadline.,JAMA,Stanley Lyndon; Lauren M Behlke; Juan Carlos Urizar; Kirk R Daffner,2026-Jul-09,,,,10.1001/jama.2026.11317,
42424075,Review of Obesity and Cancer.,JAMA,Zi-Li Huang; Wen-Tao Song; Xiu-Yan Huang,2026-Jul-09,,,,10.1001/jama.2026.8614,
42424070,"Uncoded Tracheostomy Care-Impacting Care, Quality, and Research?",JAMA otolaryngology-- head & neck surgery,Philip A Weissbrod; Joshua R Bedwell; David O Francis,2026-Jul-09,,,,10.1001/jamaoto.2026.1769,
42424067,When Illness Stories Lose Their Momentum.,JAMA,Terry E Hill,2026-Jul-09,,,,10.1001/jama.2026.10787,
42424066,Dried Blood Spot Testing in Confirmed Congenital Cytomegalovirus Discovered by Expanded Targeted Testing.,JAMA otolaryngology-- head & neck surgery,Peter Kfoury; Megna Reddy; Mark Blackstad; Stephanie Browning McVicar; Max Sidesinger; Jacinda Merrill; Mack Tempero; Mark R Schleiss; Albert H Park,2026-Jul-09,,,,10.1001/jamaoto.2026.1767,
42424064,Review of Obesity and Cancer-Reply.,JAMA,Sherry Shen; Neil M Iyengar,2026-Jul-09,,,,10.1001/jama.2026.8617,
42424052,A Chapter in the History of the Nervous System.,JAMA,,2026-Jul-09,,,,10.1001/jama.2025.16002,
42424046,Formulary-Related Insurance Denials of Single-Source Branded Drugs in the United States.,JAMA,Joseph F Levy; G Caleb Alexander; Boris Vabson; Benedic N Ippolito,2026-Jul-09,,,,10.1001/jama.2026.8702,
42424043,Olfactory Impairment and Depression: A Systematic Review and Meta-Analysis.,JAMA otolaryngology-- head & neck surgery,Henry Bode; Linnea Sjöberg; Ingrid Ekström,2026-Jul-09,,,,10.1001/jamaoto.2026.1758,
42423283,Design and Development of Novel Airway Device for Transoral Respiratory Monitoring During Sedation.,The Laryngoscope,Samuel L Oyer; Noah Thornton; Michael Epps; Kareem Hassan; William Sande; Shreya Mandava; Matthew Thames; Claudia Gutierrez,2026-Jul-09,,,,10.1002/lary.70739,
42423253,"Laryngeal Cryotherapy for Neurogenic Cough: Safety, Feasibility, and Prospective Outcomes.",The Laryngoscope,Shumon I Dhar; Eric Allen; Yun-Lun Liu; Alexandra D D'Oto; Rishi Suresh; Adrianna Shembel; Ted Mau,2026-Jul-09,,,,10.1002/lary.70723,
42422976,Early Versus Late Recurrence in Olfactory Neuroblastoma: A Multi-Institutional Analysis of Predictive Risk Factors.,International forum of allergy & rhinology,Alexandria Harris; Anthony Tang; Nicholas Fung; Joao Paulo Almeida; Pierre-Olivier Champagne; Juan Fernandez-Miranda; Paul A Gardner; Peter Hwang; Aristotelis Kalyvas; Chirag Patel; Zara M Patel; Maria Peris Celda; Carlos D Pinheiro-Neto; Olabisi Sanusi; Carl H Snyderman; Brian D Thorp; Jamie J Van Gompel; Georgios Zenonos; Nathan T Zwagerman; Diana Bell; Edward C Kuan; Eric W Wang; Mathew Geltzeiler; Garret Choby,2026-Jul-09,,,,10.1002/alr.70216,
42422914,The Utilization of the Completeness of Surgery Index in Revision Endoscopic Sinus Surgery Patients on Biologic Therapy for CRSwNP.,International forum of allergy & rhinology,Isha Thapar; Margaret B Mitchell; Saawan D Patel; Vidit Talati; Jennifer E Douglas; Michael A Kohanski; Eric H Holbrook; Stacey T Gray; Benjamin S Bleier; Nithin D Adappa; James N Palmer; Alan D Workman,2026-Jul-09,,,,10.1002/alr.70219,
42420806,Comparative Risk Profiles in the Surgical Management of Pediatric Sialorrhea.,The Laryngoscope,Maya Sela; Joshua R Bedwell; Elton M Lambert,2026-Jul-08,,,,10.1002/lary.70730,
42420215,Micronutrient Depletion and Protein-Energy Malnutrition in Head and Neck Reconstructive Surgery.,The Laryngoscope,Dong Tony Cheng; Shane McAuliffe; Nazy Zarshenas; Sydney Ch'ng; Carsten Palme; Leba Sarkis; Tsu-Hui Hubert Low; James Wykes; Stephanie McInnes; Masako Dunn; Jonathan Clark; Merran Findlay; Timothy Manzie,2026-Jul-08,,,,10.1002/lary.70737,
42420204,Does Psychological Dysfunction Impact 5-Year Quality of Life Outcomes After Endoscopic Sinus Surgery?,The Laryngoscope,Allen S Zhou; Maryann Zhao; Jack Y Ghannam; Stacey T Gray; Ralph Metson; Jennifer J Shin,2026-Jul-08,,,,10.1002/lary.70741,
42420203,Hyperacute Progression of Sinonasal NUT Carcinoma After Pembrolizumab-Based Treatment: A Case Report.,The Laryngoscope,Zhuomiao Ye; Dan Yang; Fei Xie; Minghui Zhang; Cailiang Gao; Yunjin Xie; Xin Li; Mingzhu Yin,2026-Jul-08,,,,10.1002/lary.70733,
42420191,Intervention Outcomes for Meniere's Disease: An Umbrella Review.,The Laryngoscope,Warren B Chun; Shaun A Nguyen; John F Mills; Kaiwen Chen; Neil P Monaghan; Emily A Brennan; Jacqueline P Nguyen; Ted A Meyer,2026-Jul-08,,,,10.1002/lary.70736,
42420058,White-list and university hospital careers in France: A complementary user guide.,"European annals of otorhinolaryngology, head and neck diseases",E Lescanne,2026-Jul-08,,,,10.1016/j.anorl.2026.05.002,
42419031,The alternative needle handling technique in endoscopic surgery.,"Auris, nasus, larynx",Tomotaka Hemmi; Kazuhiro Nomura; Ryosuke Ito; Rei Mashiko; Teppei Takeda; Kazuhiro Omura,2026-Jul-08,53,4,629-632,10.1016/j.anl.2026.06.011,
42419030,Evaluation of quality of life in Danish patients with Hereditary Haemorrhagic Telangiectasia and validation of Epistaxis Severity Score.,"Auris, nasus, larynx",Tine Lorentzen; Armin A Jafari; Tine Rosenberg; Mikkel S Kofoed; Anette D Kjeldsen,2026-Jul-08,53,4,623-628,10.1016/j.anl.2026.06.009,
42418209,Deaths Caused by Law Enforcement in the US.,JAMA,Caroline Raymond-King; Molly M Jeffery; Sirry Alang; Edward R Melnick,2026-Jul-08,,,,10.1001/jama.2026.9981,
42418208,Hepatitis B.,JAMA,Kristin L Walter,2026-Jul-08,,,,10.1001/jama.2026.10784,
42418196,Lung Transplant for Refractory Lung-Limited Stage IV Non-Small Cell Lung Cancer.,JAMA,Ankit Bharat; Chitaru Kurihara; Liam Il-Young Chung; Ruli Gao; Samuel Kim; Kalvin Lung; Catherine Myers; Mrinalini Venkata Subramani; Momen Wahidi; Mohamed E Abazeed; Brooke Sanson; Ronald Min; Tarik Demir; Sang Hwa Kim; Chan Mi Jung; Yuchan Kim; Ambalavanan Arunachalam; Masha Kocherginsky; G R Scott Budinger; Young Kwang Chae,2026-Jul-08,,,,10.1001/jama.2026.8717,
42418185,Rates of Precipitated Withdrawal in a Trial of ED-Initiated Buprenorphine for Opioid Use Disorder-Reply.,JAMA,Gail D'Onofrio; Andrew A Herring; David A Fellin,2026-Jul-08,,,,10.1001/jama.2026.8565,
42418180,New Lungs for Lung Cancer-Perils and Promises.,JAMA,Ece Cali Daylan; Ramaswamy Govindan,2026-Jul-08,,,,10.1001/jama.2026.11478,
42418166,Rates of Precipitated Withdrawal in a Trial of ED-Initiated Buprenorphine for Opioid Use Disorder.,JAMA,Daniel G Morris; Zoe Adams,2026-Jul-08,,,,10.1001/jama.2026.8562,
42417550,Superior Labial Artery Flap for Septal Perforation Repair: The Boxer's Flap.,The Laryngoscope,Nicholas J Campion; Zhanna Mokoyan; Viktoriya Stepanova; Isam Alobid; Richard J Harvey; Yury Rusetsky,2026-Jul-08,,,,10.1002/lary.70690,
42417196,3 French Suction Technique for Alignment of the OSIA Bone Conduction Hearing Implant: How I Do It.,The Laryngoscope,Nanki Hura; Kathryn Deeds; David H Chi,2026-Jul-08,,,,10.1002/lary.70686,
42413465,Comparison of liquid swallowing kinematics during tablet swallowing with liquid and liquid-only swallowing in patients with dysphagia: A pilot study.,"Auris, nasus, larynx",Kazuya Hara; Kenjiro Kunieda; Keishi Okamoto; Tomohisa Ohno; Takashi Shigematsu; Ichiro Fujishima,2026-Jul-07,53,4,617-622,10.1016/j.anl.2026.06.014,
42411871,Orticochea Flap for Reconstruction of Large Scalp Defects: Outcomes and Technique.,The Laryngoscope,Ethan Lewis; Andrew M Peterson; Sarah N Chiang; Jason T Rich,2026-Jul-07,,,,10.1002/lary.70715,
42411449,Rising Pediatric Button Battery Injuries Despite Safety Efforts: An Analysis of National Injury Data.,The Laryngoscope,Henry Diamond-Pott; Diana S Shaari; Larissa Iraj; Sara O'Sullivan-Bakshi; Aldo Londino; Stephanie J Wong; Benjamin M Laitman,2026-Jul-07,,,,10.1002/lary.70731,
42411335,Pharmacological silencing of nasal TRPV1+ nociceptors ameliorates eosinophilic infiltration but exacerbates neutrophilic infiltration in murine models of allergic rhinitis.,Rhinology,F Ye; Y Tao; J Chen; R Wang; Y Li; Z Shi; Q Yang,2026-Jul-07,,,,10.4193/Rhin25.667,
42411021,Systemic Corticosteroids in the Management of Sinonasal Disease: An Evidence-Based Expert Review.,International forum of allergy & rhinology,Andrew Thamboo; Deanna Gigliotti; Eugenio De Corso; Stella Lee; Benjamin S Bleier; Christopher J Chin; Marie-Noelle Corriveau; Valerie Hox; Claire Hopkins; Peter H Hwang; Arif Janjua; Ludger Klimek; Daniel Lee; John Lee; Amber Luong; Geoffrey Mortuaire; Joaquim Mullol; Zara M Patel; John Scott; Doron Sommer; Leigh Sowerby; Marc Tewfik; Beatrice Voizard; Martin Wagenmannm; Sarah K Wise; Jonathan Yip; Quirina Thompson; Martin Desrosiers; Yvonne Chan,2026-Jul-06,,,,10.1002/alr.70211,
42410694,Laryngeal Nerve Protection Devices in Thyroid Surgery: A Systematic Review and Evidence Synthesis.,The Laryngoscope,Daqi Zhang; Francesco Brucchi; Carla Colombo; Piero Francesco Alesina; Gianluca Donatini; Marcin Barczynski; Gregory W Randolph; Pablo Moreno Llorente; Kyriakos Vamvakidis; Diego Barbieri; Gianlorenzo Dionigi; Lanlan Wan,2026-Jul-06,,,,10.1002/lary.70724,
42407144,Toward a multidisciplinary perspective: Are dental-origin pathologies overlooked in unilateral chronic rhinosinusitis?,"Auris, nasus, larynx",Bilge Türk; Feyza Tarakçı; Mesude Memioğlu; Ali Gemalmaz; Onuralp Albuz; Yaren Nur Beloğlu; Suat Turgut,2026-Jul-06,53,4,612-616,10.1016/j.anl.2026.06.010,
42406571,Alcohol-Related Liver Disease: A Review.,JAMA,Aleksander Krag; Fredrik Åberg; Jessica Mellinger; Brian P Lee; Mads Israelsen,2026-Jul-06,,,,10.1001/jama.2026.12038,
42406556,Emotional Burden of Olfactory Dysfunction: A Psychological Cluster Analysis from a Tertiary Smell and Taste Clinic.,International forum of allergy & rhinology,Tom Fischer; Keren Avirame; Idan Peled; Ella Hazan; Elinoy Herstain; Hen Chaushu; Nidal Muhanna; Avraham Abergel; Narin N Carmel Neiderman,2026-Jul-06,,,,10.1002/alr.70207,
42406378,Online Prescribing of GLP-1 Receptor Agonists.,JAMA,Ashwin K Chetty; Alissa S Chen; Joseph S Ross; Reshma Ramachandran,2026-Jul-06,,,,10.1001/jama.2026.9131,
42406373,Using AI Disagreement to Expose Gaps in Coverage Rules.,JAMA,Isaac S Kohane,2026-Jul-06,,,,10.1001/jama.2026.11938,
42406369,Randomized Trials in Pregnancy.,JAMA,Médéa Locquet; Jean-Michel Dogné,2026-Jul-06,,,,10.1001/jama.2026.7975,
42406364,Randomized Trials in Pregnancy-Reply.,JAMA,Alyssa Bilinski,2026-Jul-06,,,,10.1001/jama.2026.7978,
42405641,Practice Patterns for the Management of Pediatric oSDB: What Is the Current National Landscape?,The Laryngoscope,Amaan Rahman; Amber Shaffer; Tulio A Valdez; Rachel Whelan,2026-Jul-06,,,,10.1002/lary.70709,
42400442,Vocal Fold Opening Position Impacts Bowing Measures in Age-Related Vocal Atrophy.,The Laryngoscope,Carson S Miller; Byron S Kim; Mahdi Al-Ghezi; Zaroug A Jaleel; Lisa A Zughni; Neel K Bhatt,2026-Jul-04,,,,10.1002/lary.70684,
42400109,Association Between the Modified Frailty Index and Short-Term Total Thyroidectomy Complications.,The Laryngoscope,Tyler Jung; Eman Ahmad; Oluwatobiloba Ayo-Ajibola; Matthew E Lin; Lauran K Evans; Carlos X Castellanos; Josef Madrigal; Ian Kim; Dinesh K Chhetri; Peter S Han,2026-Jul-03,,,,10.1002/lary.70713,
42396965,Differences in Biologic Clinical Trials for Chronic Rhinosinusitis With Nasal Polyps-Are We Comparing Apples With Oranges?,International forum of allergy & rhinology,Marjolein Cornet; Peter W Hellings; Martin Desrosiers; Martin Wagenmann; Richard Follows; Laura Walrave; Luz Adriana Jimenez; Lee Tombs; Dawn Edwards; Peter Howarth; Joseph K Han,2026-Jul-03,,,,10.1002/alr.70205,
42390994,WHO Issues Guidelines for Treating Ebola and Marburg Viruses.,JAMA,Samantha Anderer,2026-Jul-28,336,4,277,10.1001/jama.2026.9465,
42390990,FDA Approves Additional Naloxone Nasal Spray for Opioid Overdose.,JAMA,Samantha Anderer,2026-Jul-28,336,4,278,10.1001/jama.2026.9470,
42390980,HIV May Hide in More Cells Than Previously Thought-Here's What That Could Mean for a Cure.,JAMA,Jennifer Abbasi,2026-Jul-28,336,4,275-276,10.1001/jama.2026.12082,
42390979,"US Dietary Supplement Use Increasing, Especially in Older Adults.",JAMA,Samantha Anderer,2026-Jul-28,336,4,277,10.1001/jama.2026.9466,
42390978,Heat Stress From Climate Change Surges Globally.,JAMA,Samantha Anderer,2026-Jul-28,336,4,277-278,10.1001/jama.2026.9469,
42390975,Strength Training Linked With Lower Cardiovascular Disease Risk in Women.,JAMA,Samantha Anderer,2026-Jul-28,336,4,277,10.1001/jama.2026.9468,
42390973,"First Alzheimer Disease Blood Test May Produce Many False-Positive Results, Study Finds.",JAMA,Rita Rubin,2026-Jul-28,336,4,273-274,10.1001/jama.2026.12326,
42390971,FDA Adds Kidney Injury Warning to OTC Weight-Loss Drug Orlistat.,JAMA,Samantha Anderer,2026-Jul-28,336,4,277,10.1001/jama.2026.9467,
42390883,Cost-Effectiveness of Perioperative Pembrolizumab in Locally Advanced Head and Neck Cancer.,JAMA otolaryngology-- head & neck surgery,Christopher W Noel; Jennifer Guo; David Forner; Alex O Esemezie; Lauren E Miller; Shao Hui Huang; Jonathan C Irish; John R de Almeida; Ambika Parmar; Rui Fu; Antoine Eskander,2026-Jul-02,,,,10.1001/jamaoto.2026.1659,
42390852,Blood Manganese and Risk of Squamous Cell Carcinomas of the Head and Neck.,JAMA otolaryngology-- head & neck surgery,Benjamin Clay; Nasir Bashir; Stephen Burgess; Paul Carter,2026-Jul-02,,,,10.1001/jamaoto.2026.1749,
42390846,Comparison of Diet and Lifestyle Program With 3 Medication Approaches for Laryngopharyngeal Reflux Disease Management.,JAMA otolaryngology-- head & neck surgery,Jerome R Lechien,2026-Jul-02,,,,10.1001/jamaoto.2026.0577,
42390176,A Comparison of Frailty Indices in Predicting Postoperative Outcomes After Endoscopic Sinus Surgery.,International forum of allergy & rhinology,Akshay Warrier; David Remyes; Tenesha Boyd; Ailish Nagpal; Aman M Patel; David W Wassef; Jean Anderson Eloy,2026-Jul-02,,,,10.1002/alr.70212,
42390156,North American Delphi Consensus Study on Sinonasal Malignancy Survivorship Care.,International forum of allergy & rhinology,Matheus Sewastjanow-Silva; Samagra Jain; Rita Snyder; Erin L McKean; Ralph Abi Hachem; Nithin D Adappa; J Ken Byrd; Ricardo L Carrau; Marc A Cohen; Ivan H El-Sayed; Mathew N Geltzeiler; Ehab Y Hanna; Edward C Kuan; Nyall R London; Zoukaa B Sargi; Carl H Snyderman; Marilene B Wang; Ian J Witterick; Shirley Y Su,2026-Jul-02,,,,10.1002/alr.70214,
42387315,Discrimination of Pairs of Chemosensory Stimuli in Relation to Respiration.,The Laryngoscope,Elisabeth Arnold; Thomas Bitter; Holger Lehnich; Thomas Hummel; Orlando Guntinas-Lichius; Hilmar Gudziol,2026-Jul-01,,,,10.1002/lary.70720,
42386386,What Safety Precautions Are Recommended When Lasering in the Airway?,The Laryngoscope,Michael J Lahiff; Sana H Siddiqui; Luke J Pasick; Soham Roy; Hayley L Born,2026-Jul-01,,,,10.1002/lary.70725,
42385205,Success of Anterior Ethmoidal Artery Flaps for Nasal Septal Perforation Repair: A Systematic Review.,The Laryngoscope,Hemali P Shah; Ethan Tsao; Alhan Sayyed; C Scott Dorris; John R Craig; Daniel B Spielman,2026-Jul-01,,,,10.1002/lary.70719,
42384421,"Deescalation, Discontinuation, and Deimplementation Trials: Evaluating Whether and How to Do Less.",JAMA,Alison J Huang; Mara A Schonberg; Deborah Grady,2026-Jul-28,336,4,293-295,10.1001/jama.2026.2467,
42384419,Surgical and Endoscopic Therapies for GERD.,JAMA,Sri Ganeshamurthy Thrumurthy; Yuto Shimamura; Jimmy Bok Yan So,2026-Jul-01,,,,10.1001/jama.2026.7636,
42384415,The Psychedelic Therapies Executive Order: On Approval and Clinical Readiness.,JAMA,I Glenn Cohen; Holly Fernandez Lynch; Amy L McGuire,2026-Jul-01,,,,10.1001/jama.2026.11892,
42384402,What Is Low Back Pain?,JAMA,Kristin L Walter,2026-Jul-01,,,,10.1001/jama.2026.10736,
42384393,From Silicon Valley to the Vatican-The Expanding Debate on AI Ethics.,JAMA,Roy Perlis; Yulin Hswen,2026-Jul-28,336,4,e2610876,10.1001/jama.2026.10876,
42384392,Smallpox-Old and New.,JAMA,,2026-Jul-01,,,,10.1001/jama.2025.15994,
42384390,"Social Media Use by Children-Wonderful, Hazardous, or Something in Between?: A Healthy Dialogue With Dimitri A. Christakis.",JAMA,Derek C Angus; Matthew B O'Connor,2026-Jul-01,,,e2610954,10.1001/jama.2026.10954,
42384377,A Decision-Support System for Personalized Antidepressant Treatment in Major Depressive Disorder-Reply.,JAMA,Andrea Cipriani; Benoit H Mulsant; Orestis Efthimiou,2026-Jul-01,,,,10.1001/jama.2026.7533,
42384373,Neonatal Survival After Serial Amnioinfusions for Anhydramnios Due to Fetal Kidney Failure: The RAFT Clinical Trial.,JAMA,Jena L Miller; Ahmet A Baschat; Anthony Johnson; Yair J Blumenfeld; Mauro H Schenone; Juliana S Gebb; Julie S Moldenhauer; Michael V Zaretsky; Ramen H Chmait; Juan M Gonzalez; Russell S Miller; Eyal Krispin; Alireza Shamshirsaz; Katherine H Bligard; Amanda M Kalan; Magdalena Sanz Cortes; Anita J Moon-Grady; Ellen Bendel-Stenzel; Shina Menon; Cynthia Wong; Paul Grimm; Cecilia Kwak; Jacqueline Gallup; Kristin J McKenna; Leah Marron; Christian Hanna; Cheryl L Tran; Nicholas J Behrendt; Henry L Galan; Joshua Samuels; Rita Swinford; Amaris M Keiser; Mara Rosner; Michelle L Kush; Isam Nasr; Samhita Vasu; Renee D Boss; Angie C Jelin; Richard E Thompson; Jonathan M Davis; Daniel S Warren; Daniel F Hanley; Meredith A Atkinson,2026-Jul-01,,,,10.1001/jama.2026.8568,
42384371,A Decision-Support System for Personalized Antidepressant Treatment in Major Depressive Disorder.,JAMA,Apurva Parikh; Glyn Elwyn,2026-Jul-01,,,,10.1001/jama.2026.7530,
42384370,Effect of Recruitment Video Presenter Sex on Trial Enrollment.,JAMA,Mats C Højbjerg Lassen; Niklas Dyrby Johansen; Sine H Christensen; Marat Yafasov; Brian L Claggett; Scott D Solomon; Ann Dorthe Zwisler; Elizabeth Begier; Jens Ulrik Stæhr Jensen; Tor Biering-Sørensen,2026-Jul-28,336,4,339-341,10.1001/jama.2026.8741,
42383302,Impact of Dysplasia on Inverted Papilloma Recurrence: A Systematic Review and Meta-Analysis.,International forum of allergy & rhinology,Peter Giannaris; Tristan Tham; Eric Giannaris; Kirsten Wohlars; Alexis Kim; Brendan Plann-Curley; Hannah Lee; Aron Z Pollack; Mark B Chaskes; Judd H Fastenberg; Charles C L Tong,2026-Jul-01,,,,10.1002/alr.70215,
42377946,Use of Social Media for Health Information Among US Adults.,JAMA,Aline F Pedroso; Lovedeep S Dhingra; Mariam Khan; Madeleine Carter; Arya Aminorroaya; Rohan Khera,2026-Jul-28,336,4,336-339,10.1001/jama.2026.8682,
42371659,Specialized or General-Purpose-The Wrong Question for Mental Health AI Safety.,JAMA,Benjamin W Nelson; Mark Kalinich; John Torous,2026-Jul-28,336,4,281-282,10.1001/jama.2026.11448,
42371655,Pricing for Oncology Biosimilars.,JAMA,Chelsee Jensen; Eric Tichy,2026-Jul-28,336,4,346-347,10.1001/jama.2026.6815,
42371645,Reporting Error.,JAMA,,2026-Jul-28,336,4,347,10.1001/jama.2026.9649,
42371640,Replacement Text for Funding/Support Section.,JAMA,,2026-Jul-28,336,4,347,10.1001/jama.2026.11797,
42371639,Pricing for Oncology Biosimilars-Reply.,JAMA,James C Robinson,2026-Jul-28,336,4,347,10.1001/jama.2026.6818,
42360770,US Food Swamps Have Increased as Food Deserts Remain Static.,JAMA,Samantha Anderer,2026-Jul-21,336,3,187,10.1001/jama.2026.8319,
42360766,Earlier Egg Introduction Recommendations Linked to Fewer Infant Allergies.,JAMA,Samantha Anderer,2026-Jul-21,336,3,186,10.1001/jama.2026.8315,
42360764,FDA Approves First New Active Sunscreen Ingredient in Decades.,JAMA,Samantha Anderer,2026-Jul-21,336,3,187,10.1001/jama.2026.8318,
42360762,"HHS Says Psychiatric Medications Are Overprescribed, but Are They?",JAMA,Rita Rubin,2026-Jul-21,336,3,183-185,10.1001/jama.2026.8946,
42360759,FDA Approves First Over-the-Counter Continuous Glucose Monitor for Children.,JAMA,Samantha Anderer,2026-Jul-21,336,3,186,10.1001/jama.2026.8314,
42360757,Ebola May Be Associated With Lasting Neurological Complications.,JAMA,Samantha Anderer,2026-Jul-21,336,3,186,10.1001/jama.2026.8316,
42360724,PCOS Is Now PMOS-Will a New Name Translate to Improved Clinical Care?,JAMA,Kate Schweitzer,2026-Jul-21,336,3,181-182,10.1001/jama.2026.10402,
42360718,Accrediting Bodies to Increase Nutrition Education Requirements.,JAMA,Samantha Anderer,2026-Jul-21,336,3,186,10.1001/jama.2026.8317,
42348205,Cesarean Delivery.,JAMA,Joseph A Bellanti; Dongmei Li,2026-Jul-28,336,4,345,10.1001/jama.2026.6779,
42348191,Errors in Figures.,JAMA,,2026-Jul-21,336,3,262,10.1001/jama.2026.12129,
42348188,Training Health Speakers.,JAMA,,2026-Jul-28,336,4,349,10.1001/jama.2025.15986,
42348186,Cesarean Delivery-Reply.,JAMA,Marianna Alperin; Amanda Artsen,2026-Jul-28,336,4,345-346,10.1001/jama.2026.6781,
42348184,Seymour Plan For Disease Prevention.,JAMA,,2026-Jul-28,336,4,349,10.1001/jama.2026.8429,
42340742,Correction to Primary Composite Outcome in a Trial of Transfusion Strategy.,JAMA,,2026-Jul-21,336,3,262,10.1001/jama.2026.0015,
42340739,Insufficient Sleep Among US Adolescents.,JAMA,Peter J T White,2026-Jul-28,336,4,344,10.1001/jama.2026.6653,
42340714,Primary Composite Outcome Corrected in a Trial of Transfusion Strategy in Myocardial Infarction and Anemia.,JAMA,Philippe Gabriel Steg,2026-Jul-21,336,3,261,10.1001/jama.2026.10006,
42340703,Insufficient Sleep Among US Adolescents-Reply.,JAMA,Tanner J Bommersbach; Mark Olfson; Taeho Greg Rhee,2026-Jul-28,336,4,344-345,10.1001/jama.2026.6656,
42340687,CMS' GLP-1 Bridge Demonstration-Questions and Potential Consequences.,JAMA,Rachel E Sachs; Kristi Martin,2026-Jul-28,336,4,283-284,10.1001/jama.2026.11253,
42329647,National Trends in Patient Messaging-The Growing Electronic Inbox.,JAMA,Melanie Molina; Joseph S Ross,2026-Jul-21,336,3,203-204,10.1001/jama.2026.8646,
42329631,Trends in Newborn Hepatitis B Virus Vaccination-Reply.,JAMA,Joshua M Rothman; Brian Kwan; Anupam B Jena,2026-Jul-21,336,3,260-261,10.1001/jama.2026.6524,
42329630,Trends in Newborn Hepatitis B Virus Vaccination.,JAMA,Kevin Dysart; Alex B Ruan; Heather H Burris,2026-Jul-21,336,3,259-260,10.1001/jama.2026.6521,
42329625,"Trends in Patient Portal Messages, Office Visits, and Telephone Encounters.",JAMA,Jane J Long; Mara A McAdams-DeMarco; Mark D Schwartz; Joshua Chodosh; Eric K Oermann; Dorry L Segev; Michal A Mankowski,2026-Jul-21,336,3,252-254,10.1001/jama.2026.8690,
42329624,Stopping Alzheimer Disease: 50 Years of Progress.,JAMA,John K Hsiao,2026-Jul-14,336,2,103-105,10.1001/jama.2026.10969,
42313561,Postoperative Delirium May Predict Long-Term Cognitive Decline.,JAMA,Samantha Anderer,2026-Jul-14,336,2,96,10.1001/jama.2026.8309,
42313557,FDA Advises Against Over-the-Counter Skin Lightening Products.,JAMA,Samantha Anderer,2026-Jul-14,336,2,96,10.1001/jama.2026.8311,
42313556,"ACOG Releases Maternal Immunization Schedule, Breaking From CDC.",JAMA,Samantha Anderer,2026-Jul-14,336,2,96,10.1001/jama.2026.8308,
42313555,"ACP, AMA Decry Executive Order to Change Childhood Vaccine Schedule.",JAMA,Samantha Anderer,2026-Jul-14,336,2,97,10.1001/jama.2026.8313,
42313548,"In Obesity Treatment, Physical Activity's Benefits Go Beyond Weight Loss, Says AHA.",JAMA,Samantha Anderer,2026-Jul-14,336,2,91-92,10.1001/jama.2026.11338,
42313535,"A New GLP-1 Pill for Diabetes, Semaglutide With Amylin, Data From China, and More From ADA 2026.",JAMA,Jennifer Abbasi,2026-Jul-14,336,2,93-95,10.1001/jama.2026.7591,
42313532,About 1 in 5 US Youth Use AI Chatbots for Mental Health Advice.,JAMA,Samantha Anderer,2026-Jul-14,336,2,96,10.1001/jama.2026.8310,
42313531,Ultraprocessed Foods Linked to Cardiometabolic Risks.,JAMA,Samantha Anderer,2026-Jul-14,336,2,97,10.1001/jama.2026.8312,
42307963,Beyond Binary-The Case for Amyloid Centiloid Quantification.,JAMA,Nathaniel A Chin; Claire M Erickson; Joshua D Grill; Gil D Rabinovici,2026-Jul-21,336,3,191-192,10.1001/jama.2026.10733,
42307961,The Wizard of Oz in Medical AI.,JAMA,Yulin Hswen,2026-Jul-14,336,2,e266477,10.1001/jama.2026.6477,
42307958,Author AI Disclosure in JAMA Network Journal Submissions-Reply.,JAMA,Roy H Perlis; Annette Flanagin; Jacob Kendall-Taylor,2026-Jul-21,336,3,259,10.1001/jama.2026.6518,
42307954,Author AI Disclosure in JAMA Network Journal Submissions.,JAMA,Arjun Mahajan,2026-Jul-21,336,3,258-259,10.1001/jama.2026.6515,
42307940,Review of Type 1 Diabetes-Reply.,JAMA,Desmond A Schatz; Laura M Jacobsen,2026-Jul-28,336,4,343-344,10.1001/jama.2026.6466,
42307939,Bispecific Antibody Ivonescimab Added to Chemotherapy in EGFR-Variant Non-Small Cell Lung Cancer: Research Summary.,JAMA,,2026-Jul-28,336,4,e267804,10.1001/jama.2026.7804,
42307938,"Farther, Faster, and More Often.",JAMA,John F Steiner,2026-Jul-28,336,4,285-286,10.1001/jama.2026.8662,
42307937,Bispecific Antibody Ivonescimab Added to Chemotherapy in EGFR-Variant Non-Small Cell Lung Cancer: The HARMONi-A Randomized Clinical Trial.,JAMA,Wenfeng Fang; Yuanyuan Zhao; Yongzhong Luo; Runxiang Yang; Yan Huang; Zhiyong He; Hui Zhao; Mingjun Li; Kai Li; Qibin Song; Xiaobo Du; Yulan Sun; Wei Li; Longhua Sun; Zhiyu Wang; Kunning Yang; Yun Fan; Baogang Liu; Hongyun Zhao; Ying Hu; Li Jia; Shen Xu; Tienan Yi; Dongqing Lv; Haitao Lan; Mengxia Li; Wenhua Liang; Yongsheng Wang; Hui Yang; Yuming Jia; Yuan Chen; Junguo Lu; Meiqi Shi; Chunling Liu; Ming Zhou; Jianya Zhou; Xianling Liu; Ningning Zhou; Ming He; Xiaorong Dong; Hualin Chen; Yongxing Chen; Haichuan Su; Xiaoling Li; Zhihong Zhang; Lei Yang; Ying Liu; Likun Chen; Xue Hou; Yu Zhang; Jun Guo; Ruiqiang Ma; Hong Lu; Di Wu; Weineng Feng; Wen Li; Jianan Huang; Yan Wang; Xia Song; Jiewen Peng; Laiyu Liu; Yubiao Guo; Wenting Li; Mengying Xia; Dongmei Lu; Mingxiu Hu; Zhongmin Maxwell Wang; Baiyong Li; Michelle Y Xia; Li Zhang,2026-Jul-28,336,4,306-314,10.1001/jama.2026.7745,
42307926,Review of Type 1 Diabetes.,JAMA,Gilberto Carlos Garcia Bernal; Andrés Alonso Núñez Soria; David Arturo Bernal González,2026-Jul-28,336,4,342-343,10.1001/jama.2026.6457,
42307920,Unpacking the Rise in Early-Onset Cancer: A Healthy Dialogue With Kimmie Ng and Ilana Richman.,JAMA,Derek C Angus; Matthew B O'Connor,2026-Jul-21,336,3,e269957,10.1001/jama.2026.9957,
42307919,Review of Type 1 Diabetes.,JAMA,Sara I Jones; Lillian B Boettcher; Jeffrey A Kuller,2026-Jul-28,336,4,343,10.1001/jama.2026.6460,
42307915,Review of Type 1 Diabetes.,JAMA,Steven R Potter; Alissar El Chediak; Ronald F Parsons,2026-Jul-28,336,4,341-342,10.1001/jama.2026.6463,
42307912,Nursing Home Closures and Access to Long-Term Care.,JAMA,Andrew R Olenski; Rachel M Werner,2026-Jul-14,336,2,161-163,10.1001/jama.2026.8509,
42307574,Prone Positioning in Viral Bronchiolitis-Back to the Back?,JAMA,Joseph G Kohne; Susan R Conway; Steven L Shein,2026-Jul-28,336,4,290-292,10.1001/jama.2026.11742,
42307573,Prone Positioning in Infants With Acute Bronchiolitis: Research Summary.,JAMA,,2026-Jul-28,336,4,e2611220,10.1001/jama.2026.11220,
42307570,Prone Positioning in Infants With Acute Bronchiolitis: The PROPOSITIS Randomized Clinical Trial.,JAMA,Florent Baudin; Robin Pouyau; Fabien Subtil; Clémence Jarrasse; Marie Tochon; Mickael Afanetti; Christophe Milési; Jean-Eudes Piloquet; Guillaume Mortamet; Megan Nallet Amate; Valérie Launay; Fleur Cour Andlauer; Sylvain Roche; Michael Levy; Jérome Rambaud; Aurélie Portefaix; Etienne Javouhey,2026-Jul-28,336,4,315-322,10.1001/jama.2026.11078,
42295944,Low Back Pain: A Review.,JAMA,Aidan G Cashin; Roger Chou; Melissa B Weimer; James H McAuley,2026-Jul-14,336,2,144-158,10.1001/jama.2026.9631,
42295803,Illicit Injectable Peptides and Regulatory Gaps.,JAMA,Timothy Piatkowski; Kyle T Ganson; Jason M Nagata,2026-Jul-21,336,3,189-190,10.1001/jama.2026.10690,
42295794,A Book for Medical Device Patents-Reply.,JAMA,David A Simon; Michael K Paasche-Orlow; Hooman Noorchashm,2026-Jul-21,336,3,258,10.1001/jama.2026.6382,
42295785,A Book for Medical Device Patents.,JAMA,Eric S Halsey,2026-Jul-21,336,3,257-258,10.1001/jama.2026.6379,
42295779,Editorials.,JAMA,,2026-Jul-21,336,3,264,10.1001/jama.2025.15978,
42295775,Changes in Specialty and Geography of Medicare's New Residency Positions.,JAMA,Tarun Ramesh; Thomas C Tsai; Hao Yu,2026-Jul-14,336,2,163-165,10.1001/jama.2026.7929,
42295755,An AI-Based OCT System to Detect Diabetic Macular Edema: A Prospective Validation and Noninferiority Randomized Clinical Trial.,JAMA,Shuyi Zhang; Anran Ran; Jiaying Zhou; Anni Ling; Kaiser Sham; Yu Zhang; Ziqi Tang; Truong X Nguyen; Dawei Yang; Naiman Lam; Hunter K L Yuen; Victor T T Chan; Mary Ho; Julia Y Y Chan; Thomas C H Lam; Charlene C L Yim; Claire W Y Chow; Stephanie S L Cheung; Matthew C W Lam; Anthony C H Lai; Cherie Y K Wong; Amy H Y Yu; Vivian W K Hui; Andrew C Y Mak; Sophia Ling Li; Noel C Y Chan; Wilson W K Yip; Alvin L Young; Risa Ozaki; Kit-Man Loo; Andrea O Y Luk; Juliana C N Chan; Pangfai Chan; Matthew M H Luk; Loretta K P Lai; Daniel H T Wong; Jasmine Shiu; Xi Wang; Pheng-Ann Heng; Haotian Lin; Sobha Sivaprasad; Tien Yin Wong; Kenneth K W Li; Carmen K M Chan; Chi Pui Pang; Clement C Tham; Timothy Y Y Lai; Simon K H Szeto; Carol Y Cheung,2026-Jul-21,336,3,215-223,10.1001/jama.2026.7025,
42284063,FDA Approves First Treatment for Chronic Hepatitis Delta Virus Infection.,JAMA,Samantha Anderer,2026-Jul-07,336,1,9,10.1001/jama.2026.8292,
42284044,Soccer Heading Tied to Spikes in Biomarkers of Neural Damage.,JAMA,Samantha Anderer,2026-Jul-07,336,1,10,10.1001/jama.2026.8296,
42284043,Some Common Food Additives Linked to Hypertension and CVD.,JAMA,Samantha Anderer,2026-Jul-07,336,1,10,10.1001/jama.2026.8297,
42284036,Inside the Push for a Fentanyl Vaccine.,JAMA,Kate Schweitzer,2026-Jul-07,336,1,6-8,10.1001/jama.2026.6392,
42284035,Surgeon General's Advisory Warns Against Children's Excessive Screen Use.,JAMA,Samantha Anderer,2026-Jul-07,336,1,9,10.1001/jama.2026.8294,
42284025,First National Estimates of Type 2 Diabetes in Children Raise Alarm.,JAMA,Samantha Anderer,2026-Jul-07,336,1,9,10.1001/jama.2026.8293,
42284024,Certain Dietary Patterns May Help Perimenopausal Women Manage Weight.,JAMA,Samantha Anderer,2026-Jul-07,336,1,9-10,10.1001/jama.2026.8295,
42275090,Correction to Mortality Data in Perspective.,JAMA,,2026-Jul-14,336,2,170,10.1001/jama.2026.10667,
42275084,Error in Text.,JAMA,,2026-Jul-07,336,1,78,10.1001/jama.2026.10878,
42275058,The Leisure Corner: High Fidelity Recording.,JAMA,,2026-Jul-14,336,2,172,10.1001/jama.2025.15970,
42275055,Where the Heron Flies.,JAMA,Samuel Cross,2026-Jul-21,336,3,196,10.1001/jama.2026.8354,
42275054,Treatment of Brain Metastases With Stereotactic Radiation vs Hippocampal-Avoidance Whole Brain Radiation.,JAMA,Sai Kumar Samala; Sagar Raut,2026-Jul-21,336,3,255-256,10.1001/jama.2026.6335,
42275052,Adults With Mild to Moderate Hearing Loss.,JAMA,Kristin L Walter,2026-Jul-28,336,4,352,10.1001/jama.2026.6833,
42275049,Treatment of Brain Metastases With Stereotactic Radiation vs Hippocampal-Avoidance Whole Brain Radiation.,JAMA,Xiang-Yu Han,2026-Jul-21,336,3,254-255,10.1001/jama.2026.6332,
42275042,When Patients Share Everything With an AI Chatbot: Risks and Opportunities of Large Language Models.,JAMA,Ifeoma Ajunwa; Ravi B Parikh; I Glenn Cohen,2026-Jul-28,336,4,279-280,10.1001/jama.2026.9507,
42275025,Treatment of Brain Metastases With Stereotactic Radiation vs Hippocampal-Avoidance Whole Brain Radiation.,JAMA,Shenglong Li; Runze Jiang,2026-Jul-21,336,3,256,10.1001/jama.2026.6338,
42275023,Treatment of Brain Metastases with Stereotactic Radiation vs Hippocampal-Avoidance Whole Brain Radiation-Reply.,JAMA,Ayal A Aizer; Kee-Young Shin; Shyam Tanguturi,2026-Jul-21,336,3,256-257,10.1001/jama.2026.6341,
42268637,Slow Life Support for Imminently Dying Patients.,JAMA,Hanna Vollbrecht; Theodore J Iwashyna; William F Parker,2026-Jul-07,336,1,17-18,10.1001/jama.2026.8659,
42268632,Female Clinical Resilience Despite Pathologic Risk in Alzheimer Disease.,JAMA,Kaitlin B Casaletto; Dena B Dubal,2026-Jul-14,336,2,106-108,10.1001/jama.2026.9351,
42268629,Exocrine Pancreatic Insufficiency.,JAMA,Mitchell L Ramsey; Christopher E Forsmark,2026-Jul-14,336,2,159-160,10.1001/jama.2026.5759,
42268627,"HIV, Pregnancy, and Infant Feeding-Reply.",JAMA,William R Short; Anandi N Sheth; Andrea Ciaranello,2026-Jul-14,336,2,169-170,10.1001/jama.2026.6036,
42268622,"HIV, Pregnancy, and Infant Feeding.",JAMA,Xiao Yu; Yidan Zhang; Anquan Shang,2026-Jul-14,336,2,169,10.1001/jama.2026.6033,
42267640,"Beyond Type 2 Inflammation: Expanding Paradigms in Rhinology Through Data, Biology, and Surgical Innovation.",American journal of rhinology & allergy,Bobby A Tajudeen,2026-Jul,40,4,260-261,10.1177/19458924261449716,
42262699,Evaluating the Potential Infectious Risk Profile of Biologics in Chronic Rhinosinusitis With Nasal Polyposis.,International forum of allergy & rhinology,Maxime Fieux; Philippe Gevaert; Leigh J Sowerby,2026-Jul,16,7,751-754,10.1002/alr.70201,
42258347,Survivors of Cyanotic Congenital Heart Disease: A Review.,JAMA,Gabriele Egidy Assenza; Edward O'Leary; Margarita Brida; Michael Kwon; Michael Job Landzberg,2026-Jul-07,336,1,56-68,10.1001/jama.2026.8806,
42258227,ESGO Statements on Opportunistic Salpingectomy for Prevention of Tubo-Ovarian Carcinoma.,JAMA,Jeremy Meyer; Intidhar Labidi-Galy; Marc Ryser,2026-Jul-14,336,2,166-167,10.1001/jama.2026.5828,
42258223,ESGO Statements on Opportunistic Salpingectomy for Prevention of Tubo-Ovarian Carcinoma-Reply.,JAMA,Laura Burney Ellis; Maria Kyrgiou; Jurgen Piek,2026-Jul-14,336,2,168-169,10.1001/jama.2026.5834,
42258205,Resurgence of Tetanus-Why the Vaccine Remains Instrumental.,JAMA,Kathryn M Edwards; Mobeen H Rathore,2026-Jul-14,336,2,99-100,10.1001/jama.2026.9347,
42258198,"Trends in National Institutes of Health Investigators by Sex, Race, Ethnicity, and Disability Status.",JAMA,Mytien Nguyen; Sarwat I Chaudhry; Alexandra M Hajduk; Jeph Herrin; Gbenga Ogedegbe; David Henderson; Soo-Min Shin; Adeola Ayedun; Dowin H Boatright,2026-Jul-07,336,1,71-73,10.1001/jama.2026.7796,
42258191,ESGO Statements on Opportunistic Salpingectomy for Prevention of Tubo-Ovarian Carcinoma.,JAMA,Karolina Afors; Ertan Saridogan,2026-Jul-14,336,2,167-168,10.1001/jama.2026.5831,
42250274,"Insulin Cost Caps, Trade-Offs, and Pharmacoequity in Diabetes.",JAMA,Utibe R Essien; Elena Byhoff,2026-Jul-07,336,1,20-21,10.1001/jama.2026.7544,
42250272,Insulin Costs and Use by Medicare Beneficiaries After the Inflation Reduction Act Out-of-Pocket Cap.,JAMA,Rebecca Myerson; Nam Hyo Kim; John Romley; Dima Mazen Qato; Ying Cao; Erin Trish; Anne L Peters; Dana Goldman,2026-Jul-07,336,1,25-34,10.1001/jama.2026.5975,
42246414,Finerenone in Patients With Chronic Kidney Disease Due to Glomerular Diseases: A Randomized Clinical Trial.,JAMA,Brendon L Neuen; Vlado Perkovic; Rajiv Agarwal; David Z I Cherney; Carolyn S P Lam; Christoph Wanner; Katherine R Tuttle; Pantelis Sarafidis; Jonathan Barratt; Anna Burgner; Xiangmei Chen; Alfredo Chew-Wong; Vladimir A Dobronravov; Jürgen Floege; Kieran McCafferty; Masaomi Nangaku; David Packham; Evangelos Papachristou; Pablo E Pergola; Marijn M Speeckaert; Arunkumar Subbiah; Sydney C W Tang; Shuifu Tang; See Cheng Yeo; Niels Jongs; J David Smeijer; Mario Berger; Meike Brinker; Rania Dayoub; Jay Elliott; Na Li; Katharina Mueller; Nicole Rethemeier; Marina Yael Finkelsztein; Hiddo J L Heerspink,2026-Jul-21,336,3,224-235,10.1001/jama.2026.9923,
42246412,Finerenone in Patients With Chronic Kidney Disease Due to Glomerular Diseases: Research Summary.,JAMA,,2026-Jul-21,336,3,e2610186,10.1001/jama.2026.10186,
42240990,Chatting With AI and the Electronic Health Record.,JAMA,Yulin Hswen,2026-Jul-14,336,2,e265709,10.1001/jama.2026.5709,
42240985,Chasing Zebras.,JAMA,Shaun C Desai,2026-Jul-14,336,2,109-110,10.1001/jama.2026.7703,
42240979,Treatments for Opioid Overdose-Reply.,JAMA,Miriam T H Harris; Zoe M Weinstein; Alexander Y Walley,2026-Jul-14,336,2,166,10.1001/jama.2026.5604,
42240977,Treatments for Opioid Overdose.,JAMA,Raúl Felipe Palma-Álvarez,2026-Jul-14,336,2,165-166,10.1001/jama.2026.5601,
42240976,Why Celebrate?,JAMA,,2026-Jul-07,336,1,80,10.1001/jama.2025.15962,
42240165,Low-Dose Rivaroxaban and Cardiovascular Events in Advanced Kidney Disease: The TRACK Randomized Clinical Trial.,JAMA,Sunil V Badve; Vlado Perkovic; Vivekanand Jha; Raja Ramachandran; Lily Mushahar; Jan Menne; An S De Vriese; Patrick Rossignol; Adrien Flahault; Maha Al Ammari; Habib Skhiri; Michael Walsh; David Collister; Adrian Liew; Laurent Billot; Severine Bompoint; Anthony Devaux; Min Jun; Enmoore Lin; Aline Ramos da Cruz; Jeffrey T Ha; John W Eikelboom; Ahmed Shaman; Meg J Jardine; Shilpanjali Jesudason; Muh Geot Wong; Craig S Anderson; Amit X Garg; Hiddo J L Heerspink; Helen Monaghan; Anushka Patel; Patrick B Mark; David C Wheeler; Jicheng Lv; Li Zuo; Helen Pilmore; Martin Gallagher,2026-Jul-28,336,4,296-305,10.1001/jama.2026.9379,
42240161,Low-Dose Rivaroxaban and Cardiovascular Events in Advanced Kidney Disease: Research Summary.,JAMA,,2026-Jul-28,336,4,e269463,10.1001/jama.2026.9463,
42240149,"Rivaroxaban for Cardiovascular Disease Prevention in Chronic Kidney Disease: High Risk, but No Reward?",JAMA,Nisha Bansal; Wolfgang C Winkelmayer,2026-Jul-28,336,4,287-289,10.1001/jama.2026.9780,
42237937,Stratified Anti-Biofilm Therapy: Translating Staphylococcal Exoprotein Toxicity Hierarchies Into Clinical Practice.,International forum of allergy & rhinology,Peiling Li; Tingting Kang,2026-Jul,16,7,757-758,10.1002/alr.70198,
42237920,Reply to Stratified Anti-Biofilm Therapy: Translating Staphylococcal Exoprotein Toxicity Hierarchies Into Clinical Practice.,International forum of allergy & rhinology,Sarah Vreugde; Sintayehu Ambachew; Alkis James Psaltis; Peter-John Wormald,2026-Jul,16,7,761-762,10.1002/alr.70199,
42234553,What Is Ebola?,JAMA,Shiwei Zhou; Preeti Malani,2026-Jul-14,336,2,176,10.1001/jama.2026.10847,
42234459,Controversies About Osteoporotic Fracture Prevention Strategies.,JAMA,Susan M Ott,2026-Jul-07,336,1,11-12,10.1001/jama.2026.7878,
42234455,"Coffee, Tea, and Cognitive Function.",JAMA,Luis Schiappacasse; Olivier Rouaud; Andreas F Hottinger,2026-Jul-07,336,1,77,10.1001/jama.2026.5316,
42234450,Private Equity's Growing Presence in Health Care-Promise or Peril?: A Healthy Dialogue With Sneha Kannan.,JAMA,Derek C Angus; Matthew B O'Connor,2026-Jul-07,336,1,e268432,10.1001/jama.2026.8432,
42234438,"Coffee, Tea, and Cognitive Function-Reply.",JAMA,Yu Zhang; Dong D Wang,2026-Jul-07,336,1,77-78,10.1001/jama.2026.5319,
42234436,Incentivizing Kidney Transplants While Safeguarding Equity.,JAMA,Courtney M Rentas; Lisa M McElroy; Silas P Norman; Kyle H Sheetz,2026-Jul-07,336,1,13-14,10.1001/jama.2026.8838,
42234421,Trials That Inform Health Policy: A Bridge Too Far?,JAMA,Alison J Huang; Sandro Galea,2026-Jul-07,336,1,22-24,10.1001/jama.2026.4342,
42234416,Errors in References.,JAMA,,2026-Jul-07,336,1,78,10.1001/jama.2026.9628,
42223971,Above-Goal BP Among Adults With Hypertension in the US-Reply.,JAMA,Shakia T Hardy; Ezekiel Emanuel; Paul Muntner,2026-Jul-07,336,1,76-77,10.1001/jama.2026.5313,
42223966,Decision and Cost-Effectiveness Analyses Complement Results From Randomized Clinical Trials.,JAMA,John M Inadomi,2026-Jul-07,336,1,47,10.1001/jama.2026.7490,
42223961,Cost-Effectiveness of Fecal Immunochemical Testing Alone vs Co-Testing With Helicobacter pylori Stool Antigen.,JAMA,Yi-Chia Lee; Jui-Hsuan Liu; Duco T Mülder; Jeong Yun Yang; Tsung-Hsien Chiang; Wen-Feng Hsu; Han-Mo Chiu; Wei-Wen Su; Kun-Ching Chou; Sam Li-Sheng Chen; Jean Ching-Yuan Fann; Sherry Yueh-Hsia Chiu; Shu-Lin Chuang; Yi-Ru Chen; Teresa Cheng-Chieh Chu; Monal Yu-Hsuan Chang; Shih-Tien Chen; Tsung-Hui Hu; Yi-Jen Fang; Jyh-Ming Liou; Ming-Shiang Wu; Yen-Po Yeh; Chin Hur; Amy Ming-Fang Yen; Tony Hsiu-Hsi Chen,2026-Jul-07,336,1,35-46,10.1001/jama.2026.6908,
42223958,Advertising in AI-Powered Clinical Decision Support Tools.,JAMA,Nina Singh; Michelle M Mello,2026-Jul-07,336,1,15-16,10.1001/jama.2026.8078,
42223955,Above-Goal BP Among Adults With Hypertension in the US.,JAMA,Donald E Casey; Stephen D Persell; Gregory Wozniak,2026-Jul-07,336,1,75-76,10.1001/jama.2026.5310,
42223916,Impact of Genetic and Molecular Alterations on Clinical Outcomes in Sinonasal Squamous Cell Carcinoma: A Systematic Review and Meta-Analysis.,International forum of allergy & rhinology,Srivatsa Surya Vasudevan; Amber Cradeur; Madeline Polson; Cherie-Ann O Nathan; Omar G Ahmed; Michael T Yim,2026-Jul,16,7,716-733,10.1002/alr.70196,
42223914,Assessing Surgical Extent in Endoscopic Sinus Surgery: A Scoping Review of Scoring Systems.,International forum of allergy & rhinology,Alexander Lein; Marie T Ehrgott; Linda Liu; Archana Jaiswal; Rajiv K Bhalla; Noel Ayoub; Faris F Brkic; David T Liu,2026-Jul,16,7,695-715,10.1002/alr.70191,
42223912,AI-Based Quantitative Nasal Cytology for Predicting Eosinophilic Chronic Rhinosinusitis With Nasal Polyps: A Pilot Study.,International forum of allergy & rhinology,Jiaying Li; Xu Zhang; Zengxiao Zhang; Yu Song; Xu Xu; Luo Zhang; Yuan Zhang,2026-Jul,16,7,746-748,10.1002/alr.70181,
42217468,Cancer Diagnostic Delay Rates Associated With a Population-Based Screening Trial Evaluating a Cell-Free DNA Multicancer Early Detection Test.,JAMA,Sean Mann; Pedro Nascimento de Lima; Joshua Eagan; Agne Ulyte; Beth Ann Griffin,2026-Jul-14,336,2,125-134,10.1001/jama.2026.6803,
42217467,"Multicancer Detection Tests: Promise, Hype, and Reality.",JAMA,Richard Sullivan; Christopher M Booth,2026-Jul-14,336,2,111-112,10.1001/jama.2026.7683,
42217466,Spillover Effects in Clinical Trials.,JAMA,Issa J Dahabreh; Roger J Lewis,2026-Jul-14,336,2,113-115,10.1001/jama.2026.7858,
42207546,Speech-in-Noise Ability and Longitudinal Cortical Thinning in Speech-Processing Networks.,JAMA otolaryngology-- head & neck surgery,Julien Zanin; John J McNeil; Gary Rance,2026-Jul-01,152,7,686-695,10.1001/jamaoto.2026.1050,
42207544,Nalbuphine for Cough Caused by Idiopathic Pulmonary Fibrosis-Reply.,JAMA,Vandana Mathur; Philip L Molyneaux; James Cassella,2026-Jul-07,336,1,75,10.1001/jama.2026.5242,
42207542,Nalbuphine for Cough Caused by Idiopathic Pulmonary Fibrosis.,JAMA,Chang Liu; Xuanbo Zhao; Lixin Xie,2026-Jul-07,336,1,74,10.1001/jama.2026.5236,
42207538,Traffic and Industrial Pollutants and Chronic Rhinosinusitis.,JAMA otolaryngology-- head & neck surgery,Hong-Ho Yang; Karl O'Sharkey; Kimberly Paul; Mishek Thapa; Jeffrey Suh; Marilene Wang; Daniel Beswick; Jivianne T Lee,2026-Jul-01,152,7,705-713,10.1001/jamaoto.2026.1176,
42207529,Nalbuphine for Cough Caused by Idiopathic Pulmonary Fibrosis.,JAMA,Alyn Hugh Morice; Dominic Sykes; Simon P Hart,2026-Jul-07,336,1,74-75,10.1001/jama.2026.5239,
42207524,Head and Neck Cancer.,JAMA,Kristin Walter,2026-Jul-21,336,3,268,10.1001/jama.2026.4962,
42207510,Multidisciplinary Consensus Statement for Appropriate Evaluation and Workup of Sinonasal Masses.,JAMA otolaryngology-- head & neck surgery,Nyall R London; Jerlon Chiu; Neal S Akhave; Garret Choby; Marc G Dubin; David Scott Fortune; Stacey T Gray; Jessica W Grayson; Ehab Y Hanna; Glenn J Hanna; Eric H Holbrook; Claire Hopkins; Matt Lechner; Valerie J Lund; Erin McKean; Wojciech K Mydlarz; Douglas D Reh; Olabisi Sanusi; Michael G Stewart; Shirley Y Su; Eric W Wang; Marilene B Wang; Ian Witterick; Edward C Kuan; Mathew Geltzeiler,2026-Jul-01,152,7,714-721,10.1001/jamaoto.2026.1185,
42207499,Nalbuphine for Cough Caused by Idiopathic Pulmonary Fibrosis.,JAMA,Yaqun Liu; Jiale Chen; Jianhua Liu,2026-Jul-07,336,1,73-74,10.1001/jama.2026.5233,
42206878,Effects of Sinonasal Mucus Debridement on Nasal Nitric Oxide in Primary Ciliary Dyskinesia.,International forum of allergy & rhinology,Nathan R Barefoot; John B Henrich; Elena Quinonez Del Cid; Priya J Desai; Katrina Bootes; Jackson Vuncannon; Cristine Klatt-Cromwell; Brian D Thorp; Charles S Ebert; Brent A Senior; Lawrence Ostroswki; Adam J Kimple,2026-Jul,16,7,739-742,10.1002/alr.70192,
42206876,Wearable Real-Time Translation in Rhinology: A Comparative Study of Accuracy and Efficiency.,International forum of allergy & rhinology,Emma J Anisman; Nickolas Pudik; Laura Palacio-Morales; Abdulghafoor Alani; Yanmin Qu; Chang Liu; Agustina Arce; Shin Heng Teresa Chan; Benjamin Bitner; Marc Rosen; Gurston Nyquist; Elina Toskala; Mindy Rabinowitz,2026-Jul,16,7,743-745,10.1002/alr.70193,
42202772,"Adverse Pregnancy Outcomes and Sedentary Behavior, Light-Intensity Physical Activity, and Daily Steps.",JAMA,Bethany Barone Gibbs; Jaemyung Kim; Jacob Gallagher; Melissa A Jones; Alex H Crisp; Katrina Wilhite; Karina Smith; Sabera Rahman; Alexis Thrower; Janet M Catov; Christopher E Kline; Maisa Feghali; Donna Santillan; Mark Santillan; Iqra Sheikh; Bridget Zimmerman; Kara M Whitaker,2026-Jul-14,336,2,135-143,10.1001/jama.2026.6986,
42201716,Hearing Aids for Adults With Mild to Moderate Hearing Loss.,JAMA,Karina C De Sousa; De Wet Swanepoel,2026-Jul-28,336,4,334-335,10.1001/jama.2026.4740,
42199170,Lower Airway Conditions Contribute to the Prediction of Polyp Recurrence in Chronic Rhinosinusitis With Nasal Polyps and Comorbid Asthma.,International forum of allergy & rhinology,Jiaxing Guo; Jing Yuan; Yu Hong; Zhou Yu; Xiaomo Wang; Chengshuo Wang; Aihui Yan; Luo Zhang; Ming Wang,2026-Jul,16,7,734-738,10.1002/alr.70189,
42199157,"In Response to the Letter to the Editor: ""Methodological Considerations in Interpreting Quality-of-Life Recovery in C19OD"".",International forum of allergy & rhinology,Tiana M Saak; Jonathan B Overdevest,2026-Jul,16,7,759-760,10.1002/alr.70188,
42199151,Endoscopically Confirmed False-Positive β2-Transferrin in the Postoperative Setting.,International forum of allergy & rhinology,Noah Overbeck; Somtochi Okafor; Erin Yamamoto; Olabisi Sanusi; Mathew Geltzeiler,2026-Jul,16,7,749-750,10.1002/alr.70187,
42199145,"Letter to the Editor Regarding ""Recovery of Parosmia Preferentially Influences Longitudinal Improvement of Quality of Life in C19OD"".",International forum of allergy & rhinology,Pei-Shan Li,2026-Jul,16,7,755-756,10.1002/alr.70186,
42189668,The MV Hondius Hantavirus Outbreak-Lessons for Pandemic Preparedness.,JAMA,Attila J Hertelendy; Lawrence O Gostin; Gregory R Ciottone,2026-Jul-21,336,3,193-195,10.1001/jama.2026.10321,
42166171,Novel Anti-BNLF2b Antibody Screening and Early Detection of Nasopharyngeal Carcinoma.,JAMA otolaryngology-- head & neck surgery,Wan-Lun Hsu; Jiabao Tang; Hoi Yan Lam; Zhiwei Liu; W K Jacky Lam; Kwok Hung Chan; Yen-Liang Chang; Honglin Chen; Skye Hung-Chun Cheng; Yin-Chu Chien; Chu-Hsing Kate Hsiao; Chun-Hung Hua; Jehn-Chuan Lee; Yi-Shing Leu; Fugui Li; Li-Jen Liao; Ching-Yuan Lin; Jiayan Liu; Pei-Jen Lou; Shyuang-Der Terng; Ming-Hsui Tsai; Yung-An Tsou; Cheng-Ping Wang; Ming-Shiang Wu; Tsung-Lin Yang; Kelly J Yu; Xia Yu; K C Allen Chan; Allan Hildesheim; Tingdong Li; Mingfang Ji; Chien-Jen Chen,2026-Jul-01,152,7,669-676,10.1001/jamaoto.2026.0838,
42166169,The Upbringing That Built Me-And the Operating Room That Changed Me.,JAMA otolaryngology-- head & neck surgery,Amanda J Bastien,2026-Jul-01,152,7,649,10.1001/jamaoto.2026.1046,
42166156,Hypoglossal Nerve Stimulation and Hypoxic Burden in Patients With Obstructive Sleep Apnea: A Secondary Analysis of the STAR Trial.,JAMA otolaryngology-- head & neck surgery,Jing Xu; Zohreh Hajipour; Mark S Aloia; Sara Op de Beeck; Olivier M Vanderveken; Phillip Huyett; Ryan J Soose; Raj Dedhia; Patrick J Strollo; Ali Azarbarzin,2026-Jul-01,152,7,696-704,10.1001/jamaoto.2026.1049,
42166150,Pain and Pressure.,JAMA,Talia Ruxin,2026-Jul-07,336,1,19,10.1001/jama.2026.6860,
42165658,The CRT-Estimands Framework for Cluster Randomized Trials.,JAMA,Brennan C Kahan; Gary S Collins; Frank Bretz; Fan Li,2026-Jul-14,336,2,101-102,10.1001/jama.2026.8368,
42160070,Weight Loss in Older Patients With Persistent Atrial Fibrillation: Research Summary.,JAMA,,2026-Jul-21,336,3,e265842,10.1001/jama.2026.5842,
42160065,Does Weight Loss Prevent Atrial Fibrillation?,JAMA,Gregory M Marcus,2026-Jul-21,336,3,197-199,10.1001/jama.2026.6094,
42160044,Weight Loss in Older Patients With Persistent Atrial Fibrillation: The LOSE-AF Randomized Clinical Trial.,JAMA,Matteo Sclafani; Marco Spartera; Yasmin Esmati; Olivia Baynham-Williams; Ianna Khan; Myra Brigoli; Catherine Krasopoulos; Julian Ormerod; Pok-Tin Tang; Oliver Rider; Ladislav Valkovic; Stefan Neubauer; Jonathan Emberson; Barbara Casadei; Rohan Wijesurendra,2026-Jul-21,336,3,205-214,10.1001/jama.2026.5787,
42150121,Remote Multicomponent Rehabilitation in Intensive Care Unit Survivors: A Randomized Clinical Trial.,JAMA,Brenda O'Neill; Judy M Bradley; Bronwen Connolly; Julie Bruce; Mariam Ratna; Ranjit Lall; Martin Underwood; Chen Ji; Jill Costley; Rachel Clarke; Paul Dark; Orla Duffy; Penelope Firshman; Nigel D Hart; Annette Henderson; Katherine Jones; Roger Kenyon; Jason Madan; Darren Murphy; Gavin D Perkins; Kerry Raynes; Ella Terblanche; Mandana Zanganeh; Daniel F McAuley,2026-Jul-21,336,3,236-247,10.1001/jama.2026.7401,
42150110,The Future of Survivorship in Critical Illness.,JAMA,Kevin Moncion; Jenna Smith-Turchyn; Michelle E Kho,2026-Jul-21,336,3,200-202,10.1001/jama.2026.5761,
42150105,Remote Multicomponent Rehabilitation in Intensive Care Unit Survivors: Research Summary.,JAMA,,2026-Jul-21,336,3,e268431,10.1001/jama.2026.8431,
42149699,Biomarker-Based Eligibility for Lung Cancer Screening: Validation of the Protein-Based INTEGRAL-Risk Model.,JAMA,Hana Zahed; Xiaoshuang Feng; Karine Alcala; Karl Smith-Byrne; Elham Moez; Florence Guida; Demetrius Albanes; Stephanie J Weinstein; Alan A Arslan; Qiuyin Cai; Xiao-Ou Shu; Wei Zheng; Chu Chen; Matthew Triplette; Lesley F Tinker; Arnulf Langhammer; Therese Haugdahl Nøst; Kristian Hveem; Roger L Milne; Julie K Bassett; Mahdi Sheikh; Reza Malekzadeh; Ying Wang; Alpa V Patel; Kala Visvanathan; Jian-Min Yuan; Renwei Wang; Woon-Puay Koh; Howard D Sesso; Xuehong Zhang; Mikael B Johansson; Christopher Amos; Rayjean J Hung; David Muller; Hilary A Robbins; Mattias Johansson,2026-Jul-28,336,4,323-333,10.1001/jama.2026.8044,
42149588,Management of Spontaneous Abortion Among Commercially Insured Individuals in the United States After Dobbs v Jackson.,JAMA,Maria I Rodriguez; Megan Fuerst; Kaitlin Schrote,2026-Jul-07,336,1,48-55,10.1001/jama.2026.6344,
42133355,Concordance Between an Adaptive Sino-Nasal Outcome Test and Imaging Results in Chronic Rhinosinusitis.,JAMA otolaryngology-- head & neck surgery,Selena K Zhang; Anthony A Prince; Carleton Eduardo Corrales; Ayako Stanlie; Sana Alkhatib; Jay F Piccirillo; Ahmed Elkoumi; Jennifer J Shin,2026-Jul-01,152,7,650-658,10.1001/jamaoto.2026.0839,
42133340,Interpreting Glucagon-Like Peptide-1 Receptor Agonist-Associated Cough in Observational Data.,JAMA otolaryngology-- head & neck surgery,Giovanni Ragozzino; Edi Mattera,2026-Jul-01,152,7,727,10.1001/jamaoto.2026.0938,
42133337,Validation of an Adaptive Sinonasal Outcome Test.,JAMA otolaryngology-- head & neck surgery,Selena K Zhang; Sapideh Gilani; Ayako Stanlie; Jay F Piccirillo; Anthony Prince; Carleton Eduardo Corrales; Allen Zhou; Sana Alkhatib; Jennifer J Shin,2026-Jul-01,152,7,659-668,10.1001/jamaoto.2026.1008,
42133336,Teriparatide Plus Zoledronic Acid for Osteogenesis Imperfecta: Research Summary.,JAMA,,2026-Jul-14,336,2,e266971,10.1001/jama.2026.6971,
42133321,Error in Figure.,JAMA otolaryngology-- head & neck surgery,,2026-Jul-01,152,7,729,10.1001/jamaoto.2026.1245,
42133320,Interpreting Glucagon-Like Peptide-1 Receptor Agonist-Associated Cough in Observational Data-Reply.,JAMA otolaryngology-- head & neck surgery,Tyler J Gallagher; Albert Li; Anca M Barbu,2026-Jul-01,152,7,728-729,10.1001/jamaoto.2026.0944,
42133308,Interpreting Glucagon-Like Peptide-1 Receptor Agonist-Associated Cough in Observational Data.,JAMA otolaryngology-- head & neck surgery,Ding-Heng Lu; Cheng-Wei Lu,2026-Jul-01,152,7,727-728,10.1001/jamaoto.2026.0941,
42133304,Teriparatide Plus Zoledronic Acid for Osteogenesis Imperfecta: A Randomized Clinical Trial.,JAMA,Jannie Dahl Hald; Christopher J Weir; Catriona Keerie; Lorna Dewar; Morag MacLean; Lynsey Milne; Richard Keen; Jennifer S Walsh; Kenneth E S Poole; Bente L Langdahl; John R Lindsay; Nazim Ghouri; Rosemary Hollick; Terry Aspray; Rachel K Crowley; Martine Cohen-Solal; Zaki Hassan-Smith; Stephen Tuck; Elizabeth M Curtis; Nicholas C Harvey; Elisabeth Marelise W Eekhoff; Johannes Feenstra; Geeta Hampson; Mike Stone; Jane Turton; Prashanth Patel; Mashood Siddiqi; Robin Munro; Matthew Roy; Zoe Paskins; Deepa Narayanan; Ellen Malcolm; Muhammad Kassim Javaid; Patricia Osborne; Jonathan C Y Tang; Wayne Lam; David Moore; Holly A Black; Andrew D Duckworth; Navni S Makaram; Tianyu Guo; Gregor Stenhouse; Stuart H Ralston,2026-Jul-14,336,2,116-124,10.1001/jama.2026.6889,
42126860,Chikungunya.,JAMA,Mary E Wilson; Lin H Chen; Susan L Hills,2026-Jul-07,336,1,69-70,10.1001/jama.2026.3546,
42126831,Chikungunya.,JAMA,Kristin L Walter,2026-Jul-07,336,1,84,10.1001/jama.2026.6427,
42096240,Reconsideration of Methods and Outcomes-Reply.,JAMA otolaryngology-- head & neck surgery,Alvaro Sanabria,2026-Jul-01,152,7,725,10.1001/jamaoto.2026.0849,
42096238,Reconsideration of Methods and Outcomes.,JAMA otolaryngology-- head & neck surgery,Krishnakumar Thankappan,2026-Jul-01,152,7,724,10.1001/jamaoto.2026.0843,
42096236,Mobile Application as a Digital Therapeutic for Chronic Tinnitus: A Randomized Clinical Trial.,JAMA otolaryngology-- head & neck surgery,Koichiro Wasano; Taiji Kawasaki; Fumiyuki Goto; Yoshihiko Hiraga; Shinji Nagai; Madoka Tominaga; Kaoru Ogawa,2026-Jul-01,152,7,677-685,10.1001/jamaoto.2026.0858,
42096219,Reconsideration of Methods and Outcomes.,JAMA otolaryngology-- head & neck surgery,Keyu Shen; Ping Duo; Xiequn Xu,2026-Jul-01,152,7,724-725,10.1001/jamaoto.2026.0846,
42096210,Persistent Epiglottic Swelling With Ulceration.,JAMA otolaryngology-- head & neck surgery,Lingkang Dong; Lina Gong; Dongzhen Yu,2026-Jul-01,152,7,722-723,10.1001/jamaoto.2026.0828,
42096196,Cost-of-Care Conversations-Time to Break the Ice?,JAMA otolaryngology-- head & neck surgery,Shannon S Wu; Michelle M Chen,2026-Jul-01,152,7,645-646,10.1001/jamaoto.2026.0840,
42093219,The Utility of Macrolide Therapy for Neutrophilic CRSsNP Based on Structured Histopathology.,The Laryngoscope,Alison J Yu; Sanjena Venkatesh; Jadyn Wilensky; Alan D Workman; Jeremy Chang; Maria Espinosa; Jennifer E Douglas; James N Palmer; Nithin D Adappa; Michael A Kohanski,2026-Jul,136,7,2839-2841,10.1002/lary.70606,
42060291,Decoding the Black Box in Deep Learning Models.,JAMA otolaryngology-- head & neck surgery,Kristoffer Mazanti Cold,2026-Jul-01,152,7,725-726,10.1001/jamaoto.2026.0852,
42060288,Margins.,JAMA otolaryngology-- head & neck surgery,Henry Bair,2026-Jul-01,152,7,647-648,10.1001/jamaoto.2026.0041,
42060278,Decoding the Black Box in Deep Learning Models-Reply.,JAMA otolaryngology-- head & neck surgery,Sergio L Novi; Amal Isaiah,2026-Jul-01,152,7,726,10.1001/jamaoto.2026.0855,
41944479,Histopathologic Analysis of Chronic Rhinosinusitis in Immunosuppressed Transplant Patients.,American journal of rhinology & allergy,Abdulkader Yassin-Kassab; Ali M Baird; Sushanth Neerumalla; Saif Salih; Peter Filip; Pete S Batra; Bobby A Tajudeen; Peter Papagiannopoulos,2026-Jul,40,4,301-308,10.1177/19458924261420314,
41917688,Value-Based Neuromonitoring in Thyroidectomy: A Comprehensive Cost-Utility Analysis.,The Laryngoscope,Daqi Zhang; Francesco Brucchi; Carla Colombo; Roberto Cirocchi; Gianlorenzo Dionigi,2026-Jul,136,7,3271-3283,10.1002/lary.70536,
41886281,Caring for Adult Patients With Sepsis.,JAMA,Christopher W Seymour; Kirsten Bibbins-Domingo; Jason T Alexander,2026-Jul-21,336,3,250-251,10.1001/jama.2026.3793,
41886275,Caring for Pediatric Patients With Sepsis.,JAMA,Tracy A Lieu; Jason T Alexander; Christopher W Seymour,2026-Jul-21,336,3,248-249,10.1001/jama.2026.3800,
41872124,Modified Sleep Apnea Severity Index and Cardiovascular Risk in CPAP-Intolerant OSA Patients.,The Laryngoscope,Praneet C Kaki; Jennifer A Goldfarb; Melissa Xu; Daniel J Campbell; Nicole Molin; Erin Creighton; Thomas M Kaffenberger; Maurits Boon; Colin Huntley,2026-Jul,136,7,3262-3270,10.1002/lary.70494,
41847830,Development and Interpretation of a Machine Learning-Based Predictive Model Using Clinical Parameters for Eosinophilic Chronic Rhinosinusitis With Nasal Polyps.,American journal of rhinology & allergy,Longyan Liu; Shufen Pei; Zengping Liu; Yanli Wang; Wenjuan Ding; Yuli Zhao; Yong Li; Xingjian Chen; Wenbin He; Shihong Duan,2026-Jul,40,4,316-326,10.1177/19458924261425834,
41847828,Neurectomy Versus Ablation of Posterior Nasal and Anterior Ethmoidal Nerve for Allergic Rhinitis: A Prospective Randomized Comparative Study.,American journal of rhinology & allergy,Shanshan Zhang; Yihan Chen; Jianhui Zhao; Jun Han; Yibei Wang; Yiding Liu; Jianfeng Liu,2026-Jul,40,4,345-354,10.1177/19458924261429542,
41844284,In Reference to Malnutrition Indicate Poor Clinical Outcome in Patients With NPC: A Multicenter Cohort Study.,The Laryngoscope,Yi Li; Peimei Xing; Haolei Hu,2026-Jul,136,7,E102-E103,10.1002/lary.70498,
41826058,In Response to Malnutrition Indicate Poor Clinical Outcome in Patients With NPC: A Multicenter Cohort Study.,The Laryngoscope,Yumin Wang; Luyuan Zhang; Zhouying Peng,2026-Jul,136,7,E104-E105,10.1002/lary.70497,
41826056,Gene Expression Differences Between Vocal Fold Polyps and Reinke's Edema.,The Laryngoscope,Kamyar Iravani; Negar Azarpira; Mahintaj Dara; Fatemeh Asadian; Kimia Falamarzi; Mohammadreza Akhtari,2026-Jul,136,7,3118-3126,10.1002/lary.70481,
41821171,High Utilizers of MyChart Electronic Patient Portal Messaging in A Head and Neck Surgery Clinic.,The Laryngoscope,Syed Ameen Ahmad; Joon Soo Kim; Sarah Gao; Stefany Lazieh; Wayne Koch; Leila Mady; Carole Fakhry; David Eisele; Nyall R London; Christine G Gourin,2026-Jul,136,7,3013-3019,10.1002/lary.70465,
41814053,Primary Endoscopic Dacryocystorhinostomy in Pediatric Patients: A Systematic Review.,The Laryngoscope,Maya Hatley; Ronald S Wang; Joyce Khandji; Seth M Lieberman; Wenqing Yang; Zahrah M Taufique,2026-Jul,136,7,2876-2886,10.1002/lary.70470,
41807769,Can Intraoperative Cricopharyngeus Muscle Characteristics Be Used to Predict Treatment Success in RCPD?,The Laryngoscope,Esther Lee; Matthew Shneyderman; Isabel Park; Bint-E Z Awan; Steven Bielamowicz,2026-Jul,136,7,3111-3117,10.1002/lary.70478,
41804735,Effects of Pathogenic Bacteria on Postoperative Nasal Function and Risk Factors for Recurrence in Chronic Rhinosinusitis With Nasal Polyps After Endoscopic Sinus Surgery.,American journal of rhinology & allergy,Yan Zhang; Xiaomeng Liu; Bi Qiang; Xianmo Wang,2026-Jul,40,4,279-289,10.1177/19458924261416669,
41804729,"Roles of IFN-γ, IL-17, and Peripheral Blood Neutrophils in Olfactory Dysfunction in Non-Eosinophilic CRSwNP.",American journal of rhinology & allergy,Zhidi Zhang; Qiang Zuo; Hailing Jiang; Yingting Qi; Yinghong Zhang,2026-Jul,40,4,327-336,10.1177/19458924261428330,
41803623,Trends and Outcomes of Foreign-Body Ingestion: National Emergency Department Data Over a Decade.,The Laryngoscope,Hetal Lad; Sally Durant; Kenneth Yan; Rachel Kaye,2026-Jul,136,7,2938-2946,10.1002/lary.70477,
41803079,Predicting SLNB Positivity in Head and Neck Melanoma: A Nomogram and Online Risk Tool.,The Laryngoscope,Felipe Porto-Gutierrez; Brett Campbell; Valentina Montanez-Azcarate; Zoha Syed; Alexa Kacin; Ernest Gomez; Scharukh Jalisi,2026-Jul,136,7,3002-3012,10.1002/lary.70469,
41803073,"Novel Surgical Procedure for Posterior Glottic Stenosis ""Arytenoid Cartilage Mobilization Surgery"".",The Laryngoscope,Koji Matsushima,2026-Jul,136,7,3135-3139,10.1002/lary.70474,
41796981,Cochlear Implant Recipients With Electrodes in the Acoustic Region: Long-Term Hearing Preservation.,The Laryngoscope,Nicholas J Thompson; Kevin D Brown; Emily Buss; Evan P Nix; Andrea B Overton; A Morgan Selleck; Matthew M Dedmon; Margaret T Dillon,2026-Jul,136,7,3203-3210,10.1002/lary.70472,
41795197,Application of Modified Life's Essential 8 Framework in Sleep Surgery Clinic Patients.,The Laryngoscope,Rachel B Kutler; Allison Lin; Paul Trackey; Lauren Zhang; Sanja Jelic; Marie-Pierre St-Onge; Yi Cai,2026-Jul,136,7,3255-3261,10.1002/lary.70476,
41792980,Predictive Factors of Surgical Success in Endoscopic Tympanoplasty for Chronic Otitis Media.,The Laryngoscope,Yuvatiya Plodpai; Nichamon Rienmahasarn; Pattarawadee Prayuenyong,2026-Jul,136,7,3211-3220,10.1002/lary.70479,
41792877,"Attrition in Cochlear Implant Research: Sociodemographic, Audiologic, and Performance Variables.",The Laryngoscope,Amanda D Sloop; Margaret E Richter; Samantha P Scharf; Meredith A Rooth; Kevin D Brown; Margaret T Dillon,2026-Jul,136,7,3195-3202,10.1002/lary.70464,
41789854,Comparative Outcomes of Posterior Nasal Nerve Ablation and Inferior Turbinate Radiofrequency During Septoplasty in Patients with Allergic Rhinitis: A Prospective Study.,American journal of rhinology & allergy,Enes Dogan; Serdar Özer,2026-Jul,40,4,337-344,10.1177/19458924261428331,
41786653,Utility of Unified Spasmodic Dysphonia Rating Scale for Adductor Type Laryngeal Dystonia (AdLD).,The Laryngoscope,Camryn R Marshall; Sarah L Schneider; Sky T Yang; Clark A Rosen; VyVy N Young,2026-Jul,136,7,3046-3052,10.1002/lary.70471,
41786466,Machine Learning of Acoustic Voice Outcomes in Idiopathic Subglottic Stenosis.,The Laryngoscope,Ioan A Lina; Raymond J So; Kevin M Motz; Samuel Collins; Anthony Law; Alexander T Hillel,2026-Jul,136,7,2931-2937,10.1002/lary.70459,
41783957,How I Do It: A Stepwise Surgical Technique for Fisch Class B Glomus Tympanicum.,The Laryngoscope,Stéphane Gargula; Dario Ebode; Denis Ayache; Thomas Radulesco; Mary Daval; Giannicola Ianella; Maria-Pia Tuset; Ralph Haddad; Justin Michel,2026-Jul,136,7,3225-3228,10.1002/lary.70467,
41781265,ALK-Positive Histiocytosis of the Pediatric Subglottic Airway.,The Laryngoscope,Richard J Lu; David Liao; Madeleine A Drusin,2026-Jul,136,7,3237-3239,10.1002/lary.70462,
41781032,Roles of Speed vs. Inhibition-Concentration in Speech Recognition of Mandarin Cochlear Implant Users.,The Laryngoscope,Zhuoyi Chen; Xiayin Huang; Haini Lin; Hanxin Chen; Minqian Gao; Haihong Lai; Xin Xi; Haidi Yang,2026-Jul,136,7,3185-3194,10.1002/lary.70450,
41781009,Systemic Immunosuppression to Reduce Surgical Intervention in ANCA-Negative Subglottic Stenosis.,The Laryngoscope,Guy Benshetrit; Stephen McAdoo; Romana Kuchai; Charles Pusey; Guri Sandhu; Chadwan Al-Yaghchi,2026-Jul,136,7,3103-3110,10.1002/lary.70466,
41778677,Effect of Comorbid Dysautonomia on Postoperative Complications in Sinonasal Surgery.,American journal of rhinology & allergy,Emaan Dawood; Arman Saeedi; Theodore A Schuman,2026-Jul,40,4,262-268,10.1177/19458924251413870,
41748426,Pedicled Inferior Turbinate-Nasal Floor and Septal Mucoperiosteal Flap Resurfacing for PRNN.,The Laryngoscope,Yu-Tong Liu; Heng-Yu Ren; Zhao-Di Yuan; Shi-Qian Song; Qin Wang; Jian-Zhong Zhang; Rui-Chao Zou; Zheng-Kai Feng; Wen-Bin Wu; Meng-Qi Long; Yue-Rong Long; Da-Song Zha; Ling-Han Meng; Xiao-Yi Song; Ji-Jin Yao; Tian-Ze Liu; Shao-Yi Chen; Ying-Peng Peng; Rui You; Ming-Yuan Chen; You-Ping Liu,2026-Jul,136,7,2971-2978,10.1002/lary.70430,
41735768,Airway Involvement in Conradi-Hünermann-Happle Syndrome: A Novel Clinical Manifestation.,The Laryngoscope,Enrique G Villarreal; Jackie Chiang; Evan J Propst; Nikolaus E Wolter,2026-Jul,136,7,3240-3245,10.1002/lary.70463,
41730806,Early Spectral Resolution Predicts Later Speech Recognition in Adult Cochlear Implant Recipients.,The Laryngoscope,Katelyn A Berg; Jillian B Roberts; Michael Z Burchesky; René H Gifford,2026-Jul,136,7,3155-3164,10.1002/lary.70383,
41730787,Endoscopic-Assisted Posterior Partial Maxillectomy With Resection of the Tensor Veli Palatini.,The Laryngoscope,Masahiro Kikuchi; Seiji Oyagi; Takuya Yamamoto; Tomoko Kubo; Norio Yamamoto,2026-Jul,136,7,3020-3026,10.1002/lary.70455,
41724906,From Expectations to Experience: A Comparison of Program Director Priorities to Resident Case Logs.,The Laryngoscope,Taylor S Erickson; Yoon Soo Park; Sean Hogan; Sophie Yu; Steven D Pletcher; Sonya Malekzadeh; Stacey T Gray; Jenny X Chen,2026-Jul,136,7,2954-2962,10.1002/lary.70443,
41724718,Vocal Fold Atrophy in an Alzheimer's Disease Rat Model.,The Laryngoscope,Stephen Leong; Carson S Miller; Guzal Shukur; Zaroug Jaleel; Mahdi Al-Ghezi; David J Perkel; Neel K Bhatt,2026-Jul,136,7,3027-3033,10.1002/lary.70433,
41718509,The Patient Perspective of Living With Recurrent Respiratory Papillomatosis.,The Laryngoscope,Sara I Pai; Walter Ochieng; Nancy Hedlund; Amanda Martino; Neha Chohan; Mir Pawlak; Edith Morais; Kim McClellan,2026-Jul,136,7,3067-3078,10.1002/lary.70412,
41717884,Cost Utility Analysis of Fluticasone Exhalation Delivery System Versus Budesonide Nasal Irrigation for Chronic Rhinosinusitis With Nasal Polyps.,International forum of allergy & rhinology,Daniel Xiao; Martin J Citardi; William C Yao; Amber U Luong,2026-Jul,16,7,689-694,10.1002/alr.70121,
41699889,Computer Vision Model to Detect and Classify Laryngomalacia From Pediatric Video Nasolaryngoscopy.,The Laryngoscope,Yasmine Madan; Zeyna Nida Copty; Zejia Chen; Karan S Chahal; Paul Esemu-Ezewu; Nikolaus E Wolter; Evan J Propst; Clyde Matava; Jennifer M Siu,2026-Jul,136,7,3229-3236,10.1002/lary.70439,
41699868,Effects of Mesenchymal Stem Cell-Derived Exosomes on Lung Inflammation in a Murine Aspiration Model.,The Laryngoscope,Nogah Nativ-Zeltzer; Rumi Ueha; Johnathon D Anderson; Yuval Nachalon; Denise M Imai; Peter C Belafsky,2026-Jul,136,7,3097-3102,10.1002/lary.70446,
41699861,Recurrent Maxillary Ameloblastoma Presenting as an External Auditory Canal Mass.,The Laryngoscope,Bailey H Duhon; Adel K El-Naggar; Jeffrey N Myers; William H Morrison; Franco DeMonte; Paul W Gidley,2026-Jul,136,7,3221-3224,10.1002/lary.70447,
41699443,Use of Machine Learning and 71-Plex Immune Mediator Analysis to Identify Nasal Mucus Biomarkers Associated With Olfactory Loss in Patients with CRSwNP.,American journal of rhinology & allergy,Jason Cory Brunson; Anil Patel; Sufiya Ali; Maria Villanueva; Jeb M Justice; Brian C Lobo; Nikita Chapurin; Carl Atkinson; Jennifer K Mulligan,2026-Jul,40,4,290-300,10.1177/19458924261418539,
41699192,COVID-19 Infection Increases the Risk of Subsequent Diagnosis of Chronic Rhinosinusitis.,The Laryngoscope,Zachary Whong; Avni Malik; Alyssa N Calder; Michael F Armstrong; Theodore A Schuman,2026-Jul,136,7,2925-2930,10.1002/lary.70444,
41693579,Effects of Deep Brain Stimulation on Adductor Laryngeal Dystonia.,The Laryngoscope,Rita R Patel; Maggie Stall; Stacey Halum; Benjamin Anthony; Noah Parker; Morgan Reese; David Kareken; Stephanie Dickinson; Thomas C Witt; David A Purger; Kunal Gupta; S Elizabeth Zauber,2026-Jul,136,7,3085-3096,10.1002/lary.70441,
41693119,Patient Report Versus Instrumental Measurement of Voice Use During Postsurgical Voice Rest.,The Laryngoscope,Marianna Rubino; Ruiqing 'Stephanie' Fan; Paulina A Kulesz; Yin Yiu; Abigail Dueppen; Teresa Procter; Maurice E Goodwin; Apurva A Thekdi; Ashwini Joshi,2026-Jul,136,7,3079-3084,10.1002/lary.70432,
41686524,"Effect of Budesonide Nasal Irrigation in Patients With Chronic Rhinosinusitis With Nasal Polyps Without Prior Sinus Surgery: A Randomized, Double-Blind, Placebo-Controlled Study.",International forum of allergy & rhinology,Juliana Sant'Ana; Isabela Pontes; Caio Floriano; Renato Rios; Marlos Cortez; Marcel Miyake,2026-Jul,16,7,681-688,10.1002/alr.70112,
41685693,Adherence to Dental Care in Head and Neck Cancer Patients Post-Radiation Therapy: A Scoping Review.,The Laryngoscope,Yasmin Eltawil; Kennedy Johnson; Yousef Alqasieer; Armita Norouzi; Yilin Piao; Danielle Gillard; Alyssa Civantos; Kwang Kim; Jason Chan; Sue S Yom; Megan L Durr; Shauna Brodie; Sydnee Chavis; Michelle Chen; Mary Jue Xu,2026-Jul,136,7,2856-2867,10.1002/lary.70435,
41685670,Laryngeal Chondrosarcoma: A SEER Database Analysis.,The Laryngoscope,Ritu V Bhalerao; Ashton Huppert Steed; James Kelbert; Justin M Hintze; David G Lott; Ameya A Jategaonkar,2026-Jul,136,7,3034-3038,10.1002/lary.70442,
41665481,Associations of AI-Based Facial Metrics With Patient-Reported Outcomes in Idiopathic Facial Paralysis.,The Laryngoscope,Angela Renne; Jeffrey Heaton; Kofi DO Boahene,2026-Jul,136,7,2991-3001,10.1002/lary.70417,
41654324,Clinical Features and Dental Pathologies in Maxillary Sinus Fungal Balls and Odontogenic Sinusitis.,The Laryngoscope,Eunice Im; Lane Donaldson; Avraham Adelman; Nithin D Adappa; Yi-Wei Chen; Nikita Chapurin; Jennifer E Douglas; Glen E D'Souza; Jacob Eide; Maria Espinosa; Chia-Hsiang Fu; Meha G Fox; Rohit Garg; Edward C Kuan; Michael A Kohanski; Marta Kwiatkowska; Kevin Li; Derek H Liu; Tran Bao Locke; Chih-Feng Lin; Chadi Makary; Alice Ottavi; Peter Papagiannopoulos; James N Palmer; Charles C L Tong; Bobby A Tajudeen; Sanjena Venkatesh; Kimberly Wei; Frederick Yoo; Alison J Yu; Jun Jin; Alberto M Saibene; John R Craig,2026-Jul,136,7,2913-2924,10.1002/lary.70429,
41654323,Olfactory Bulb Volume and Function Recovery in Eosinophilic Chronic Rhinosinusitis.,The Laryngoscope,Keisuke Yamamoto; Masaki Abukawa; Tsuyoshi Okuni; Mitsuhiro Nakanishi; Yuki Sakurai; Naoya Yama; Noriko Ogasawara; Ryuta Kamekura; Kenichi Takano,2026-Jul,136,7,2900-2912,10.1002/lary.70415,
41654321,Landmark-Guided Percutaneous Tracheostomy Without Visualization in Resource-Limited Settings.,The Laryngoscope,Oh-Hyeong Lee; Sang-Yeon Kim; Dong-Il Sun; Bo Yun Choi; Jiwoo Kim; Jun-Ook Park,2026-Jul,136,7,3127-3134,10.1002/lary.70397,
41649410,Rationale of New Grading System: Central Compartment Atopic Disease.,International forum of allergy & rhinology,Ramón Moreno-Luna; Carmen Palma-Martínez; Serafin Sánchez-Gómez; Isam Alobid; Daniel Martin-Jimenez; José Miguel Villacampa-Aubá; Christian Calvo-Henríquez; Alfonso Del Cuvillo; Alfonso Santamaría-Gadea; Jaime González-García; Richard J Harvey; John M DelGaudio,2026-Jul,16,7,670-680,10.1002/alr.70114,
41649396,Moderate to Vigorous Physical Activity and Chronic Rhinosinusitis Risk: A Longitudinal Fitbit Study.,International forum of allergy & rhinology,Heli Majeethia; Aakash Agarwal; Ahmed Abdou; Jagan Dwarampudi; Justina Varghese; Renjie Hu; Zain Mehdi; Tania Banerjee; Vivek Pandrangi; Arthur Wu; Dennis Tang; Masayoshi Takashima; Omar G Ahmed,2026-Jul,16,7,661-669,10.1002/alr.70113,
41649094,The Automated Vestibular Rehabilitation System: Normative Data From a Machine Vision-Guided Platform.,The Laryngoscope,Erin Williams; Felipe Echeverri Tribin; Luis Rodriguez Diaz; Valerie Yunis; Devin Kennedy; Blaine Ayotte; Christopher McKenna; Odile Clavier; Michael Hoffer,2026-Jul,136,7,3140-3145,10.1002/lary.70425,
41649076,Factors Affecting Outcomes in Anterior Cervical Spine Surgery.,The Laryngoscope,Nana-Hawwa Abdul-Rahman; Hansen Deng; Jonathan Goulazian; Cynthia McMahan; Peter C Gerszten; Carl H Snyderman,2026-Jul,136,7,2963-2970,10.1002/lary.70408,
41649006,Current Evidence of the Effect of Breastfeeding on Ear Molding Outcomes: A Scoping Review.,The Laryngoscope,Harry Chiang; Samuel R Shing; Peggy Su-Genyk; Lilun Li; Kelvin Kwong; Joseph B Vella,2026-Jul,136,7,2868-2875,10.1002/lary.70413,
41645937,Transverse Cordotomy With Medial Arytenoidectomy Effectively Treats Bilateral Vocal Fold Immobility.,The Laryngoscope,Jonathan D West; Jaynelle Gao; Ryan Chung; Michael M Johns; Karla O'Dell,2026-Jul,136,7,3039-3045,10.1002/lary.70421,
41645583,Infracordal Stenosis: A Glucocorticoid-Responsive Subtype of Autoimmune Laryngotracheal Stenosis.,The Laryngoscope,Brendan Denvir; Bridget Burgess; Kevin Motz; Simon R A Best; Lee M Akst; Brendan Antiochos; Philip Seo; Alexander T Hillel,2026-Jul,136,7,3059-3066,10.1002/lary.70418,
41642877,Factors Impacting Adherence to Saline Nasal Irrigation Treatment in an Urban Population.,American journal of rhinology & allergy,Raena Greenbaum; Anusha Ponduri; Manish Bhatta; Anastasia Fotis; Carolyn Rachofsky; Alice Lee; Nadeem Akbar; Patrick Colley; Christina H Fang,2026-Jul,40,4,309-315,10.1177/19458924261420337,
41639603,The Head Mirror: How This Otolaryngological Instrument Became the Symbol for Physicians.,The Laryngoscope,Summer Xu; Daniel Russo; Todd Falcone,2026-Jul,136,7,2887-2892,10.1002/lary.70401,
41636139,"Bleeding, Clotting, and Flap Failures: Management of Blood Thinners in Head & Neck Free Flaps.",The Laryngoscope,Megan Gillespie; Dylan Hood; Alok Kumar Dwivedi; Tabitha Galloway; Patrick Tassone,2026-Jul,136,7,2979-2990,10.1002/lary.70405,
41636101,Preoperative Dacryo-CT Parameters as Predictors of Restenosis After Endoscopic DCR.,The Laryngoscope,Sante De Santis; Stefania Galassi; Jacopo Cambi,2026-Jul,136,7,2893-2899,10.1002/lary.70409,
41614236,Objective Assessment of Laryngopharyngeal Reflux in Laryngeal Contact Granuloma.,The Laryngoscope,Hyun Jee Lee; Seung Yup Son; Su Il Kim; Young Chan Lee; Seong-Gyu Ko; Young-Gyu Eun,2026-Jul,136,7,3053-3058,10.1002/lary.70407,
41589812,Reduced Numbers of Blood Dendritic Cell Antigen 3 Positive Dendritic Cells in the Nasal Mucosa Contribute to Severe Inflammation in Patients with Allergic Rhinitis and Chronic Rhinosinusitis.,American journal of rhinology & allergy,Dahee Shim; Tae-Gyun Kim; Yeeun Bak; Hyung-Ju Cho; Chang-Hoon Kim; Joo-Heon Yoon; Sang Chul Park,2026-Jul,40,4,269-278,10.1177/19458924261416572,
41588740,Prevalence and Polysomnographic Features of Obstructive Sleep Apnea in Childhood Obesity.,The Laryngoscope,Hanna Y Gedamu; Seckin O Ulualp; Anna Wani; A Claire Chapel; Felicity Lenes-Voit; Ron B Mitchell,2026-Jul,136,7,3246-3254,10.1002/lary.70394,
41582773,Impact of Residency Interview Format on Assessment of Otolaryngology Applicants.,The Laryngoscope,Robert M Frederick; Taylor S Erickson; Isaac Solomon; Aileen Dowden; Dana Dunleavy; Eric Dobratz; Steven D Pletcher,2026-Jul,136,7,2947-2953,10.1002/lary.70390,
41574579,Altered Glymphatic Function in Tinnitus: Associations With Cognition and Effects of rTMS.,The Laryngoscope,Weijie Ye; Yinjuan Du; Shuo Li; Qianhui Xu; Zihuai Fang; Jin-Jing Xu; Hong Zhang; Richard Salvi; Yu-Chen Chen; Yuexin Cai,2026-Jul,136,7,3165-3175,10.1002/lary.70384,
41562339,Balloon Dilation With Tympanostomy Enhances Outcomes in Adult Chronic Otitis Media With Effusion.,The Laryngoscope,Mingxuan Wu; Mengdi Zhang; Yan Chen; Yufei Wang; Wenquan Li; Wenyan Li,2026-Jul,136,7,3176-3184,10.1002/lary.70385,
41562332,Robotic-Assisted Electrode Array Insertion Improves Stability of Acoustic Hearing Thresholds.,The Laryngoscope,Uzair A Khan; Rachel A Scheperle; Grant Podhajsky; Meggan J Lind; Camille C Dunn; Alexander D Claussen; Bruce J Gantz; Marlan R Hansen,2026-Jul,136,7,3146-3154,10.1002/lary.70380,
40919750,What Is the Role of Immunotherapy in Patients With Cutaneous Squamous Cell Carcinoma?,The Laryngoscope,Shaum Sridharan; Kevin J Contrera; Seungwon Kim; Matthew E Spector; Jessica H Maxwell,2026-Jul,136,7,2852-2853,10.1002/lary.70118,
40906539,What Is the Role of Circulating Tumor DNA in Patients With HPV-Related Oropharyngeal Cancer?,The Laryngoscope,Chelsea A Gelboin-Burkhart; Kevin J Contrera; Matthew E Spector; Jessica H Maxwell,2026-Jul,136,7,2847-2849,10.1002/lary.70088,
40899436,Does Early Laser Treatment of Capillary Malformations Lead to More Favorable Outcomes?,The Laryngoscope,Larkin Harris; Reema Padia,2026-Jul,136,7,2854-2855,10.1002/lary.70099,
40888472,Triological Society Best Practice: When Are Surgical Drains Indicated in Head and Neck Surgery?,The Laryngoscope,Bridget Ebert; Liam Gallagher; Chelsea Gelboin-Burkhart; Samir S Khariwala,2026-Jul,136,7,2850-2851,10.1002/lary.70095,
40814726,Is There Utility in Testing Pathologic Specimen for HPV in Sinonasal Inverted Papilloma?,The Laryngoscope,Jacquelyn K Callander; Zara M Patel,2026-Jul,136,7,2842-2846,10.1002/lary.70053,
